Report ID,Report Version,Reporting Entity,Report Type,Report Month,Report Year,Report Submission Date,VIN,VIN - Unknown,Serial Number,Make,Model,Model - Unknown,Model Year,Model Year - Unknown,Same Vehicle ID,Mileage,Mileage - Unknown,Driver / Operator Type,ADAS/ADS System Version,ADAS/ADS System Version - Unk,ADAS/ADS System Version CBI,ADAS/ADS Hardware Version,ADAS/ADS Hardware Version - Unk,ADAS/ADS Hardware Version CBI,ADAS/ADS Software Version,ADAS/ADS Software Version - Unk,ADAS/ADS Software Version CBI,Other Reporting Entities?,Other Reporting Entities? - Unk,Other Reporting Entities? - NA,Federal Regulatory Exemption?,Other Federal Reg. Exemption,Federal Reg. Exemption - Unk,Federal Reg. Exemption - No,State or Local Permit?,State or Local Permit,ADS Equipped?,Automation System Engaged?,Operating Entity,Operating Entity - Unknown,Source - Complaint/Claim,Source - Telematics,Source - Law Enforcement,Source - Field Report,Source - Testing,Source - Media,Source - Other,Source - Other Text,Incident Date,Incident Date - Unknown,Notice Received Date,Incident Time (24:00),Incident Time - Unknown,Same Incident ID,Latitude,Latitude - Unknown,Longitude,Longitude - Unknown,Address,Address - Unknown,City,City - Unknown,State,Zip Code,Zip Code - Unknown,Roadway Type,Roadway Surface,Roadway Description,Posted Speed Limit (MPH),Posted Speed Limit - Unknown,Lighting,Weather - Clear,Weather - Snow,Weather - Cloudy,Weather - Fog/Smoke,Weather - Rain,Weather - Severe Wind,Weather - Unknown,Weather - Other,Weather - Other Text,Crash With,Highest Injury Severity Alleged,Property Damage?,CP Pre-Crash Movement,CP Any Air Bags Deployed?,CP Was Vehicle Towed?,CP Contact Area - Rear Left,CP Contact Area - Left,CP Contact Area - Front Left,CP Contact Area - Rear,CP Contact Area - Top,CP Contact Area - Front,CP Contact Area - Rear Right,CP Contact Area - Right,CP Contact Area - Front Right,CP Contact Area - Bottom,CP Contact Area - Unknown,SV Pre-Crash Movement,SV Any Air Bags Deployed?,SV Was Vehicle Towed?,SV Were All Passengers Belted?,SV Precrash Speed (MPH),SV Pre-crash Speed - Unknown,SV Contact Area - Rear Left,SV Contact Area - Left,SV Contact Area - Front Left,SV Contact Area - Rear,SV Contact Area - Top,SV Contact Area - Front,SV Contact Area - Rear Right,SV Contact Area - Right,SV Contact Area - Front Right,SV Contact Area - Bottom,SV Contact Area - Unknown,Data Availability - EDR,Data Availability - Police Rpt,Data Availability - Telematics,Data Availability - Complaints,Data Availability - Video,Data Availability - Other,Data Availability - No Data,Data Availability - Unknown,Law Enforcement Investigating?,Investigating Agency,Investigating Agency - Unknown,Rep Ent Or Mfr Investigating?,Investigating Officer Name,Inv. Officer Name - Unknown,Investigating Officer Phone,Inv. Officer Phone - Unknown,Investigating Officer Email,Inv. Officer Email - Unknown,Within ODD?,Within ODD? - CBI,Narrative,Narrative - CBI?
30270-7021,1,Waymo LLC,Monthly,12,2023,JAN-2024,SADHW2S19M1, ,N/A,Jaguar,I-Pace, ,2021, ,ada18c60b810838,83225, ,None,5th Generation ADS, , ,5th Generation, , ,Version 8, , ,, ,Y,,, ,Y,Yes (specify below),"CA DMV, CA PUC						",Yes,ADS,Waymo LLC, , ,Y, , , , , ,,DEC-2023, ,DEC-2023,23:48, ,e9fffa5a3e1bdde,[MAY CONTAIN PERSONALLY IDENTIFIABLE INFORMATION], ,[MAY CONTAIN PERSONALLY IDENTIFIABLE INFORMATION], ,[MAY CONTAIN PERSONALLY IDENTIFIABLE INFORMATION], ,San Francisco, ,CA ,[MAY CONTAIN PERSONALLY IDENTIFIABLE INFORMATION], ,Street,Dry,No Unusual Conditions,25, ,Dark - Lighted,Y, , , , , , , ,,SUV,No Injuries Reported,Yes,Proceeding Straight,No,No,Y, , , , , , , , , , ,Stopped,No,No,No Passengers in Vehicle,0, ,Y, , , , , , , , , , , , ,Y, ,Y,Y, , ,No,, ,Yes,, ,, ,, ,Yes, ,"On December [XXX], 2023 at 11:48 PM PT a Waymo Autonomous Vehicle (Waymo AV) operating in San Francisco, California was in a collision involving an SUV on [XXX] near [XXX].  
The Waymo AV was traveling southbound on [XXX] when it came to a stop to pick up a passenger. As an oncoming SUV proceeded straight past the Waymo AV, the drivers side rear of the SUV made contact with the drivers side rear of the Waymo AV. At the time of the impact, the Waymo AVs Level 4 ADS was engaged in autonomous mode. The Waymo AV sustained damage. 
Waymo is reporting this crash under Request No. 2 of Standing General Order 2021-01. Waymo may supplement or correct its reporting with additional information as it may become available.",
30270-7020,1,Waymo LLC,Monthly,12,2023,JAN-2024,SADHW2S1XM1, ,N/A,Jaguar,I-Pace, ,2021, ,91d45c9bac07dec,104891, ,None,5th Generation ADS, , ,5th Generation, , ,Version 8, , ,, ,Y,,, ,Y,Yes (specify below),ADOT						,Yes,ADS,Waymo LLC, , ,Y, , , , , ,,DEC-2023, ,DEC-2023,16:32, ,ba7282020c2e5be,[MAY CONTAIN PERSONALLY IDENTIFIABLE INFORMATION], ,[MAY CONTAIN PERSONALLY IDENTIFIABLE INFORMATION], ,[MAY CONTAIN PERSONALLY IDENTIFIABLE INFORMATION], ,Tempe, ,AZ ,[MAY CONTAIN PERSONALLY IDENTIFIABLE INFORMATION], ,Parking Lot,Dry,No Unusual Conditions,15, ,Daylight,Y, , , , , , , ,,SUV,No Injuries Reported,Yes,Backing,No,No,Y, , , , , , , , , , ,Stopped,No,No,Yes,0, ,Y, , ,Y, , ,Y, , , , , , ,Y, ,Y,Y, , ,No,, ,Yes,, ,, ,, ,Yes, ,"On December [XXX], 2023 at 4:32 PM PT a Waymo Autonomous Vehicle (Waymo AV) operating in Tempe, Arizona was in a collision involving an SUV inside a parking lot on [XXX] near [XXX].  
The Waymo AV was stopped near the entrance of the parking lot, yielding to pedestrians crossing in front of it, when an SUV that was parked in a parking spot to the right of the Waymo AV began reversing. The drivers side rear of the SUV then made contact with the rear of the Waymo AV. At the time of the impact, the Waymo AVs Level 4 ADS was engaged in autonomous mode. The Waymo AV sustained damage. 
Waymo is reporting this crash under Request No. 2 of Standing General Order 2021-01. Waymo may supplement or correct its reporting with additional information as it may become available.",
30270-7019,1,Waymo LLC,Monthly,12,2023,JAN-2024,SADHW2S12M1, ,N/A,Jaguar,I-Pace, ,2021, ,c8454da57daa01c,74294, ,None,5th Generation ADS, , ,5th Generation, , ,Version 8, , ,, ,Y,,, ,Y,Yes (specify below),"CA DMV, CA PUC						",Yes,ADS,Waymo LLC, , ,Y, , , , , ,,DEC-2023, ,DEC-2023,17:09, ,3f6bf1a67e188d4,[MAY CONTAIN PERSONALLY IDENTIFIABLE INFORMATION], ,[MAY CONTAIN PERSONALLY IDENTIFIABLE INFORMATION], ,[MAY CONTAIN PERSONALLY IDENTIFIABLE INFORMATION], ,San Francisco, ,CA ,[MAY CONTAIN PERSONALLY IDENTIFIABLE INFORMATION], ,Street,Wet,No Unusual Conditions,25, ,Dawn / Dusk, , ,Y, , , , , ,,Passenger Car,No Injuries Reported,Yes,Changing Lanes,No,No, , ,Y, , ,Y, , , , , ,Proceeding Straight,No,No,Yes,12, , , , ,Y, , ,Y, , , , , , ,Y, ,Y,Y, , ,No,, ,Yes,, ,, ,, ,Yes, ,"On December [XX], 2023 at 5:09 PM PT a Waymo Autonomous Vehicle (Waymo AV) operating in San Francisco, California was in a collision involving a passenger car on [XXX] near [XXX].  
The Waymo AV was traveling in the leftmost lane of southbound [XXX] when it began to brake as vehicles ahead of it slowed to make unprotected left turns onto eastbound [XXX]. A passenger car that had been traveling in the right adjacent lane behind the Waymo AV initiated a left lane change, and the front of the passenger car made contact with the rear of the Waymo AV. At the time of the impact, the Waymo AVs Level 4 ADS was engaged in autonomous mode. Both vehicles sustained damage. 
Waymo is reporting this crash under Request No. 2 of Standing General Order 2021-01. Waymo may supplement or correct its reporting with additional information as it may become available.",
30270-7018,1,Waymo LLC,Monthly,12,2023,JAN-2024,SADHW2S18M1, ,N/A,Jaguar,I-Pace, ,2021, ,9b58c96904cb338,95560, ,None,5th Generation ADS, , ,5th Generation, , ,Version 8, , ,, ,Y,,, ,Y,Yes (specify below),ADOT						,Yes,ADS,Waymo LLC, , ,Y, , , , , ,,DEC-2023, ,DEC-2023,14:00, ,1133293c787a8f2,[MAY CONTAIN PERSONALLY IDENTIFIABLE INFORMATION], ,[MAY CONTAIN PERSONALLY IDENTIFIABLE INFORMATION], ,[MAY CONTAIN PERSONALLY IDENTIFIABLE INFORMATION], ,Phoenix, ,AZ ,[MAY CONTAIN PERSONALLY IDENTIFIABLE INFORMATION], ,Street,Dry,No Unusual Conditions,25, ,Daylight,Y, , , , , , , ,,Pickup Truck,No Injuries Reported,Yes,Backing,No,No,Y, , , , , , , , , , ,Parked,No,No,No Passengers in Vehicle,0, , ,Y, , , , , , , , , , , ,Y, ,Y,Y, , ,Yes,Phoenix PD, ,Yes,,Y,,Y,,Y,Yes, ,"On December [XXX], 2023 at 2:00 PM PT a Waymo Autonomous Vehicle (Waymo AV) operating in Phoenix, Arizona was in a collision involving a pickup truck on [XXX] near [XXX]. 
The Waymo AV was parked at the curb on the right side of [XXX] when a pickup truck that had been previously parked in the driveway on the opposite side of the street began reversing and reversed into the drivers side door of the Waymo AV. At the time of the impact, the Waymo AVs Level 4 ADS was engaged in autonomous mode. The Waymo AV sustained damage.
Waymo is reporting this crash under Request No. 2 of Standing General Order 2021-01. Waymo may supplement or correct its reporting with additional information as it may become available.",
30270-7017,1,Waymo LLC,Monthly,12,2023,JAN-2024,SADHW2S11M1, ,N/A,Jaguar,I-Pace, ,2021, ,71998e873ad6c5e,99143, ,None,5th Generation ADS, , ,5th Generation, , ,Version 8, , ,, ,Y,,, ,Y,Yes (specify below),ADOT						,Yes,ADS,Waymo LLC, , ,Y, , , , , ,,DEC-2023, ,DEC-2023,22:48, ,bb9a30cf149ffe9,[MAY CONTAIN PERSONALLY IDENTIFIABLE INFORMATION], ,[MAY CONTAIN PERSONALLY IDENTIFIABLE INFORMATION], ,[MAY CONTAIN PERSONALLY IDENTIFIABLE INFORMATION], ,Phoenix, ,AZ ,[MAY CONTAIN PERSONALLY IDENTIFIABLE INFORMATION], ,Intersection,Dry,No Unusual Conditions,30, ,Dark - Lighted,Y, , , , , , , ,,Passenger Car,No Injuries Reported,Yes,Proceeding Straight,No,No, , ,Y, , , , , , , , ,Proceeding Straight,No,No,Yes,13, , , , , , , ,Y, , , , , , ,Y, ,Y,Y, , ,No,, ,Yes,, ,, ,, ,Yes, ,"On December [XXX], 2023 at 10:48 PM PT a Waymo Autonomous Vehicle (Waymo AV) operating in Phoenix, Arizona was in a collision involving a passenger car on [XXX] at [XXX]. 
The Waymo AV was traveling southbound on [XXX] when it began to brake for a red light as it approached the intersection of [XXX] . The passenger car that was traveling directly behind the Waymo AV then made contact with the rear of the Waymo AV. At the time of the impact, the Waymo AVs Level 4 ADS was engaged in autonomous mode. Both vehicles sustained damage. 
Waymo is reporting this crash under Request No. 2 of Standing General Order 2021-01. Waymo may supplement or correct its reporting with additional information as it may become available.",
30270-7015,1,Waymo LLC,Monthly,12,2023,JAN-2024,SADHW2S1XM1, ,N/A,Jaguar,I-Pace, ,2021, ,470966f7d4acb58,62115, ,None,5th Generation ADS, , ,5th Generation, , ,Version 8, , ,, ,Y,,, ,Y,Yes (specify below),"CA DMV, CA PUC						",Yes,ADS,Waymo LLC, , ,Y, , , , , ,,DEC-2023, ,DEC-2023,12:18, ,26fbd8338d4072c,[MAY CONTAIN PERSONALLY IDENTIFIABLE INFORMATION], ,[MAY CONTAIN PERSONALLY IDENTIFIABLE INFORMATION], ,[MAY CONTAIN PERSONALLY IDENTIFIABLE INFORMATION], ,San Francisco, ,CA ,[MAY CONTAIN PERSONALLY IDENTIFIABLE INFORMATION], ,Intersection,Dry,No Unusual Conditions,25, ,Daylight, , ,Y, , , , , ,,Heavy Truck,No Injuries Reported,Yes,Backing,No,No, , , , , , , ,Y, , , ,Stopped,No,No,No Passengers in Vehicle,0, , , , , , ,Y, , , , , , , ,Y, ,Y,Y, , ,No,, ,Yes,, ,, ,, ,Yes, ,"On December [XXX], 2023 at 12:18 PM PT a Waymo Autonomous Vehicle (Waymo AV) operating in San Francisco, California was in a collision involving a heavy truck on [XXX] at [XXX]. 
The Waymo AV was making a left turn from a dedicated left turn lane on [XXX] into the rightmost lane of two lanes in the southwest-bound direction of [XXX]. A heavy truck was making the same left turn in front of the Waymo AV. The heavy truck had made the turn onto [XXX] and was partially in the rightmost lane and partially in the leftmost lane of southwest-bound [XXX] when the Waymo AV initiated its left turn into the rightmost lane on southwest-bound [XXX] and came to a stop just after entering the rightmost lane because the heavy truck had come to a stop. While the Waymo AV remained stopped, the heavy truck began to reverse and then made contact with the front of the Waymo AV. At the time of the impact, the Waymo AVs Level 4 ADS was engaged in autonomous mode. The Waymo AV sustained damage. 
Waymo is reporting this crash under Request No. 2 of Standing General Order 2021-01. Waymo may supplement or correct its reporting with additional information as it may become available.",
30270-7014,1,Waymo LLC,Monthly,12,2023,JAN-2024,SADHW2S11M1, ,N/A,Jaguar,I-Pace, ,2021, ,6827f44b572e4b2,56694, ,None,5th Generation ADS, , ,5th Generation, , ,Version 8, , ,, ,Y,,, ,Y,Yes (specify below),"CA DMV, CA PUC						",Yes,ADS,Waymo LLC, , ,Y, , , , , ,,DEC-2023, ,DEC-2023,13:46, ,54f6fdc5f9697d5,[MAY CONTAIN PERSONALLY IDENTIFIABLE INFORMATION], ,[MAY CONTAIN PERSONALLY IDENTIFIABLE INFORMATION], ,[MAY CONTAIN PERSONALLY IDENTIFIABLE INFORMATION], ,San Francisco, ,CA ,[MAY CONTAIN PERSONALLY IDENTIFIABLE INFORMATION], ,Street,Dry,No Unusual Conditions,25, ,Daylight, , ,Y, , , , , ,,Passenger Car,No Injuries Reported,Yes,Making Left Turn,No,No, ,Y, , , , , , , , , ,Parked,No,No,No Passengers in Vehicle,0, , , , , , ,Y, , , , , , , ,Y, ,Y,Y, , ,No,, ,Yes,, ,, ,, ,Yes, ,"On December [XXX], 2023 at 1:46 PM PT a Waymo Autonomous Vehicle (Waymo AV) operating in San Francisco, California was in a collision involving a passenger car on [XXX] near [XXX]. 
The Waymo AV was parked on eastbound [XXX] near the entrance to a parking garage on its right side. As a passenger car that was exiting the parking garage made a left turn, the drivers side of the passenger car made contact with the front of the Waymo AV. At the time of the impact, the Waymo AVs Level 4 ADS was engaged in autonomous mode. Both vehicles sustained damage and the passenger car left the scene without exchanging information.  
Waymo is reporting this crash under Request No. 2 of Standing General Order 2021-01. Waymo may supplement or correct its reporting with additional information as it may become available.",
30270-7013,1,Waymo LLC,Monthly,12,2023,JAN-2024,SADHW2S18M1, ,N/A,Jaguar,I-Pace, ,2021, ,2c7a9a00277e615,93672, ,None,5th Generation ADS, , ,5th Generation, , ,Version 8, , ,, ,Y,,, ,Y,Yes (specify below),ADOT						,Yes,ADS,Waymo LLC, , ,Y, , , , , ,,DEC-2023, ,DEC-2023,10:25, ,84b52164fe6e8ab,[MAY CONTAIN PERSONALLY IDENTIFIABLE INFORMATION], ,[MAY CONTAIN PERSONALLY IDENTIFIABLE INFORMATION], ,[MAY CONTAIN PERSONALLY IDENTIFIABLE INFORMATION], ,Phoenix, ,AZ ,[MAY CONTAIN PERSONALLY IDENTIFIABLE INFORMATION], ,Street,Dry,No Unusual Conditions,40, ,Daylight,Y, , , , , , , ,,Pickup Truck,No Injuries Reported,Yes,"Other, see Narrative",No,No, , ,Y, , ,Y, , , , , ,Proceeding Straight,No,No,No Passengers in Vehicle,35, , , ,Y, , ,Y, , , , , , , ,Y, ,Y,Y, , ,Unknown,,Y,Yes,,Y,,Y,,Y,Yes, ,"On December [XXX], 2023 at 10:25 AM PT a Waymo Autonomous Vehicle (Waymo AV) operating in Phoenix, Arizona was in a collision involving a pickup truck being towed on [XXX] at [XXX].  
The Waymo AV was traveling southbound on [XXX] in the left lane, with a center left turn lane to the adjacent left, and one lane to the right. The Waymo AV approached a pickup truck being towed backwards and at an angle. The truck towing the pickup truck was traveling straight in the middle turn lane, also traveling southbound on [XXX], and the pickup truck being towed was partially in the same lane as the Waymo AV and partially in the middle turn lane. As the Waymo AV and combination vehicle were proceeding straight, the front left of the Waymo AV made contact with the pickup truck being towed. At the time of the impact, the Waymo AVs Level 4 ADS was engaged in autonomous mode. The Waymo AV and the pickup truck sustained damage.
Waymo is reporting this crash under Request No. 2 of Standing General Order 2021-01. Waymo may supplement or correct its reporting with additional information as it may become available.",
30270-7012,1,Waymo LLC,Monthly,12,2023,JAN-2024,SADHW2S14M1, ,N/A,Jaguar,I-Pace, ,2021, ,0f967d0ef305434,71577, ,None,5th Generation ADS, , ,5th Generation, , ,Version 8, , ,, ,Y,,, ,Y,Yes (specify below),ADOT						,Yes,ADS,Waymo LLC, , ,Y, , , , , ,,DEC-2023, ,DEC-2023,19:02, ,47e8e6fb8ea2c83,[MAY CONTAIN PERSONALLY IDENTIFIABLE INFORMATION], ,[MAY CONTAIN PERSONALLY IDENTIFIABLE INFORMATION], ,[MAY CONTAIN PERSONALLY IDENTIFIABLE INFORMATION], ,Tempe, ,AZ ,[MAY CONTAIN PERSONALLY IDENTIFIABLE INFORMATION], ,Intersection,Dry,No Unusual Conditions,40, ,Dark - Lighted,Y, , , , , , , ,,Passenger Car,No Injuries Reported,Yes,Changing Lanes,No,No, , , , , , , ,Y, , , ,Proceeding Straight,No,No,No Passengers in Vehicle,33, , , ,Y, , , , , , , , , , ,Y, ,Y,Y, , ,Yes,Tempe PD, ,Yes,[MAY CONTAIN PERSONALLY IDENTIFIABLE INFORMATION], ,,Y,[MAY CONTAIN PERSONALLY IDENTIFIABLE INFORMATION], ,Yes, ,"On December [XXX], 2023 at 7:02 PM PT a Waymo Autonomous Vehicle (Waymo AV) operating in Tempe, Arizona was in a collision involving a passenger car on [XXX] at [XXX].  
The Waymo AV was traveling southbound on [XXX] in the rightmost lane of three lanes in the southbound direction. After the Waymo AV crossed the intersection with [XXX], an SUV in the leftmost lane initiated a right lane change in front of a passenger car in the middle lane. The passenger car in the middle lane then moved into the rightmost lane, and the passengers side of the passenger car made contact with the front drivers side of the Waymo AV. At the time of the impact, the Waymo AVs Level 4 ADS was engaged in autonomous mode. Both vehicles sustained damage.
Waymo is reporting this crash under Request No. 2 of Standing General Order 2021-01. Waymo may supplement or correct its reporting with additional information as it may become available.",
30270-7010,1,Waymo LLC,Monthly,12,2023,JAN-2024,SADHW2S12M1, ,N/A,Jaguar,I-Pace, ,2021, ,68397cbf53d7d3b,78758, ,In-Vehicle (Commercial / Test),5th Generation ADS, , ,5th Generation, , ,Version 8, , ,Transdev Alternative Services, , ,,, ,Y,Yes (specify below),ADOT						,Yes,ADS,Waymo LLC, , ,Y, , , , , ,,DEC-2023, ,DEC-2023,22:23, ,842ae816e7999c5,[MAY CONTAIN PERSONALLY IDENTIFIABLE INFORMATION], ,[MAY CONTAIN PERSONALLY IDENTIFIABLE INFORMATION], ,[MAY CONTAIN PERSONALLY IDENTIFIABLE INFORMATION], ,Tempe, ,AZ ,[MAY CONTAIN PERSONALLY IDENTIFIABLE INFORMATION], ,Intersection,Dry,No Unusual Conditions,45, ,Dark - Lighted,Y, , , , , , , ,,SUV,No Injuries Reported,Yes,Proceeding Straight,No,No, , , , , , , , ,Y, , ,Proceeding Straight,No,No,No Passengers in Vehicle,3, , , , ,Y, , , , , , , , , ,Y, ,Y,Y, , ,Yes,Tempe PD, ,Yes,,Y,,Y,,Y,Yes, ,"On December [XXX], 2023 at 10:23 PM PT a Waymo Autonomous Vehicle (Waymo AV) operating in Tempe, Arizona was in a collision involving an SUV on [XXX] at [XXX]. 
The Waymo AV was stopped behind a motorcycle at a red light heading southeast on [XXX] as it approached the intersection at [XXX]. While the traffic light was still red, the motorcycle moved forward, and the Waymo AV slowly nudged closer to the stop line. An SUV approached from behind and made contact with the rear of the Waymo AV. At the time of the impact, the Waymo AVs Level 4 ADS was engaged in autonomous mode, and a test driver was present (in the drivers seating position). Both vehicles sustained damage, and the SUV left the scene without exchanging information.  
Waymo is reporting this crash under Request No. 2 of Standing General Order 2021-01. Waymo may supplement or correct its reporting with additional information as it may become available.",
30270-7007,1,Waymo LLC,Monthly,12,2023,JAN-2024,SADHW2S18M1, ,N/A,Jaguar,I-Pace, ,2021, ,0e27c117ddc79c5,59898, ,None,5th Generation ADS, , ,5th Generation, , ,Version 8, , ,, ,Y,,, ,Y,Yes (specify below),"CA DMV, CA PUC",Yes,ADS,Waymo LLC, , ,Y, , , , , ,,DEC-2023, ,DEC-2023,15:23, ,6f39daec78014c8,[MAY CONTAIN PERSONALLY IDENTIFIABLE INFORMATION], ,[MAY CONTAIN PERSONALLY IDENTIFIABLE INFORMATION], ,[MAY CONTAIN PERSONALLY IDENTIFIABLE INFORMATION], ,San Francisco, ,CA ,[MAY CONTAIN PERSONALLY IDENTIFIABLE INFORMATION], ,Street,Dry,No Unusual Conditions,25, ,Daylight, , ,Y, , , , , ,,Heavy Truck,No Injuries Reported,Yes,Backing,No,No, , , ,Y, , , , , , , ,Stopped,No,No,No Passengers in Vehicle,0, , , , , , ,Y, , , , , , , ,Y, ,Y,Y, , ,No,, ,Yes,, ,, ,, ,Yes, ,"On December [XXX], 2023 at 3:23 PM PT a Waymo Autonomous Vehicle (Waymo AV) operating in San Francisco, California was in a collision involving a heavy truck on [XXX] near [XXX]. 
The Waymo AV was traveling westbound on [XXX] following behind a heavy truck. The heavy truck came to a stop, began to back up, proceeded forward, and then stopped again. The Waymo AV came to a stop both times the heavy truck stopped (moving a short distance at a low speed in between the stops). While the Waymo AV remained stopped the second time, the heavy truck began to reverse again and made contact with the front of the Waymo AV. At the time of the impact, the Waymo AVs Level 4 ADS was engaged in autonomous mode. The Waymo AV sustained damage. 
Waymo is reporting this crash under Request No. 2 of Standing General Order 2021-01. Waymo may supplement or correct its reporting with additional information as it may become available.",
30270-7006,1,Waymo LLC,Monthly,12,2023,JAN-2024,SADHW2S16M1, ,N/A,Jaguar,I-Pace, ,2021, ,012f736814921d2,52254, ,None,5th Generation ADS, , ,5th Generation, , ,Version 8, , ,, ,Y,,, ,Y,Yes (specify below),"CA DMV, CA PUC",Yes,ADS,Waymo LLC, , ,Y, , , , , ,,DEC-2023, ,DEC-2023,15:23, ,50317ad9488bb18,[MAY CONTAIN PERSONALLY IDENTIFIABLE INFORMATION], ,[MAY CONTAIN PERSONALLY IDENTIFIABLE INFORMATION], ,[MAY CONTAIN PERSONALLY IDENTIFIABLE INFORMATION], ,San Francisco, ,CA ,[MAY CONTAIN PERSONALLY IDENTIFIABLE INFORMATION], ,Street,Wet,No Unusual Conditions,20, ,Daylight, , , , ,Y, , , ,,Motorcycle,No Injuries Reported,Yes,Passing,No,No, , , , , , ,Y, , , , ,Proceeding Straight,No,No,Yes,3, ,Y, , , , , , , , , , , , ,Y, ,Y,Y, , ,No,, ,Yes,, ,, ,, ,Yes, ,"On December [XXX], 2023 at 3:23 PM PT a Waymo Autonomous Vehicle (Waymo AV) operating in San Francisco, California was struck by a motorcycle on [XXX] at [XXX]. 
The Waymo AV was traveling westbound on [XXX] when a motorcycle that had been traveling behind the Waymo AV passed the Waymo AV on the left, lane-splitting. As the motorcycle passed the Waymo AV, the motorcycle made contact with the driver side rear sensor of the Waymo AV. At the time of the impact, the Waymo AVs Level 4 ADS was engaged in autonomous mode. The Waymo AV sustained damage, and the motorcycle did not stop, leaving the scene without exchanging information.  
Waymo is reporting this crash under Request No. 2 of Standing General Order 2021-01. Waymo may supplement or correct its reporting with additional information as it may become available.",
30450-6958,1,Ghost Autonomy Inc.,Monthly,1,2024,JAN-2024,4T1BF1FK3HU, ,N/A,Toyota,Camry, ,2017, ,fa0c528fc9bec29,62068, ,In-Vehicle (Commercial / Test),"[REDACTED, MAY CONTAIN CONFIDENTIAL BUSINESS INFORMATION]", ,Y,"[REDACTED, MAY CONTAIN CONFIDENTIAL BUSINESS INFORMATION]", ,Y,"[REDACTED, MAY CONTAIN CONFIDENTIAL BUSINESS INFORMATION]", ,Y,, ,Y,,, ,Y,Yes (specify below),California,Yes,ADS,Ghost Autonomy Inc., , , , , ,Y, , ,,JAN-2024, ,JAN-2024,16:48, ,4c457674d24ef64,[MAY CONTAIN PERSONALLY IDENTIFIABLE INFORMATION], ,[MAY CONTAIN PERSONALLY IDENTIFIABLE INFORMATION], ,[MAY CONTAIN PERSONALLY IDENTIFIABLE INFORMATION], ,San Jose, ,CA ,[MAY CONTAIN PERSONALLY IDENTIFIABLE INFORMATION], ,Highway / Freeway,Dry,No Unusual Conditions,50, ,Daylight,Y, , , , , , , ,,Passenger Car,No Injuries Reported,No,Proceeding Straight,No,No, , , , , ,Y, , , , , ,Proceeding Straight,No,No,Yes,11, , , , ,Y, , , , , , , , , , , ,Y,Y, , ,No,, ,Yes,, ,, ,, ,Yes, ,"A Ghost ADS-equipped car was driving engaged Northbound on [XXX]. As always, there were two safety drivers in the car. Traffic was moving in all four lanes at or near the speed limit. The Ghost vehicle was in the right-middle lane. Another vehicle (the ""lead"" car) entered into the Ghost car's lane from the right. While there were numerous vehicles ahead of the Ghost car before that vehicle entered the lane, the lead vehicle blocked the view of the lane before it. Throughout the incident, traffic in the other three lanes continued at a steady pace.
When the lead vehicle entered into the lane ahead of the Ghost car, the Ghost car applied the brakes to accommodate the intrusion and then continued to match the speed of the lead car. The lead car suddenly slammed the brakes. The Ghost car followed suit, reducing its speed from 19 mps (42.5 mph) to 4.7 mps (10.5 mph) within the next three seconds. The Ghost car was able to match the rapid speed reduction of the lead car and avoid contact.
The driver following the Ghost car was not able to respond as quickly as the Ghost ADS. When the following driver began to apply the brakes, the car was about five meters behind and was traveling at 6.5 mps. At the point of impact, the Ghost vehicle was traveling at 4.78 mps (10.7 mph), matching the lead car. There were no injuries. The vehicles suffered only cosmetic damage, the drivers exchanged information, and the Ghost safety drivers returned to home base in conventional mode.",
30270-6981,1,Waymo LLC,1-Day,,,JAN-2024,SADHW2S12M1, ,N/A,Jaguar,I-PACE, ,2021, ,b0a4fbd86419a15,80684, ,None,5th Generation, , ,5th Generation, , ,Version 8, , ,, ,Y,,, ,Y,Yes (specify below),"DMV, CPUC",Yes,ADS,Waymo LLC, , ,Y, , , , , ,,JAN-2024, ,JAN-2024,10:52, ,85bb308f7801ee8,[MAY CONTAIN PERSONALLY IDENTIFIABLE INFORMATION], ,[MAY CONTAIN PERSONALLY IDENTIFIABLE INFORMATION], ,[MAY CONTAIN PERSONALLY IDENTIFIABLE INFORMATION], ,San Francisco, ,CA ,[MAY CONTAIN PERSONALLY IDENTIFIABLE INFORMATION], ,Intersection,Wet,No Unusual Conditions,25, ,Daylight, , ,Y, , , , , ,,Motorcycle,No Injuries Reported,Unknown,Proceeding Straight,Not Applicable,No, , , , , , , , , , ,Y,Stopped,No,No,Yes,0, , , , , , , , , , , ,Y, , ,Y, ,Y,Y, , ,No,, ,Yes,, ,, ,, ,Yes, ,"On January [XXX], 2023 at 10:52AM PT a rider of a moped lost control of the moped they were operating and fell and slid in front of a Waymo Autonomous Vehicle (""Waymo AV"") operating in San Francisco, California on [XXX] at [XXX] neither the moped nor its driver made contact with the Waymo AV.
The Waymo AV was stopped on northbound [XXX] at the intersection with [XXX] when it started to proceed forward while facing a red traffic light. As the Waymo AV entered the intersection, it detected a moped traveling on eastbound [XXX]. The Waymo AV braked and came to a stop as the moped approached the intersection. The rider of the moped braked then fell on the wet roadway and slid to a stop in front of the stationary Waymo AV. There was no contact between the moped or its rider and the Waymo AV. The Waymo AV's Level 4 ADS was engaged in autonomous mode. 
Waymo is reporting this crash under Request No. 1 of Standing General Order 2021-01 because a passenger of the Waymo AV reported that the moped may have been damaged. Waymo may supplement or correct its reporting with additional information as it may become available.",