Report ID,Report Version,Reporting Entity,Report Type,Report Month,Report Year,Report Submission Date,VIN,VIN - Unknown,Serial Number,Make,Model,Model - Unknown,Model Year,Model Year - Unknown,Same Vehicle ID,Mileage,Mileage - Unknown,Driver / Operator Type,ADAS/ADS System Version,ADAS/ADS System Version - Unk,ADAS/ADS System Version CBI,ADAS/ADS Hardware Version,ADAS/ADS Hardware Version - Unk,ADAS/ADS Hardware Version CBI,ADAS/ADS Software Version,ADAS/ADS Software Version - Unk,ADAS/ADS Software Version CBI,Other Reporting Entities?,Other Reporting Entities? - Unk,Other Reporting Entities? - NA,Federal Regulatory Exemption?,Other Federal Reg. Exemption,Federal Reg. Exemption - Unk,Federal Reg. Exemption - No,State or Local Permit?,State or Local Permit,ADS Equipped?,Automation System Engaged?,Operating Entity,Operating Entity - Unknown,Source - Complaint/Claim,Source - Telematics,Source - Law Enforcement,Source - Field Report,Source - Testing,Source - Media,Source - Other,Source - Other Text,Incident Date,Incident Date - Unknown,Notice Received Date,Incident Time (24:00),Incident Time - Unknown,Same Incident ID,Latitude,Latitude - Unknown,Longitude,Longitude - Unknown,Address,Address - Unknown,City,City - Unknown,State,Zip Code,Zip Code - Unknown,Roadway Type,Roadway Surface,Roadway Description,Posted Speed Limit (MPH),Posted Speed Limit - Unknown,Lighting,Weather - Clear,Weather - Snow,Weather - Cloudy,Weather - Fog/Smoke,Weather - Rain,Weather - Severe Wind,Weather - Unknown,Weather - Other,Weather - Other Text,Crash With,Highest Injury Severity Alleged,Property Damage?,CP Pre-Crash Movement,CP Any Air Bags Deployed?,CP Was Vehicle Towed?,CP Contact Area - Rear Left,CP Contact Area - Left,CP Contact Area - Front Left,CP Contact Area - Rear,CP Contact Area - Top,CP Contact Area - Front,CP Contact Area - Rear Right,CP Contact Area - Right,CP Contact Area - Front Right,CP Contact Area - Bottom,CP Contact Area - Unknown,SV Pre-Crash Movement,SV Any Air Bags Deployed?,SV Was Vehicle Towed?,SV Were All Passengers Belted?,SV Precrash Speed (MPH),SV Pre-crash Speed - Unknown,SV Contact Area - Rear Left,SV Contact Area - Left,SV Contact Area - Front Left,SV Contact Area - Rear,SV Contact Area - Top,SV Contact Area - Front,SV Contact Area - Rear Right,SV Contact Area - Right,SV Contact Area - Front Right,SV Contact Area - Bottom,SV Contact Area - Unknown,Data Availability - EDR,Data Availability - Police Rpt,Data Availability - Telematics,Data Availability - Complaints,Data Availability - Video,Data Availability - Other,Data Availability - No Data,Data Availability - Unknown,Law Enforcement Investigating?,Investigating Agency,Investigating Agency - Unknown,Rep Ent Or Mfr Investigating?,Investigating Officer Name,Inv. Officer Name - Unknown,Investigating Officer Phone,Inv. Officer Phone - Unknown,Investigating Officer Email,Inv. Officer Email - Unknown,Within ODD?,Within ODD? - CBI,Narrative,Narrative - CBI?
30330-6882,1,"TORC Robotics, Inc.",Monthly,12,2023,JAN-2024,1FUJHHDR4PL, ,N/A,Freightliner,Cascadia, ,2023, ,00141332d0a512b,64838, ,In-Vehicle (Commercial / Test),"[REDACTED, MAY CONTAIN CONFIDENTIAL BUSINESS INFORMATION]", ,Y,"[REDACTED, MAY CONTAIN CONFIDENTIAL BUSINESS INFORMATION]", ,Y,"[REDACTED, MAY CONTAIN CONFIDENTIAL BUSINESS INFORMATION]", ,Y,"Daimler Trucks North America, LLC", , ,,, ,Y,No,,Yes,ADS,"Torc Robotics, Inc", , , , , ,Y, , ,,DEC-2023, ,DEC-2023,14:35, ,df4cd7fa084bc3e,[MAY CONTAIN PERSONALLY IDENTIFIABLE INFORMATION], ,[MAY CONTAIN PERSONALLY IDENTIFIABLE INFORMATION], ,[MAY CONTAIN PERSONALLY IDENTIFIABLE INFORMATION], ,Vega, ,TX ,[MAY CONTAIN PERSONALLY IDENTIFIABLE INFORMATION], ,Highway / Freeway,Wet,No Unusual Conditions,75, ,Daylight, , ,Y, ,Y, , , ,,Animal,No Injuries Reported,Yes,NM Crossing Roadway,,, , , , , , , , , , , ,Proceeding Straight,No,No,Yes,65, , , ,Y, , , , , , , , , , ,Y, ,Y,Y, , ,No,, ,No,, ,, ,, ,Yes, ,"Torc Robotics and Daimler Truck North America (""DTNA"") are submitting duplicate incident reports (refer to DTNA report ID: 12381-6889-1) regarding a deer strike involving a Torc-operated vehicle that occurred in Texas on December [XXX], 2023 at 14:35 CST. The vehicle's automated driving system (""ADS"") was engaged within 30 seconds prior to the event. Although a deer strike does not appear to meet the SGO's definition of a crash (i.e., impact with a vehicle, other road user, or property), we are reporting this incident out of an abundance of caution and in the interest of transparency. 
At the time of the incident, the vehicle was traveling westbound in the rightmost lane of [REDACTED, MAY CONTAIN CONFIDENTIAL BUSINESS INFORMATION]. A deer crossed the eastbound lanes of traffic and median before entering the westbound lanes.  Torc's in-vehicle fallback test driver (""IFTD""), positioned in the driver's seat, noticed the deer as it entered the westbound lanes. The IFTD took control of the vehicle by disengaging the ADS. The deer then contacted the left side of the tractor. After the physical impact with the tractor, the deer deflected into the left lane toward the left shoulder of the roadway and did not contact other road users. The IFTD reduced the speed of the vehicle and navigated to a rest area to inspect it. During the inspection, the IFTD observed minor damage on the driver's side of the tractor but deemed the vehicle roadworthy for manual operation.  The IFTD contacted local law enforcement to notify them of the event. The test crew (IFTD, safety conductor, and passenger) returned the vehicle to the Torc test operations site.",Y
12381-6889,1,"Daimler Trucks North America, LLC",Monthly,12,2023,JAN-2024,1FUJHHDR4PL, ,N/A,Freightliner,Cascadia, ,2023, ,00141332d0a512b,64838, ,In-Vehicle (Commercial / Test),"[REDACTED, MAY CONTAIN CONFIDENTIAL BUSINESS INFORMATION]", ,Y,"[REDACTED, MAY CONTAIN CONFIDENTIAL BUSINESS INFORMATION]", ,Y,"[REDACTED, MAY CONTAIN CONFIDENTIAL BUSINESS INFORMATION]", ,Y,"TORC Robotics, Inc.", , ,,, ,Y,No,,Yes,ADS,"Torc Robotics, Inc", , , , , ,Y, , ,,DEC-2023, ,DEC-2023,14:35, ,df4cd7fa084bc3e,[MAY CONTAIN PERSONALLY IDENTIFIABLE INFORMATION], ,[MAY CONTAIN PERSONALLY IDENTIFIABLE INFORMATION], ,[MAY CONTAIN PERSONALLY IDENTIFIABLE INFORMATION], ,Vega, ,TX ,[MAY CONTAIN PERSONALLY IDENTIFIABLE INFORMATION], ,Highway / Freeway,Wet,No Unusual Conditions,75, ,Daylight, , ,Y, ,Y, , , ,,Animal,No Injuries Reported,Yes,NM Crossing Roadway,,, , , , , , , , , , , ,Proceeding Straight,No,No,Yes,65, , , ,Y, , , , , , , , , , ,Y, ,Y,Y, , ,No,, ,No,, ,, ,, ,Yes, ,"Torc Robotics and Daimler Truck North America (""DTNA"") are submitting duplicate incident reports (refer to Torc report ID: 30330-6882-1) regarding a deer strike involving a Torc-operated vehicle that occurred in Texas on December [XXX], 2023 at 14:35 CST. The vehicle's automated driving system (""ADS"") was engaged within 30 seconds prior to the event. Although a deer strike does not appear to meet the SGO's definition of a crash (i.e., impact with a vehicle, other road user, or property), we are reporting this incident out of an abundance of caution and in the interest of transparency. 
At the time of the incident, the vehicle was traveling westbound in the rightmost lane of [REDACTED, MAY CONTAIN CONFIDENTIAL BUSINESS INFORMATION]. A deer crossed the eastbound lanes of traffic and median before entering the westbound lanes.  Torc's in-vehicle fallback test driver (""IFTD""), positioned in the driver's seat, noticed the deer as it entered the westbound lanes. The IFTD took control of the vehicle by disengaging the ADS. The deer then contacted the left side of the tractor. After the physical impact with the tractor, the deer deflected into the left lane toward the left shoulder of the roadway and did not contact other road users. The IFTD reduced the speed of the vehicle and navigated to a rest area to inspect it. During the inspection, the IFTD observed minor damage on the driver's side of the tractor but deemed the vehicle roadworthy for manual operation.  The IFTD contacted local law enforcement to notify them of the event. The test crew (IFTD, safety conductor, and passenger) returned the vehicle to the Torc test operations site.",Y
30270-6932,1,Waymo LLC,5-Day,,,JAN-2024,SADHW2S10M1, ,N/A,Jaguar,I-Pace, ,2021, ,2a870b4e4109a7b,101858, ,None,5th Generation, , ,5th Generation, , ,Version 8, , ,, ,Y,,, ,Y,Yes (specify below),ADOT,Yes,ADS,Waymo LLC, , ,Y, , , , , ,,JAN-2024, ,JAN-2024,03:19, ,566bb10e6506178,[MAY CONTAIN PERSONALLY IDENTIFIABLE INFORMATION], ,[MAY CONTAIN PERSONALLY IDENTIFIABLE INFORMATION], ,[MAY CONTAIN PERSONALLY IDENTIFIABLE INFORMATION], ,Phoenix, ,AZ ,[MAY CONTAIN PERSONALLY IDENTIFIABLE INFORMATION], ,Intersection,Dry,No Unusual Conditions,35, ,Dark - Lighted,Y, , , , , , , ,,SUV,Unknown,Yes,Proceeding Straight,Unknown,No, ,Y, , , , , , , , , ,Proceeding Straight,No,Yes,No Passengers in Vehicle,12, , , ,Y, , ,Y, , ,Y, , , , ,Y, ,Y,Y, , ,Yes,Phoenix Police Department, ,Yes,[MAY CONTAIN PERSONALLY IDENTIFIABLE INFORMATION], ,,Y,,Y,Yes, ,"On January [XXX], 2023 at 2:19 AM PT a Waymo Autonomous Vehicle (Waymo AV) operating in Phoenix, Arizona was in a collision involving an SUV on [XXX] at [XXX].
The Waymo AV was traveling northbound on [XXX] and approaching the intersection with [XX] with a green traffic light. As the Waymo AV approached the intersection, it detected a SUV towing a trailer traveling westbound on [XXX] at a high rate of speed. The Waymo AV braked as the SUV approached and entered the intersection against a red traffic light. The Waymo AV made contact with the driver side of the SUV. At the time of the impact, the Waymo AVs Level 4 ADS was engaged in autonomous mode. The Waymo AV sustained damage and the SUV left the scene.
Waymo is reporting this crash under Request No. 1 of Standing General Order 2021-01 because a vehicle involved was towed away. Waymo may supplement or correct its reporting with additional information as it may become available.",
30270-6907,1,Waymo LLC,5-Day,,,DEC-2023,SADHW2S19M1, ,N/A,Jaguar,I-Pace, ,2021, ,b66605416c3fa71,76785, ,None,5th Generation, , ,5th Generation, , ,Version 8, , ,, ,Y,,, ,Y,Yes (specify below),ADOT,Yes,ADS,Waymo LLC, , ,Y, , , , , ,,DEC-2023, ,DEC-2023,00:16, ,122fc199988253b,[MAY CONTAIN PERSONALLY IDENTIFIABLE INFORMATION], ,[MAY CONTAIN PERSONALLY IDENTIFIABLE INFORMATION], ,[MAY CONTAIN PERSONALLY IDENTIFIABLE INFORMATION], ,Scottsdale, ,AZ ,[MAY CONTAIN PERSONALLY IDENTIFIABLE INFORMATION], ,Street,Dry,No Unusual Conditions,25, ,Dark - Lighted,Y, , , , , , , ,,Pickup Truck,No Injuries Reported,Yes,Backing,No,No,Y, , , , , , , , , , ,Proceeding Straight,No,Yes,"No, see Narrative",2, , , , , , , ,Y, , , , , , ,Y, ,Y,Y, , ,No,, ,Yes,, ,, ,, ,Yes, ,"On December [XXX], 2023 at 11:16 PM PT a Waymo Autonomous Vehicle (Waymo AV) operating in Scottsdale, Arizona was in a collision involving a pickup truck on [XXX] near [XXX].
The Waymo AV was traveling eastbound on [XXX] when it came to a stop behind a pickup truck parked at an angle to the street. As the Waymo AV began to proceed, the pickup truck began to reverse and then made contact with the Waymo AV. At the time of the impact, the Waymo AVs Level 4 ADS was engaged in autonomous mode, and three of the four passengers were wearing seatbelts. The Waymo AV sustained damage.
Waymo is reporting this crash under Request No. 1 of Standing General Order 2021-01 because a vehicle involved was towed away. Waymo may supplement or correct its reporting with additional information as it may become available.",
30270-6906,1,Waymo LLC,5-Day,,,DEC-2023,SADHW2S10M1, ,N/A,Jaguar,I-Pace, ,2021, ,eb8a0c2bd48a564,90362, ,None,5th Generation, , ,5th Generation, , ,Version 8, , ,, ,Y,,, ,Y,Yes (specify below),ADOT,Yes,ADS,Waymo LLC, , ,Y, , , , , ,,DEC-2023, ,DEC-2023,06:44, ,e5600c859fc110c,[MAY CONTAIN PERSONALLY IDENTIFIABLE INFORMATION], ,[MAY CONTAIN PERSONALLY IDENTIFIABLE INFORMATION], ,[MAY CONTAIN PERSONALLY IDENTIFIABLE INFORMATION], ,Phoenix, ,AZ ,[MAY CONTAIN PERSONALLY IDENTIFIABLE INFORMATION], ,Intersection,Wet,No Unusual Conditions,40, ,Daylight, , ,Y, , , , , ,,Passenger Car,Minor,Yes,"Other, see Narrative",Unknown,Yes,Y, , , , , , , , , , ,Proceeding Straight,No,Yes,Yes,23, , , , , , ,Y, , ,Y, , , , ,Y, ,Y,Y, , ,Unknown,,Y,Yes,,Y,,Y,,Y,Yes, ,"On December [XXX], 2023 at 6:44 AM PT a Waymo Autonomous Vehicle (Waymo AV) operating in Phoenix, Arizona was in a collision involving a passenger vehicle on [XXX] at [XXX].
The Waymo AV was traveling southbound on [XXX] in the leftmost through lane, behind an SUV as both vehicles entered the intersection with [XXX]. As the vehicles crossed the intersection, a passenger vehicle traveling eastbound on [XXX] entered the intersection against a red light and made contact with the SUV in front of the Waymo AV, and both of the other vehicles spun. The front of the Waymo AV then made contact with the rear of the passenger vehicle. At the time of the impact, the Waymo AVs Level 4 ADS was engaged in autonomous mode. All three involved vehicles sustained damage, and a person in one of the other vehicles reported minor injuries.
Waymo is reporting this crash under Request No. 1 of Standing General Order 2021-01 because a vehicle involved was towed away. Waymo may supplement or correct its reporting with additional information as it may become available.",
28349-6820,2,"Lucid USA, Inc.",10-Day Update,,,DEC-2023,50EA1GBA5PA, ,N/A,LUCID AIR,GRAND TOURING, ,2023, ,dd6ce3209c07e9d,1824, ,Consumer,"[REDACTED, MAY CONTAIN CONFIDENTIAL BUSINESS INFORMATION]", ,Y,"[REDACTED, MAY CONTAIN CONFIDENTIAL BUSINESS INFORMATION]", ,Y,"[REDACTED, MAY CONTAIN CONFIDENTIAL BUSINESS INFORMATION]", ,Y,,Y, ,,, ,Y,No,,Yes,ADAS,, , ,Y, , , , , ,,DEC-2023, ,DEC-2023,06:01, ,e99bd9851a415e6,[MAY CONTAIN PERSONALLY IDENTIFIABLE INFORMATION], ,[MAY CONTAIN PERSONALLY IDENTIFIABLE INFORMATION], ,[MAY CONTAIN PERSONALLY IDENTIFIABLE INFORMATION], ,COLUMBIA, ,MD ,,Y,Highway / Freeway,Unknown,Unknown,,Y,Dawn / Dusk, , , ,Y, , , , ,,Unknown,No Injuries Reported,Unknown,Unknown,Unknown,Unknown, , , , , , , , , , ,Y,Proceeding Straight,Yes,Yes,Yes,66, , , ,Y, , ,Y, , ,Y, , , , ,Y, , , , , ,Unknown,,Y,Yes,,Y,,Y,,Y,"[REDACTED, MAY CONTAIN CONFIDENTIAL BUSINESS INFORMATION]",Y,"Following a customer call on Dec 12, 2023, Lucid investigated this incident. Pre-crash movement through telematics data shows the Lucid Air proceeding straight with a speed of 66 mph on Dec [XXX], 2023 before the data loss between 6:01:31-6:01:52 PST (time of incident). Initial information indicates that the Lucid Air was towed to [XXX], that only the driver-seatbelt was buckled, and an airbag deployment was confirmed. No injuries were reported at this time. Telematics reveal that Highway Assist, an SAE Level 2 ADAS feature, was active and was disengaged at 6:01:17 PST, 14 seconds prior to the data loss presumed to indicate the accident, via a lateral override on the steering wheel. The telematics data shows that the location of the Lucid Air before the data loss was on the [XXX] from [XXX] in Columbia, Maryland. The speed of the Lucid Air at impact is 66 mph.",Y
30630-6900,1,Ambarella,5-Day,,,DEC-2023,ZA9CC00AA00, ,[MAY CONTAIN PERSONALLY IDENTIFIABLE INFORMATION],Lexus,RX450H, ,2020, ,36780e8f27d818e,5226, ,In-Vehicle (Commercial / Test),,Y, ,,Y, ,,Y, ,Ambarella, , ,,,Y, ,Yes (specify below),Nevada DMV,Yes,ADS,"VisLab, SRL (subsidiary of Ambarella, Inc.)", , , , , ,Y, , ,,DEC-2023, ,DEC-2023,16:00, ,50cd58141874683,[MAY CONTAIN PERSONALLY IDENTIFIABLE INFORMATION], ,[MAY CONTAIN PERSONALLY IDENTIFIABLE INFORMATION], ,[MAY CONTAIN PERSONALLY IDENTIFIABLE INFORMATION], ,Las Vegas, ,NV ,[MAY CONTAIN PERSONALLY IDENTIFIABLE INFORMATION], ,Street,Dry,No Unusual Conditions,30, ,Daylight,Y, , , , , , , ,,SUV,No Injuries Reported,Yes,Entering Traffic,No,No, , , , , ,Y, , ,Y, , ,Proceeding Straight,No,Yes,Yes,18, , , , , , , ,Y, , , , , , , , ,Y, , , ,No,, ,No,, ,, ,, ,Yes, ,"The subject vehicle began its testing drive from the Embassy Suites parking lot with the subject vehicle engaged in autonomous mode.  Two operators were seated in the front seats of the subject vehicle.  At the start of the route the operators confirmed that all the ADS hardware and software were working properly. The subject vehicle drove south on [XXX] toward [XXX] and then turned right on [XXX].  After making the right turn onto [XXX], the operators of the subject vehicle noticed a stopped car (the Honda Pilot) on the stop line of the exit of a parking area of a retail center waiting to enter onto [XXX]. The subject vehicle was driving in the far right lane with the flow of traffic at approximately 30km/h (18mph). As the subject vehicle passed in front of the Honda Pilot, the Honda Pilot began to exit the parking lot without yielding. The Honda Pilot's front bumper collided with the right rear part of the subject vehicle, causing damage to the right rear body and rear right wheel of the subject vehicle. The damage to the right rear wheel of the subject vehicle required tow truck assistance.  The Honda Pilot sustained damage to its front bumper but did not require tow truck assistance.  No persons have reported injuries.  No other vehicles or other property were involved in the incident.  On the scene of the incident, the driver of the Honda Pilot admitted fault for the accident to the subject vehicle's operators.",
30270-6901,1,Waymo LLC,5-Day,,,DEC-2023,SADHW2S18M1, ,N/A,Jaguar,I-Pace, ,2021, ,c076b8ec8eaf73f,92003, ,None,5th Generation, , ,5th Generation, , ,Version 8, , ,, ,Y,,, ,Y,Yes (specify below),ADOT,Yes,ADS,Waymo LLC, , ,Y, , , , , ,,DEC-2023, ,DEC-2023,15:38, ,ccb2e26d0e2b199,[MAY CONTAIN PERSONALLY IDENTIFIABLE INFORMATION], ,[MAY CONTAIN PERSONALLY IDENTIFIABLE INFORMATION], ,[MAY CONTAIN PERSONALLY IDENTIFIABLE INFORMATION], ,Phoenix, ,AZ ,[MAY CONTAIN PERSONALLY IDENTIFIABLE INFORMATION], ,Intersection,Dry,No Unusual Conditions,30, ,Daylight, , ,Y, , , , , ,,Passenger Car,No Injuries Reported,Yes,Proceeding Straight,No,No, , ,Y, , ,Y, , , , , ,Making Left Turn,No,Yes,Yes,10, , , , ,Y, , , , , , , , , ,Y, ,Y,Y, , ,No,, ,Yes,, ,, ,, ,Yes, ,"On December [XXX], 2023 at 2:38 PM PT a Waymo Autonomous Vehicle (Waymo AV) operating in Phoenix, Arizona was in a collision involving a passenger vehicle on [XXX] at [XXX].
The Waymo AV was traveling southbound on [XXX] and preparing to make a left turn onto eastbound [XXX]. As it approached the intersection, the Waymo AV slowed to yield to oncoming traffic. As the oncoming traffic passed and the Waymo AV began to initiate the turn, a passenger vehicle approached from behind and made contact with the rear of the Waymo AV. At the time of the impact, the Waymo AVs Level 4 ADS was engaged in autonomous mode. Both vehicles sustained damage.
Waymo is reporting this crash under Request No. 1 of Standing General Order 2021-01 because a vehicle involved was towed away. Waymo may supplement or correct its reporting with additional information as it may become available.",
30270-6883,1,Waymo LLC,5-Day,,,DEC-2023,SADHW2S16M1, ,N/A,Jaguar,I-Pace, ,2021, ,539ccc1f53d0028,96115, ,None,5th Generation ADS, , ,5th Generation ADS, , ,Version 8, , ,, ,Y,,, ,Y,Yes (specify below),ADOT,Yes,ADS,Waymo LLC, , ,Y, , , , , ,,DEC-2023, ,DEC-2023,16:51, ,b06da15f7810658,[MAY CONTAIN PERSONALLY IDENTIFIABLE INFORMATION], ,[MAY CONTAIN PERSONALLY IDENTIFIABLE INFORMATION], ,[MAY CONTAIN PERSONALLY IDENTIFIABLE INFORMATION], ,Scottsdale, ,AZ ,[MAY CONTAIN PERSONALLY IDENTIFIABLE INFORMATION], ,Intersection,Dry,No Unusual Conditions,40, ,Daylight,Y, , , , , , , ,,Van,Minor,Yes,Making Left Turn,No,No, , ,Y, , , , , , , , ,Stopped,No,Yes,Yes,0, , , , ,Y, , , , , , , , , ,Y, ,Y,Y, , ,Unknown,,Y,Yes,,Y,,Y,,Y,Yes, ,"On December [XXX], 2023 at 3:51 PM PT a Waymo Autonomous Vehicle (Waymo AV) operating in Scottsdale, Arizona was in a collision involving a van on [XXX] at [XXX].
The Waymo AV was stopped for a red light in a dedicated left turn lane on southbound [XXX] at  [XXX], preparing to make a left turn onto eastbound [XXX]. At this intersection, this traffic light had four bulbs, with the bottom-most bulb being both a green and yellow bulb for a protected left sequence. When the bottom bulb turned green for a protected left, the two vehicles in front of the Waymo AV proceeded, and as the Waymo AV approached, the traffic light began to change sequence to become an unprotected left turn, with the green arrow bulb turning to a yellow arrow. The Waymo AV braked and came to a stop past the crosswalk, but before entering the intersection (as defined in Arizona). As the Waymo AV came to a stop, a van approached from behind and made contact with the rear of the Waymo AV. At the time of the impact, the Waymo AVs Level 4 ADS was engaged in autonomous mode. Both vehicles sustained damage, and the passenger in the Waymo AV reported a minor injury. 
Waymo is reporting this crash under Request No. 1 of Standing General Order 2021-01 because a vehicle involved was towed away. Waymo may supplement or correct its reporting with additional information as it may become available.",
30270-6879,1,Waymo LLC,5-Day,,,DEC-2023,SADHW2S12M1, ,N/A,Jaguar,I-Pace, ,2021, ,1599ac052bcdb57,70533, ,None,5th Generation, , ,5th Generation, , ,Version 8, , ,, ,Y,,, ,Y,Yes (specify below),"CA DMV, CA PUC",Yes,ADS,Waymo LLC, , ,Y, , , , , ,,DEC-2023, ,DEC-2023,09:42, ,a205e2551852d31,[MAY CONTAIN PERSONALLY IDENTIFIABLE INFORMATION], ,[MAY CONTAIN PERSONALLY IDENTIFIABLE INFORMATION], ,[MAY CONTAIN PERSONALLY IDENTIFIABLE INFORMATION], ,San Francisco, ,CA ,[MAY CONTAIN PERSONALLY IDENTIFIABLE INFORMATION], ,Intersection,Dry,No Unusual Conditions,25, ,Daylight,Y, , , , , , , ,,Passenger Car,Minor,Yes,Proceeding Straight,No,No, , ,Y, , ,Y, , ,Y, , ,Proceeding Straight,No,Yes,Yes,2, ,Y, , ,Y, , ,Y, , , , , , ,Y, ,Y,Y, , ,Yes,San Francisco Police Department, ,Yes,[MAY CONTAIN PERSONALLY IDENTIFIABLE INFORMATION], ,[MAY CONTAIN PERSONALLY IDENTIFIABLE INFORMATION], ,,Y,Yes, ,"On December [XXX], 2023 at 9:42 AM PT a Waymo Autonomous Vehicle (Waymo AV) operating in San Francisco, California was in a collision involving a passenger vehicle on [XXX] at [XXX].
The Waymo AV was traveling southbound on [XXX] in the middle lane when it approached the intersection with [XXX]. The Waymo AV braked, and a passenger vehicle approached from behind and made contact with the rear of the Waymo AV. At the time of the impact, the Waymo AVs Level 4 ADS was engaged in autonomous mode.
Waymo is reporting this crash under Request No. 1 of Standing General Order 2021-01 because a vehicle involved was towed away. Waymo may supplement or correct its reporting with additional information as it may become available.",
30270-6878,1,Waymo LLC,5-Day,,,DEC-2023,SADHW2S13M1, ,N/A,Jaguar,I-Pace, ,2021, ,2bc386425b4790d,102570, ,None,5th Generation, , ,5th Generation, , ,Version 8, , ,, ,Y,,, ,Y,Yes (specify below),ADOT,Yes,ADS,Waymo LLC, , ,Y, , , , , ,,DEC-2023, ,DEC-2023,10:27, ,d00fab0f8ffb207,[MAY CONTAIN PERSONALLY IDENTIFIABLE INFORMATION], ,[MAY CONTAIN PERSONALLY IDENTIFIABLE INFORMATION], ,[MAY CONTAIN PERSONALLY IDENTIFIABLE INFORMATION], ,Phoenix, ,AZ ,[MAY CONTAIN PERSONALLY IDENTIFIABLE INFORMATION], ,Intersection,Dry,No Unusual Conditions,35, ,Daylight,Y, , , , , , , ,,Pickup Truck,No Injuries Reported,Yes,"Other, see Narrative",No,No, , ,Y, , ,Y, , , , , ,Proceeding Straight,No,Yes,No Passengers in Vehicle,23, , , ,Y, , ,Y, , , , , , , ,Y, ,Y,Y, , ,Yes,Phoenix Police Department, ,Yes,[MAY CONTAIN PERSONALLY IDENTIFIABLE INFORMATION], ,,Y,,Y,Yes, ,"On December [XXX], 2023 at 10:27 AM PT a Waymo Autonomous Vehicle (Waymo AV) operating in Phoenix, Arizona was in a collision involving a pickup truck being towed on [XXX] at [XXX]. 
The Waymo AV was traveling eastbound on [XXX] in the left lane, with a center left turn lane to the adjacent left, and one lane to the right. The Waymo AV approached a pickup truck being towed backwards and at an angle. The truck towing the pickup truck was traveling straight in the middle turn lane, also traveling eastbound on [XXX], and the pickup truck being towed was partially in the same lane as the Waymo AV and partially in the middle turn lane. As the Waymo AV and combination vehicle approached [XXX], the front left of the Waymo AV made contact with the pickup truck being towed. At the time of the impact, the Waymo AVs Level 4 ADS was engaged in autonomous mode. The Waymo AV and the pickup truck sustained damage. Several minutes prior, a second collision occurred between another Waymo AV and the pickup being towed, which will be included in the monthly submission. 
Waymo is reporting this crash under Request No. 1 of Standing General Order 2021-01 because a vehicle involved was towed away as a result of the crash. Waymo may supplement or correct its reporting with additional information as it may become available.",
30270-6855,1,Waymo LLC,Monthly,11,2023,DEC-2023,SADHW2S1XM1, ,N/A,Jaguar,I-Pace, ,2021, ,0126c8d65d54d9f,47504, ,None,5th Generation, , ,5th Generation, , ,Version 8, , ,, ,Y,,, ,Y,Yes (specify below),"CA DMV, CA PUC",Yes,ADS,Waymo LLC, , ,Y, , , , , ,,NOV-2023, ,NOV-2023,15:46, ,eecbe9408b95fe9,[MAY CONTAIN PERSONALLY IDENTIFIABLE INFORMATION], ,[MAY CONTAIN PERSONALLY IDENTIFIABLE INFORMATION], ,[MAY CONTAIN PERSONALLY IDENTIFIABLE INFORMATION], ,San Francisco, ,CA ,[MAY CONTAIN PERSONALLY IDENTIFIABLE INFORMATION], ,Street,Dry,No Unusual Conditions,20, ,Daylight,Y, , , , , , , ,,Van,No Injuries Reported,Yes,Proceeding Straight,No,No, , , , , , , , ,Y, , ,Stopped,No,No,No Passengers in Vehicle,0, , ,Y, , , , , , , , , , , ,Y, ,Y,Y, , ,Unknown,,Y,Yes,,Y,,Y,,Y,Yes, ,"On November [XXX], 2023 at 3:46 PM PT a Waymo Autonomous Vehicle (Waymo AV) operating in San Francisco, California was in a collision involving a van on [XXX] near [XXX]. 
The Waymo AV was traveling southbound on [XXX] in the middle lane in stop-and-go traffic. It had just passed [XXX] when it initiated a left lane change, planning to proceed ahead of a van in the adjacent left lane. As the Waymo AV nudged into the adjacent lane, the van accelerated and its front passenger side quarter panel made contact with the Waymo AVs driver side quarter panel. At the time of the impact, the Waymo AVs Level 4 ADS was engaged in autonomous mode. Both vehicles sustained damage.
Waymo is reporting this crash under Request No. 2 of Standing General Order 2021-01. Waymo may supplement or correct its reporting with additional information as it may become available.",