Report ID,Report Version,Reporting Entity,Report Type,Report Month,Report Year,Report Submission Date,VIN,VIN - Unknown,Serial Number,Make,Model,Model - Unknown,Model Year,Model Year - Unknown,Same Vehicle ID,Mileage,Mileage - Unknown,Driver / Operator Type,ADAS/ADS System Version,ADAS/ADS System Version - Unk,ADAS/ADS System Version CBI,ADAS/ADS Hardware Version,ADAS/ADS Hardware Version - Unk,ADAS/ADS Hardware Version CBI,ADAS/ADS Software Version,ADAS/ADS Software Version - Unk,ADAS/ADS Software Version CBI,Other Reporting Entities?,Other Reporting Entities? - Unk,Other Reporting Entities? - NA,Federal Regulatory Exemption?,Other Federal Reg. Exemption,Federal Reg. Exemption - Unk,Federal Reg. Exemption - No,State or Local Permit?,State or Local Permit,ADS Equipped?,Automation System Engaged?,Operating Entity,Operating Entity - Unknown,Source - Complaint/Claim,Source - Telematics,Source - Law Enforcement,Source - Field Report,Source - Testing,Source - Media,Source - Other,Source - Other Text,Incident Date,Incident Date - Unknown,Notice Received Date,Incident Time (24:00),Incident Time - Unknown,Same Incident ID,Latitude,Latitude - Unknown,Longitude,Longitude - Unknown,Address,Address - Unknown,City,City - Unknown,State,Zip Code,Zip Code - Unknown,Roadway Type,Roadway Surface,Roadway Description,Posted Speed Limit (MPH),Posted Speed Limit - Unknown,Lighting,Weather - Clear,Weather - Snow,Weather - Cloudy,Weather - Fog/Smoke,Weather - Rain,Weather - Severe Wind,Weather - Unknown,Weather - Other,Weather - Other Text,Crash With,Highest Injury Severity Alleged,Property Damage?,CP Pre-Crash Movement,CP Any Air Bags Deployed?,CP Was Vehicle Towed?,CP Contact Area - Rear Left,CP Contact Area - Left,CP Contact Area - Front Left,CP Contact Area - Rear,CP Contact Area - Top,CP Contact Area - Front,CP Contact Area - Rear Right,CP Contact Area - Right,CP Contact Area - Front Right,CP Contact Area - Bottom,CP Contact Area - Unknown,SV Pre-Crash Movement,SV Any Air Bags Deployed?,SV Was Vehicle Towed?,SV Were All Passengers Belted?,SV Precrash Speed (MPH),SV Pre-crash Speed - Unknown,SV Contact Area - Rear Left,SV Contact Area - Left,SV Contact Area - Front Left,SV Contact Area - Rear,SV Contact Area - Top,SV Contact Area - Front,SV Contact Area - Rear Right,SV Contact Area - Right,SV Contact Area - Front Right,SV Contact Area - Bottom,SV Contact Area - Unknown,Data Availability - EDR,Data Availability - Police Rpt,Data Availability - Telematics,Data Availability - Complaints,Data Availability - Video,Data Availability - Other,Data Availability - No Data,Data Availability - Unknown,Law Enforcement Investigating?,Investigating Agency,Investigating Agency - Unknown,Rep Ent Or Mfr Investigating?,Investigating Officer Name,Inv. Officer Name - Unknown,Investigating Officer Phone,Inv. Officer Phone - Unknown,Investigating Officer Email,Inv. Officer Email - Unknown,Within ODD?,Within ODD? - CBI,Narrative,Narrative - CBI?
30531-6864,1,Transdev Alternative Services,Monthly,11,2023,DEC-2023,SADHW2S1XM1, ,N/A,Jaguar,I-Pace, ,2021, ,87fe10d7d5a1914,76385, ,In-Vehicle (Commercial / Test),5th Generation, , ,5th Generation, , ,Version 8, , ,Waymo LLC, , ,,, ,Y,Yes (specify below),"CA DMV, CA PUC",Yes,ADS,Waymo LLC, , ,Y, , , , , ,,NOV-2023, ,NOV-2023,19:59, ,72fb4226e3fbbf1,[MAY CONTAIN PERSONALLY IDENTIFIABLE INFORMATION], ,[MAY CONTAIN PERSONALLY IDENTIFIABLE INFORMATION], ,[MAY CONTAIN PERSONALLY IDENTIFIABLE INFORMATION], ,Los Angeles, ,CA ,[MAY CONTAIN PERSONALLY IDENTIFIABLE INFORMATION], ,Intersection,Dry,No Unusual Conditions,30, ,Dark - Lighted,Y, , , , , , , ,,Passenger Car,No Injuries Reported,Yes,Proceeding Straight,No,No, , ,Y, , ,Y, , ,Y, , ,Stopped,No,No,Yes,0, ,Y, , ,Y, , ,Y, , , , , , ,Y, ,Y,Y, , ,No,, ,Yes,, ,, ,, ,Yes, ,"On November [XXX], 2023 at 7:59 PM PT a Waymo Autonomous Vehicle (""Waymo AV"") operating in Los Angeles, California was in a collision involving a passenger vehicle on [XXX] at [XXX].
The Waymo AV was stopped for a red light facing southeast on [XXX] at [XXX] when a passenger vehicle approached from behind and made contact with the rear of the Waymo AV.  At the time of the impact, the Waymo AV's Level 4 ADS was engaged in autonomous mode, and a test driver was present (in the driver's seating position).  The Waymo AV sustained damage.
Transdev Alternative Services is reporting this crash under Request No. 2 of Standing General Order 2021-01.  Transdev may supplement or correct its reporting in the future.  This is a duplicate of report ID: 30270-6857-1.",
30531-6863,1,Transdev Alternative Services,Monthly,11,2023,DEC-2023,SADHW2S19M1, ,N/A,Jaguar,I-Pace, ,2021, ,0d3e2d7733ecaee,53528, ,In-Vehicle (Commercial / Test),5th Generation, , ,5th Generation, , ,Version 8, , ,Waymo LLC, , ,,, ,Y,No,,Yes,ADS,Waymo LLC, , ,Y, , , , , ,,NOV-2023, ,NOV-2023,04:06, ,8298ed805404448,[MAY CONTAIN PERSONALLY IDENTIFIABLE INFORMATION], ,[MAY CONTAIN PERSONALLY IDENTIFIABLE INFORMATION], ,[MAY CONTAIN PERSONALLY IDENTIFIABLE INFORMATION], ,Austin, ,TX ,[MAY CONTAIN PERSONALLY IDENTIFIABLE INFORMATION], ,Intersection,Dry,No Unusual Conditions,30, ,Dark - Lighted,Y, , , , , , , ,,Pickup Truck,No Injuries Reported,Yes,Proceeding Straight,No,No, , , , , , , , ,Y, , ,Stopped,No,No,Yes,0, ,Y, , , , , , , , , , , , ,Y, ,Y,Y, , ,No,, ,Yes,, ,, ,, ,Yes, ,"On November [XXX], 2023 at 4:06 AM PT a Waymo Autonomous Vehicle (""Waymo AV"") operating in Austin, Texas was in a collision involving a pickup truck on [XXX] at [XXX].
The Waymo AV was traveling southbound on [XXX] and stopped at a red light on [XXX], preparing to make a right turn onto southbound [XXX].  A pickup truck approached from behind and made contact with the rear of the Waymo AV.  At the time of the impact, the Waymo AV's Level 4 ADS was engaged in autonomous mode, and a test driver was present (in the driver's seating position). Both vehicles sustained damage.
Transdev Alternative Services is reporting this crash under Request No. 2 of Standing General Order 2021-01.  Transdev may supplement or correct its reporting in the future.  This report is a duplicate of report ID 30270-6853-1.",
30531-6862,1,Transdev Alternative Services,Monthly,11,2023,DEC-2023,SADHW2S11M1, ,N/A,Jaguar,I-Pace, ,2021, ,b1a598663322901,79098, ,In-Vehicle (Commercial / Test),5th Generation, , ,5th Generation, , ,Version 8, , ,Waymo LLC, , ,,, ,Y,Yes (specify below),"CA DMV, CA PUC",Yes,ADS,Waymo LLC, , ,Y, , , , , ,,NOV-2023, ,NOV-2023,15:44, ,ee3530ef1c1d0eb,[MAY CONTAIN PERSONALLY IDENTIFIABLE INFORMATION], ,[MAY CONTAIN PERSONALLY IDENTIFIABLE INFORMATION], ,[MAY CONTAIN PERSONALLY IDENTIFIABLE INFORMATION], ,San Francisco, ,CA ,[MAY CONTAIN PERSONALLY IDENTIFIABLE INFORMATION], ,Intersection,Dry,No Unusual Conditions,25, ,Daylight,Y, , , , , , , ,,Passenger Car,No Injuries Reported,Yes,Proceeding Straight,No,No, , ,Y, , ,Y, , ,Y, , ,Stopped,No,No,Yes,0, ,Y, , ,Y, , ,Y, , , , , , ,Y, ,Y,Y, , ,No,, ,Yes,, ,, ,, ,Yes, ,"On November [XXX], 2023 at 3:44 PM PT a Waymo Autonomous Vehicle (""Waymo AV"") operating in San Francisco, California was in a collision involving a passenger car on [XXX] at [XXX].
The Waymo AV was stopped in the rightmost non-HOV lane on northbound [XXX] waiting for the intersection at [XXX] to clear during a green light.  The passenger car behind the Waymo AV was rear-ended by a pickup truck, causing the front of the passenger car to make contact with the rear of the Waymo AV.  At the time of the impact, the Waymo AV's Level 4 ADS was engaged in autonomous mode, and a test driver was present (in the driver's seating position).  All three vehicles sustained damage.
Transdev Alternative Services is reporting this crash under Request No. 2 of Standing General Order 2021-01.  Transdev may supplement or correct its reporting.  This is a duplicate of report ID 30270-6839-1.",
30270-6857,1,Waymo LLC,Monthly,11,2023,DEC-2023,SADHW2S1XM1, ,N/A,Jaguar,I-Pace, ,2021, ,87fe10d7d5a1914,76385, ,In-Vehicle (Commercial / Test),5th Generation, , ,5th Generation, , ,Version 8, , ,Transdev Alternative Services, , ,,, ,Y,Yes (specify below),"CA DMV, CA PUC",Yes,ADS,Waymo LLC, , ,Y, , , , , ,,NOV-2023, ,NOV-2023,19:59, ,72fb4226e3fbbf1,[MAY CONTAIN PERSONALLY IDENTIFIABLE INFORMATION], ,[MAY CONTAIN PERSONALLY IDENTIFIABLE INFORMATION], ,[MAY CONTAIN PERSONALLY IDENTIFIABLE INFORMATION], ,Los Angeles, ,CA ,[MAY CONTAIN PERSONALLY IDENTIFIABLE INFORMATION], ,Intersection,Dry,No Unusual Conditions,30, ,Dark - Lighted,Y, , , , , , , ,,Passenger Car,No Injuries Reported,Yes,Proceeding Straight,No,No, , ,Y, , ,Y, , ,Y, , ,Stopped,No,No,Yes,0, ,Y, , ,Y, , ,Y, , , , , , ,Y, ,Y,Y, , ,No,, ,Yes,, ,, ,, ,Yes, ,"On November [XXX], 2023 at 7:59 PM PT a Waymo Autonomous Vehicle (Waymo AV) operating in Los Angeles, California was in a collision involving a passenger vehicle on [XXX] at [XXX].
The Waymo AV was stopped for a red light facing southeast on [XXX] at [XXX] when a passenger vehicle approached from behind and made contact with the rear of the Waymo AV. At the time of the impact, the Waymo AVs Level 4 ADS was engaged in autonomous mode, and a test driver was present (in the drivers seating position). The Waymo AV sustained damage.
Waymo is reporting this crash under Request No. 2 of Standing General Order 2021-01. Waymo may supplement or correct its reporting with additional information as it may become available.",
30270-6854,1,Waymo LLC,Monthly,11,2023,DEC-2023,SADHW2S10M1, ,N/A,Jaguar,I-Pace, ,2021, ,81a0d3e9200c69c,77212, ,None,5th Generation, , ,5th Generation, , ,Version 8, , ,, ,Y,,, ,Y,Yes (specify below),ADOT,Yes,ADS,Waymo LLC, , ,Y, , , , , ,,NOV-2023, ,NOV-2023,21:36, ,e338e867dca2386,[MAY CONTAIN PERSONALLY IDENTIFIABLE INFORMATION], ,[MAY CONTAIN PERSONALLY IDENTIFIABLE INFORMATION], ,[MAY CONTAIN PERSONALLY IDENTIFIABLE INFORMATION], ,Tempe, ,AZ ,[MAY CONTAIN PERSONALLY IDENTIFIABLE INFORMATION], ,Parking Lot,Dry,No Unusual Conditions,15, ,Dark - Lighted,Y, , , , , , , ,,"Other, see Narrative",No Injuries Reported,Yes,"Other, see Narrative",Not Applicable,Not Applicable, , , , , , , , , , ,Y,Proceeding Straight,No,No,Yes,10, , , , , , , ,Y, , , , , , ,Y, ,Y,Y, , ,No,, ,Yes,, ,, ,, ,Yes, ,"On November [XXX], 2023 at 8:36 PM PT a Waymo Autonomous Vehicle (Waymo AV) operating in Tempe, Arizona was in a collision involving an automatic gate at [XXX].
The Waymo AV was traveling northbound through a parking lot at an apartment complex, heading toward [XXX]. An automatic gate was closing as the Waymo AV approached, and the gate made contact with the rear side sensors of the Waymo AV. At the time of the impact, the Waymo AVs Level 4 ADS was engaged in autonomous mode. The Waymo AV sustained damage.
Waymo is reporting this crash under Request No. 2 of Standing General Order 2021-01. Waymo may supplement or correct its reporting with additional information as it may become available.",
988-6859,1,PACCAR Incorporated,Monthly,12,2023,DEC-2023,1XPBD49X6PD, ,[MAY CONTAIN PERSONALLY IDENTIFIABLE INFORMATION],Peterbilt,579, ,2023, ,eef7ddcb9ef4832,83468, ,In-Vehicle (Commercial / Test),"[REDACTED, MAY CONTAIN CONFIDENTIAL BUSINESS INFORMATION]", ,Y,, , ,, , ,"Aurora Operations, Inc.", , ,,, ,Y,No,,Yes,ADS,"Aurora Operations, Inc.", , ,Y, ,Y, , , ,,NOV-2023, ,DEC-2023,09:56, ,460289782aa5d13,[MAY CONTAIN PERSONALLY IDENTIFIABLE INFORMATION], ,[MAY CONTAIN PERSONALLY IDENTIFIABLE INFORMATION], ,[MAY CONTAIN PERSONALLY IDENTIFIABLE INFORMATION], ,Ranger, ,TX ,[MAY CONTAIN PERSONALLY IDENTIFIABLE INFORMATION], ,Highway / Freeway,Wet,No Unusual Conditions,75, ,Daylight, , , , ,Y, , , ,,Pickup Truck,No Injuries Reported,Yes,Lane / Road Departure,Unknown,Unknown, , ,Y, , , , , , , , ,Proceeding Straight,No,No,Yes,67, , , , , , , , ,Y, , , , , ,Y, ,Y,Y, , ,No,, ,Yes,, ,, ,, ,Yes, ,"Reference: Aurora Operations, Inc. NHTSA-Provided Report # 30530-6818-1
This incident occurred near Ranger, TX on [XXX]  approximately 9:56 am CT on November [XXX], 2023. The Aurora vehicle was operating in autonomy at the time. Conditions were overcast, with light rain. As the Aurora vehicle was driving in its lane at 67 mph, a Ford pick-up truck overtaking the Aurora vehicle in the rightmost lane at approximately 80 mph appears to have hydroplaned, lost control, and hit the passenger-side rear portion of the trailer. 
Before the collision, the Aurora Driver detected the pick-up truck's encroachment into the Aurora vehicle's lane and initiated a nudge to the left to provide space. This was insufficient to completely avoid the collision, and the pickup truck made contact with the passenger side rear of the trailer. The Aurora Driver detected the collision and made the decision to initiate an incident response, but before it could execute that response, the Vehicle Operator took over control of the system and proceeded in manual. The Vehicle Operator received the notification that a collision had been detected and was initiating an incident response. The Vehicle Operator did not visually observe the collision and therefore assumed the reaction of the Aurora Driver to be a software anomaly worth escalated attention, rather than the correct detection of a collision and thus reported the incident through our escalated annotation protocol, rather than through our incident response protocols. We identified the incident at approximately 8:45 am CT on December [XXX], 2023 through a review of our data logs.
At this time, we are not aware of any injuries and, from camera footage, the pick-up truck also appears to have left the scene of the incident. There is also no indication of any cargo or major trailer damage.",
30270-6853,1,Waymo LLC,Monthly,11,2023,DEC-2023,SADHW2S19M1, ,N/A,Jaguar,I-Pace, ,2021, ,0d3e2d7733ecaee,53528, ,In-Vehicle (Commercial / Test),5th Generation, , ,5th Generation, , ,Version 8, , ,Transdev Alternative Services, , ,,, ,Y,No,,Yes,ADS,Waymo LLC, , ,Y, , , , , ,,NOV-2023, ,NOV-2023,04:06, ,8298ed805404448,[MAY CONTAIN PERSONALLY IDENTIFIABLE INFORMATION], ,[MAY CONTAIN PERSONALLY IDENTIFIABLE INFORMATION], ,[MAY CONTAIN PERSONALLY IDENTIFIABLE INFORMATION], ,Austin, ,TX ,[MAY CONTAIN PERSONALLY IDENTIFIABLE INFORMATION], ,Intersection,Dry,No Unusual Conditions,30, ,Dark - Lighted,Y, , , , , , , ,,Pickup Truck,No Injuries Reported,Yes,Proceeding Straight,No,No, , , , , , , , ,Y, , ,Stopped,No,No,Yes,0, ,Y, , , , , , , , , , , , ,Y, ,Y,Y, , ,No,, ,Yes,, ,, ,, ,Yes, ,"On November [XXX], 2023 at 4:06 AM PT a Waymo Autonomous Vehicle (Waymo AV) operating in Austin, Texas was in a collision involving a pickup truck on [XXX] at [XXX].
The Waymo AV was traveling southbound on [XXX] and stopped at a red light on [XXX], preparing to make a right turn onto southbound [XXX]. A pickup truck approached from behind and made contact with the rear of the Waymo AV. At the time of the impact, the Waymo AVs Level 4 ADS was engaged in autonomous mode, and a test driver was present (in the drivers seating position). Both vehicles sustained damage.
Waymo is reporting this crash under Request No. 2 of Standing General Order 2021-01. Waymo may supplement or correct its reporting with additional information as it may become available.",
30270-6839,1,Waymo LLC,Monthly,11,2023,DEC-2023,SADHW2S11M1, ,N/A,Jaguar,I-Pace, ,2021, ,b1a598663322901,79098, ,In-Vehicle (Commercial / Test),5th Generation, , ,5th Generation, , ,Version 8, , ,Transdev Alternative Services, , ,,, ,Y,Yes (specify below),"CA DMV, CA PUC",Yes,ADS,Waymo LLC, , ,Y, , , , , ,,NOV-2023, ,NOV-2023,15:44, ,ee3530ef1c1d0eb,[MAY CONTAIN PERSONALLY IDENTIFIABLE INFORMATION], ,[MAY CONTAIN PERSONALLY IDENTIFIABLE INFORMATION], ,[MAY CONTAIN PERSONALLY IDENTIFIABLE INFORMATION], ,San Francisco, ,CA ,[MAY CONTAIN PERSONALLY IDENTIFIABLE INFORMATION], ,Intersection,Dry,No Unusual Conditions,25, ,Daylight,Y, , , , , , , ,,Passenger Car,No Injuries Reported,Yes,Proceeding Straight,No,No, , ,Y, , ,Y, , ,Y, , ,Stopped,No,No,Yes,0, ,Y, , ,Y, , ,Y, , , , , , ,Y, ,Y,Y, , ,No,, ,Yes,, ,, ,, ,Yes, ,"On November [XXX], 2023 at 3:44 PM PT a Waymo Autonomous Vehicle (Waymo AV) operating in San Francisco, California was in a collision involving a passenger car on [XXX] at [XXX].
The Waymo AV was stopped in the rightmost non-HOV lane on northbound [XXX] waiting for the intersection at [XXX] to clear during a green light. The passenger car behind the Waymo AV was rear-ended by a pickup truck, causing the front of the passenger car to make contact with the rear of the Waymo AV. At the time of the impact, the Waymo AVs Level 4 ADS was engaged in autonomous mode, and a test driver was present (in the drivers seating position). All three vehicles sustained damage.
Waymo is reporting this crash under Request No. 2 of Standing General Order 2021-01. Waymo may supplement or correct its reporting with additional information as it may become available.",
30270-6838,1,Waymo LLC,Monthly,11,2023,DEC-2023,SADHW2S19M1, ,N/A,Jaguar,I-Pace, ,2021, ,fcda46c5029adeb,52707, ,None,5th Generation ADS, , ,5th Generation ADS, , ,Version 8, , ,, ,Y,,, ,Y,Yes (specify below),ADOT,Yes,ADS,Waymo LLC, , ,Y, , , , , ,,NOV-2023, ,NOV-2023,10:09, ,fbd3aaf3ba0e312,[MAY CONTAIN PERSONALLY IDENTIFIABLE INFORMATION], ,[MAY CONTAIN PERSONALLY IDENTIFIABLE INFORMATION], ,[MAY CONTAIN PERSONALLY IDENTIFIABLE INFORMATION], ,Tempe, ,AZ ,[MAY CONTAIN PERSONALLY IDENTIFIABLE INFORMATION], ,Parking Lot,Dry,No Unusual Conditions,5, ,Daylight,Y, , , , , , , ,,"Other, see Narrative",No Injuries Reported,Yes,"Other, see Narrative",Not Applicable,Not Applicable, , , , , , , , , , ,Y,Proceeding Straight,No,No,No Passengers in Vehicle,2, , , ,Y, , ,Y, , ,Y, , , , ,Y, ,Y,Y, , ,No,, ,Yes,, ,, ,, ,Yes, ,"On November [XXX] , 2023 at 10:09 AM PT a Waymo Autonomous Vehicle (Waymo AV) operating in Tempe, Arizona was in a collision involving a chain in a parking lot at [XXX].
The Waymo AV was traveling in a parking lot at [XXX] when it made contact with a hanging chain separating a section of the parking lot. At the time of the impact, the Waymo AVs Level 4 ADS was engaged in autonomous mode. The Waymo AV sustained damage.
Waymo is reporting this crash under Request No. 2 of Standing General Order 2021-01. Waymo may supplement or correct its reporting with additional information as it may become available.",
30530-6818,1,"Aurora Operations, Inc.",Monthly,12,2023,DEC-2023,1XPBD49X6PD, ,N/A,Peterbilt,579, ,2023, ,eef7ddcb9ef4832,83468, ,In-Vehicle (Commercial / Test),"[REDACTED, MAY CONTAIN CONFIDENTIAL BUSINESS INFORMATION]", ,Y,, , ,, , ,PACCAR Incorporated, , ,,, ,Y,No,,Yes,ADS,"Aurora Operations, Inc.", , ,Y, ,Y, , , ,,NOV-2023, ,DEC-2023,09:56, ,460289782aa5d13,[MAY CONTAIN PERSONALLY IDENTIFIABLE INFORMATION], ,[MAY CONTAIN PERSONALLY IDENTIFIABLE INFORMATION], ,[MAY CONTAIN PERSONALLY IDENTIFIABLE INFORMATION], ,Ranger, ,TX ,[MAY CONTAIN PERSONALLY IDENTIFIABLE INFORMATION], ,Highway / Freeway,Wet,No Unusual Conditions,75, ,Daylight, , , , ,Y, , , ,,Pickup Truck,No Injuries Reported,Yes,Lane / Road Departure,Unknown,Unknown, , ,Y, , , , , , , , ,Proceeding Straight,No,No,Yes,67, , , , , , , , ,Y, , , , , ,Y, ,Y,Y, , ,No,, ,Yes,, ,, ,, ,Yes, ,"This incident occurred near Ranger, TX on [XXX] at approximately 9:56 am CT on Nov. [XXX], 2023. The Aurora vehicle was operating in autonomy at the time. Conditions were overcast, with light rain. As the Aurora vehicle was driving in its lane at 67 mph, a Ford pick-up truck overtaking the Aurora vehicle in the rightmost lane at approximately 80 mph appears to have hydroplaned, lost control, and hit the passenger-side rear portion of the trailer. Before the collision, the Aurora Driver detected the pick-up trucks encroachment into the Aurora vehicles lane and initiated a nudge to the left to provide space. This was insufficient to completely avoid the collision, and the pick-up truck made contact with the passenger side rear of the trailer. The Aurora Driver detected the collision and made the decision to initiate an incident response, but before it could execute that response, the Vehicle Operator took over control of the system and proceeded in manual. The Vehicle Operator received the notification that a collision had been detected and was initiating an incident response. The Vehicle Operator did not visually observe the collision and therefore assumed the reaction of the Aurora Driver to be a software anomaly worth escalated attention, rather than the correct detection of a collision and thus reported the incident through our escalated annotation protocol, rather than through our incident response protocols. We identified the incident at approximately 8:45 am CT on December [XXX], 2023, through a review of our data logs. 
At this time, we are not aware of any injuries and, from camera footage, the pick-up truck also appears to have left the scene of the incident. There is also no indication of any cargo or major trailer damage.",
540-6400,4,"General Motors, LLC",Update,,,DEC-2023,5G21A6P0XP4, ,N/A,Cruise,AV, ,2023, ,244abee15187c37,5091, ,Remote (Commercial / Test),,Y, ,,Y, ,,Y, ,Cruise LLC, , ,,, ,Y,Yes (specify below),CA,Yes,ADS,Cruise LLC, , ,Y, ,Y, , , ,,OCT-2023, ,OCT-2023,21:29, ,8cb088f47f347b4,[MAY CONTAIN PERSONALLY IDENTIFIABLE INFORMATION], ,[MAY CONTAIN PERSONALLY IDENTIFIABLE INFORMATION], ,[MAY CONTAIN PERSONALLY IDENTIFIABLE INFORMATION], ,San Francisco, ,CA ,[MAY CONTAIN PERSONALLY IDENTIFIABLE INFORMATION], ,Intersection,Dry,No Unusual Conditions,25, ,Dark - Lighted,Y, , , , , , , ,,Non-Motorist: Pedestrian,Serious,No,NM Crossing Roadway,,, , , , , , , , , , , ,Proceeding Straight,No,No,No Passengers in Vehicle,14, , , , , , , , , , ,Y, ,Y,Y,Y, ,Y,Y, , ,Yes,San Francisco Police Department, ,Yes,[MAY CONTAIN PERSONALLY IDENTIFIABLE INFORMATION], ,,Y,,Y,"Unknown, see Narrative", ,"On December 15, 2023, GM Cruise Holdings LLC (""Cruise"") filed an update Incident Report (the ""Report"") under the Second Amended Standing General Order 2021-01, dated April 5, 2023 (the ""Order"") General Motors LLC (GM) manufactured the Cruise-operated motor vehicle involved in the incident summarized in the Incident Report. Because GM is also a Reporting Entity under the Order, GM is submitting a duplicate of the redacted public copy of the Report. GM has selected ""Unknown"" in the ""ADS version"" and ""ODD time"" fields solely to avoid a second submission of nonpublic Cruise CBI GM is in possession of Cruise's responses to these fields, and incorporates Cruise's responses into this submission by reference. GM's submission is based on facts supplied to GM by Cruise. GM has not investigated the alleged incident and currently believes, based on a reasonable inquiry, that it has no independent knowledge of the facts in the Report. (Reference file: 30412-6395-4).",
30412-6395,4,Cruise LLC,Update,,,DEC-2023,5G21A6P0XP4, ,N/A,Cruise,AV, ,2023, ,244abee15187c37,5091, ,Remote (Commercial / Test),"[REDACTED, MAY CONTAIN CONFIDENTIAL BUSINESS INFORMATION]", ,Y,"[REDACTED, MAY CONTAIN CONFIDENTIAL BUSINESS INFORMATION]", ,Y,"[REDACTED, MAY CONTAIN CONFIDENTIAL BUSINESS INFORMATION]", ,Y,"General Motors, LLC", , ,,, ,Y,Yes (specify below),CA,Yes,ADS,Cruise LLC, , ,Y, ,Y, , , ,,OCT-2023, ,OCT-2023,21:29, ,8cb088f47f347b4,[MAY CONTAIN PERSONALLY IDENTIFIABLE INFORMATION], ,[MAY CONTAIN PERSONALLY IDENTIFIABLE INFORMATION], ,[MAY CONTAIN PERSONALLY IDENTIFIABLE INFORMATION], ,San Francisco, ,CA ,[MAY CONTAIN PERSONALLY IDENTIFIABLE INFORMATION], ,Intersection,Dry,No Unusual Conditions,25, ,Dark - Lighted,Y, , , , , , , ,,Non-Motorist: Pedestrian,Serious,No,NM Crossing Roadway,,, , , , , , , , , , , ,Proceeding Straight,No,No,No Passengers in Vehicle,14, , , , , , , , , , ,Y, ,Y,Y,Y, ,Y,Y, , ,Yes,San Francisco Police Department, ,Yes,[MAY CONTAIN PERSONALLY IDENTIFIABLE INFORMATION], ,,Y,,Y,"[REDACTED, MAY CONTAIN CONFIDENTIAL BUSINESS INFORMATION]",Y,"Cruise is submitting this updated report to indicate in the Post-Crash Information section that it has received a California Highway Patrol Traffic Collision Report in connection with the reported incident.  There are no other changes to Cruise's previous submission (30412-6395-3): A Cruise autonomous vehicle (AV), operating in driverless autonomous mode, was at a complete stop in response to a red light on southbound [XXX] at the intersection with [XXX]. A dark colored Nissan Sentra was also stopped in the adjacent lane to the left of the AV. As the Nissan Sentra and the AV proceeded through the intersection after the light turned green, a pedestrian entered the crosswalk on the opposite side of [XXX] across from the vehicles and proceeded through the intersection against a red light. The pedestrian passed completely through the AVs lane of travel but stopped mid-crosswalk in front of the Nissan Sentra. Shortly thereafter, the Nissan Sentra made contact with the pedestrian, deflecting the pedestrian in front of the AV. The AV braked aggressively but, shortly thereafter, made contact with the pedestrian. The AV then attempted to pull over out of traffic, pulling the individual forward, rather than remaining stationary. The driver of the Nissan Sentra left the scene shortly after the collision. Police and Emergency Medical Services (EMS) were called to the scene and the pedestrian was transported by EMS. On November 2, 2023, Cruise submitted a voluntary recall report to NHTSA relating to the AVs response after the collision, based on updated analysis that Cruise performed since the filing of the previous submissions.",Y
28349-6820,1,"Lucid USA, Inc.",5-Day,,,DEC-2023,50EA1GBA5PA, ,N/A,LUCID AIR,GRAND TOURING, ,2023, ,dd6ce3209c07e9d,1824, ,Consumer,"[REDACTED, MAY CONTAIN CONFIDENTIAL BUSINESS INFORMATION]", ,Y,"[REDACTED, MAY CONTAIN CONFIDENTIAL BUSINESS INFORMATION]", ,Y,"[REDACTED, MAY CONTAIN CONFIDENTIAL BUSINESS INFORMATION]", ,Y,,Y, ,,, ,Y,No,,Yes,ADAS,, , ,Y, , , , , ,,DEC-2023, ,DEC-2023,06:01, ,e99bd9851a415e6,[MAY CONTAIN PERSONALLY IDENTIFIABLE INFORMATION], ,[MAY CONTAIN PERSONALLY IDENTIFIABLE INFORMATION], ,[MAY CONTAIN PERSONALLY IDENTIFIABLE INFORMATION], ,COLUMBIA, ,MD ,,Y,Highway / Freeway,Unknown,Unknown,,Y,Dawn / Dusk, , , ,Y, , , , ,,Unknown,No Injuries Reported,Unknown,Unknown,Unknown,Unknown, , , , , , , , , , ,Y,Proceeding Straight,Yes,Yes,Yes,66, , , ,Y, , ,Y, , ,Y, , , , ,Y, , , , , ,Unknown,,Y,Yes,,Y,,Y,,Y,"[REDACTED, MAY CONTAIN CONFIDENTIAL BUSINESS INFORMATION]",Y,"Following a customer call on Dec 12, 2023, Lucid investigated this incident. Pre-crash movement through telematics data shows the Lucid Air proceeding straight with a speed of 66 mph on Dec [XXX], 2023 before the data loss between 6:01:31-6:01:52 PST (time of incident). Initial information indicates that the Lucid Air was towed to [XXX], that only the driver-seatbelt was buckled, and an airbag deployment was confirmed. No injuries were reported at this time. Telematics reveal that Highway Assist, an SAE Level 2 ADAS feature, was active and was disengaged at 6:01:17 PST, 14 seconds prior to the data loss presumed to indicate the accident, via a lateral override on the steering wheel. The telematics data shows that the location of the Lucid Air before the data loss was on the [XXX] from Northbound [XXX] in Columbia, Maryland. The speed of the Lucid Air at impact is 66 mph.",Y