Report ID,Report Version,Reporting Entity,Report Type,Report Month,Report Year,Report Submission Date,VIN,VIN - Unknown,Serial Number,Make,Model,Model - Unknown,Model Year,Model Year - Unknown,Same Vehicle ID,Mileage,Mileage - Unknown,Driver / Operator Type,ADAS/ADS System Version,ADAS/ADS System Version - Unk,ADAS/ADS System Version CBI,ADAS/ADS Hardware Version,ADAS/ADS Hardware Version - Unk,ADAS/ADS Hardware Version CBI,ADAS/ADS Software Version,ADAS/ADS Software Version - Unk,ADAS/ADS Software Version CBI,Other Reporting Entities?,Other Reporting Entities? - Unk,Other Reporting Entities? - NA,Federal Regulatory Exemption?,Other Federal Reg. Exemption,Federal Reg. Exemption - Unk,Federal Reg. Exemption - No,State or Local Permit?,State or Local Permit,ADS Equipped?,Automation System Engaged?,Operating Entity,Operating Entity - Unknown,Source - Complaint/Claim,Source - Telematics,Source - Law Enforcement,Source - Field Report,Source - Testing,Source - Media,Source - Other,Source - Other Text,Incident Date,Incident Date - Unknown,Notice Received Date,Incident Time (24:00),Incident Time - Unknown,Same Incident ID,Latitude,Latitude - Unknown,Longitude,Longitude - Unknown,Address,Address - Unknown,City,City - Unknown,State,Zip Code,Zip Code - Unknown,Roadway Type,Roadway Surface,Roadway Description,Posted Speed Limit (MPH),Posted Speed Limit - Unknown,Lighting,Weather - Clear,Weather - Snow,Weather - Cloudy,Weather - Fog/Smoke,Weather - Rain,Weather - Severe Wind,Weather - Unknown,Weather - Other,Weather - Other Text,Crash With,Highest Injury Severity Alleged,Property Damage?,CP Pre-Crash Movement,CP Any Air Bags Deployed?,CP Was Vehicle Towed?,CP Contact Area - Rear Left,CP Contact Area - Left,CP Contact Area - Front Left,CP Contact Area - Rear,CP Contact Area - Top,CP Contact Area - Front,CP Contact Area - Rear Right,CP Contact Area - Right,CP Contact Area - Front Right,CP Contact Area - Bottom,CP Contact Area - Unknown,SV Pre-Crash Movement,SV Any Air Bags Deployed?,SV Was Vehicle Towed?,SV Were All Passengers Belted?,SV Precrash Speed (MPH),SV Pre-crash Speed - Unknown,SV Contact Area - Rear Left,SV Contact Area - Left,SV Contact Area - Front Left,SV Contact Area - Rear,SV Contact Area - Top,SV Contact Area - Front,SV Contact Area - Rear Right,SV Contact Area - Right,SV Contact Area - Front Right,SV Contact Area - Bottom,SV Contact Area - Unknown,Data Availability - EDR,Data Availability - Police Rpt,Data Availability - Telematics,Data Availability - Complaints,Data Availability - Video,Data Availability - Other,Data Availability - No Data,Data Availability - Unknown,Law Enforcement Investigating?,Investigating Agency,Investigating Agency - Unknown,Rep Ent Or Mfr Investigating?,Investigating Officer Name,Inv. Officer Name - Unknown,Investigating Officer Phone,Inv. Officer Phone - Unknown,Investigating Officer Email,Inv. Officer Email - Unknown,Within ODD?,Within ODD? - CBI,Narrative,Narrative - CBI?
30412-6395,3,Cruise LLC,Update,,,NOV-2023,5G21A6P0XP4, ,N/A,Cruise,AV, ,2023, ,244abee15187c37,5091, ,Remote (Commercial / Test),"[REDACTED, MAY CONTAIN CONFIDENTIAL BUSINESS INFORMATION]", ,Y,"[REDACTED, MAY CONTAIN CONFIDENTIAL BUSINESS INFORMATION]", ,Y,"[REDACTED, MAY CONTAIN CONFIDENTIAL BUSINESS INFORMATION]", ,Y,"General Motors, LLC", , ,,, ,Y,Yes (specify below),CA,Yes,ADS,Cruise LLC, , ,Y, ,Y, , , ,,OCT-2023, ,OCT-2023,21:29, ,8cb088f47f347b4,[MAY CONTAIN PERSONALLY IDENTIFIABLE INFORMATION], ,[MAY CONTAIN PERSONALLY IDENTIFIABLE INFORMATION], ,[MAY CONTAIN PERSONALLY IDENTIFIABLE INFORMATION], ,San Francisco, ,CA ,[MAY CONTAIN PERSONALLY IDENTIFIABLE INFORMATION], ,Intersection,Dry,No Unusual Conditions,25, ,Dark - Lighted,Y, , , , , , , ,,Non-Motorist: Pedestrian,Serious,No,NM Crossing Roadway,,, , , , , , , , , , , ,Proceeding Straight,No,No,No Passengers in Vehicle,14, , , , , , , , , , ,Y, ,Y, ,Y, ,Y,Y, , ,Yes,San Francisco Police Department, ,Yes,[MAY CONTAIN PERSONALLY IDENTIFIABLE INFORMATION], ,,Y,,Y,"[REDACTED, MAY CONTAIN CONFIDENTIAL BUSINESS INFORMATION]",Y,"Cruise is submitting this updated report to correct the pre-crash speed and provide additional information in the narrative since the previous submission (30412-6395-2) on October 12, 2023. A Cruise autonomous vehicle (AV), operating in driverless autonomous mode, was at a complete stop in response to a red light on southbound [XXX] at the intersection with [XXX]. A dark colored Nissan Sentra was also stopped in the adjacent lane to the left of the AV. As the Nissan Sentra and the AV proceeded through the intersection after the light turned green, a pedestrian entered the crosswalk on the opposite side of [XXX] across from the vehicles and proceeded through the intersection against a red light. The pedestrian passed completely through the AVs lane of travel but stopped mid-crosswalk in front of the Nissan Sentra. Shortly thereafter, the Nissan Sentra made contact with the pedestrian, deflecting the pedestrian in front of the AV. The AV braked aggressively but, shortly thereafter, made contact with the pedestrian. The AV then attempted to pull over out of traffic, pulling the individual forward, rather than remaining stationary. The driver of the Nissan Sentra left the scene shortly after the collision. Police and Emergency Medical Services (EMS) were called to the scene and the pedestrian was transported by EMS. On November 2, 2023, Cruise submitted a voluntary recall report to NHTSA relating to the AVs response after the collision, based on updated analysis that Cruise performed since the filing of the previous submissions. [REDACTED, MAY CONTAIN CONFIDENTIAL BUSINESS INFORMATION]",Y
30270-6566,1,Waymo LLC,5-Day,,,NOV-2023,SADHW2S11M1, ,N/A,Jaguar,I-Pace, ,2021, ,e736a273624743b,89981, ,None,5th Generation, , ,5th Generation, , ,Version 8, , ,, ,Y,,, ,Y,Yes (specify below),ADOT,Yes,ADS,Waymo LLC, , ,Y, , , , , ,,OCT-2023, ,OCT-2023,19:18, ,434911b9ab45ec9,[MAY CONTAIN PERSONALLY IDENTIFIABLE INFORMATION], ,[MAY CONTAIN PERSONALLY IDENTIFIABLE INFORMATION], ,[MAY CONTAIN PERSONALLY IDENTIFIABLE INFORMATION], ,Chandler, ,AZ ,[MAY CONTAIN PERSONALLY IDENTIFIABLE INFORMATION], ,Street,Dry,No Unusual Conditions,45, ,Dark - Lighted,Y, , , , , , , ,,Passenger Car,Minor,Yes,Proceeding Straight,No,No, , ,Y, , ,Y, , ,Y, , ,Proceeding Straight,No,Yes,Yes,50, ,Y, , ,Y, , ,Y, , , , , , ,Y, ,Y,Y, , ,Unknown,,Y,Yes,,Y,,Y,,Y,Yes, ,"On October [XXX], 2023 at 7:18 PM PT a Waymo Autonomous Vehicle (Waymo AV) operating in Chandler, Arizona was in a collision involving a passenger vehicle on [XXX] near [XXX].
The Waymo AV was traveling northbound on [XXX] in the far left lane. As it passed [XXX], it detected a passenger vehicle approaching from behind and traveling at a higher rate of speed. The Waymo AV briefly accelerated because it recognized the speed of the vehicle approaching from behind, but the passenger vehicle made contact with the rear of the Waymo AV. At the time of the impact, the Waymo AVs Level 4 ADS was engaged in autonomous mode. Both vehicles sustained damage.
Waymo is reporting this crash under Request No. 1 of Standing General Order 2021-01 because a vehicle involved was towed away. Waymo may supplement or correct its reporting with additional information as it may become available.",
988-6565,1,PACCAR Incorporated,Monthly,10,2023,NOV-2023,1XKYDP9X7KJ, ,N/A,KENWORTH,T680, ,2019, ,c95b3ff7fcd3ee1,278167, ,In-Vehicle (Commercial / Test),"[REDACTED, MAY CONTAIN CONFIDENTIAL BUSINESS INFORMATION]", ,Y,"[REDACTED, MAY CONTAIN CONFIDENTIAL BUSINESS INFORMATION]", ,Y,"[REDACTED, MAY CONTAIN CONFIDENTIAL BUSINESS INFORMATION]", ,Y,Kodiak Robotics, , ,,, ,Y,No,,Yes,ADS,"Kodiak Robotics, Inc.", , , , , ,Y, , ,,OCT-2023, ,OCT-2023,15:08, ,1247cf7e78f61f6,[MAY CONTAIN PERSONALLY IDENTIFIABLE INFORMATION], ,[MAY CONTAIN PERSONALLY IDENTIFIABLE INFORMATION], ,[MAY CONTAIN PERSONALLY IDENTIFIABLE INFORMATION], ,Fort Worth, ,TX ,[MAY CONTAIN PERSONALLY IDENTIFIABLE INFORMATION], ,Highway / Freeway,Dry,No Unusual Conditions,75, ,Daylight,Y, , , , , , , ,,Heavy Truck,No Injuries Reported,Yes,Lane / Road Departure,No,No, , , , , , ,Y, , , , ,Proceeding Straight,No,No,Yes,34, , , ,Y, , , , , , , , , , ,Y, ,Y,Y, , ,No,, ,No,, ,, ,, ,Yes, ,"On October 30, 2023, PACCAR was informed by Kodiak, Inc of the incident that occurred October [XXX]. 
On October [XXX], 2023 at 3:08 PM CT, a tractor-trailer entered the lane of Kodiak Autonomous Vehicle (""Kodiak AV""), Kenworth Class 8 semi-truck and made minor contact. The Kodiak AV was driving westbound on [XXX] in Fort Worth, Texas, near [XXX].
The Kodiak AV was operating with a safety driver (in the driver's seating position), who transitioned the vehicle from autonomous to manual mode approximately 5 seconds prior to impact, due to the other truck encroaching on the Kodiak AV's lane. At the time of impact, the Kodiak AV was in manual mode. 
No injuries occurred in the incident. The Kodiak AV pulled over after the incident, and the other driver continued down the road. The Kodiak AV's mirror-mounted SensorPod sustained minor scratches. 
PACCAR may supplement or correct reporting with additional information as it may become available from Kodiak.",
30391-6563,1,Kodiak Robotics,Monthly,10,2023,NOV-2023,1XKYDP9X7KJ, ,N/A,Kenworth Motor Truck Co,T680, ,2019, ,c95b3ff7fcd3ee1,278167, ,In-Vehicle (Commercial / Test),"[REDACTED, MAY CONTAIN CONFIDENTIAL BUSINESS INFORMATION]", ,Y,"[REDACTED, MAY CONTAIN CONFIDENTIAL BUSINESS INFORMATION]", ,Y,"[REDACTED, MAY CONTAIN CONFIDENTIAL BUSINESS INFORMATION]", ,Y,PACCAR Incorporated, , ,,, ,Y,No,,Yes,ADS,"Kodiak Robotics, Inc.", , , , , ,Y, , ,,OCT-2023, ,OCT-2023,15:08, ,1247cf7e78f61f6,[MAY CONTAIN PERSONALLY IDENTIFIABLE INFORMATION], ,[MAY CONTAIN PERSONALLY IDENTIFIABLE INFORMATION], ,[MAY CONTAIN PERSONALLY IDENTIFIABLE INFORMATION], ,Fort Worth, ,TX ,[MAY CONTAIN PERSONALLY IDENTIFIABLE INFORMATION], ,Highway / Freeway,Dry,No Unusual Conditions,75, ,Daylight,Y, , , , , , , ,,Heavy Truck,No Injuries Reported,Yes,Lane / Road Departure,No,No, , , , , , ,Y, , , , ,Proceeding Straight,No,No,Yes,34, , , ,Y, , , , , , , , , , ,Y, ,Y,Y, , ,No,, ,No,, ,, ,, ,Yes, ,"On October [XXX], 2023 at 3:08 PM CT a tractor-trailer entered the lane of a Kodiak Autonomous Vehicle (Kodiak AV) Kenworth Class 8 semi-truck and made minor contact. The Kodiak AV was driving westbound on [XXX] in Fort Worth, Texas near [XXX].
The Kodiak AV was operating with a safety driver (in the drivers seating position), who transitioned the vehicle from autonomous to manual mode approximately 5 seconds prior to impact, due to the other truck encroaching on the Kodiak AVs lane. At the time of impact, the Kodiak AV was in manual mode.
No injuries occurred in the incident. The Kodiak AV pulled over after the incident, and the other driver continued down the road. The Kodiak AV's mirror-mounted SensorPod sustained minor scratches.
Kodiak may supplement or correct its reporting with additional information as it may become available.",
30270-6561,1,Waymo LLC,5-Day,,,OCT-2023,SADHW2S10M1, ,N/A,Jaguar,I-Pace, ,2021, ,269b2953f5264a1,73225, ,None,5th Generation, , ,5th Generation, , ,Version 8, , ,, ,Y,,, ,Y,Yes (specify below),ADOT,Yes,ADS,Waymo LLC, , ,Y, , , , , ,,OCT-2023, ,OCT-2023,13:29, ,e3bd842f3d0ff71,[MAY CONTAIN PERSONALLY IDENTIFIABLE INFORMATION], ,[MAY CONTAIN PERSONALLY IDENTIFIABLE INFORMATION], ,[MAY CONTAIN PERSONALLY IDENTIFIABLE INFORMATION], ,Phoenix, ,AZ ,[MAY CONTAIN PERSONALLY IDENTIFIABLE INFORMATION], ,Street,Dry,No Unusual Conditions,25, ,Daylight,Y, , , , , , , ,,"Other, see Narrative",No Injuries Reported,Yes,"Other, see Narrative",Not Applicable,Not Applicable, , , , , , , , , , ,Y,Proceeding Straight,No,Yes,Yes,19, , , , , , , , ,Y,Y, , , , ,Y, ,Y,Y, , ,Yes,Phoenix Police Department, ,Yes,[MAY CONTAIN PERSONALLY IDENTIFIABLE INFORMATION], ,,Y,[MAY CONTAIN PERSONALLY IDENTIFIABLE INFORMATION], ,Yes, ,"On October [XXX], 2023 at 1:29 PM PT a Waymo Autonomous Vehicle (Waymo AV) operating in Phoenix, Arizona was in a collision involving an automatic gate in a parking lot driveway at Central High School. 
The Waymo AV exited a parking lot at Central High School and was traveling eastbound toward [XXX], when the passengers side sensors and side mirror made contact with an automatic gate that was in the process of closing. At the time of the impact, the Waymo AVs Level 4 ADS was engaged in autonomous mode. The Waymo AV sustained damage.
Waymo is reporting this crash under Request No. 1 of Standing General Order 2021-01 because a vehicle involved was towed away. Waymo may supplement or correct its reporting with additional information as it may become available.",
30531-6532,2,Transdev Alternative Services,10-Day Update,,,OCT-2023,SADHW2S12M1, ,N/A,Jaguar,I-Pace, ,2021, ,1d6132bddbe10e4,78568, ,In-Vehicle (Commercial / Test),5th Generation, , ,5th Generation, , ,Version 8, , ,Waymo LLC, , ,,, ,Y,Yes (specify below),"DMV, CPUC",Yes,ADS,Waymo LLC, , ,Y, , , , , ,,OCT-2023, ,OCT-2023,9:24, ,d088b81d0aea602,[MAY CONTAIN PERSONALLY IDENTIFIABLE INFORMATION], ,[MAY CONTAIN PERSONALLY IDENTIFIABLE INFORMATION], ,[MAY CONTAIN PERSONALLY IDENTIFIABLE INFORMATION], ,San Francisco, ,CA ,[MAY CONTAIN PERSONALLY IDENTIFIABLE INFORMATION], ,Intersection,Dry,No Unusual Conditions,25, ,Daylight,Y, , , , , , , ,,Non-Motorist: Cyclist,No Injuries Reported,Yes,Proceeding Straight,,, , , , , , , , , , , ,Making Right Turn,No,No,Yes,13, , , , , , , , ,Y, , , , , ,Y, ,Y,Y, , ,No,, ,Yes,, ,, ,, ,Yes, ,"The content of this report is unchanged from the initial report submitted [REDACTED, MAY CONTAIN CONFIDENTIAL BUSINESS INFORMATION].
On October [XXX], 2023 at 9:24 AM PT a Waymo Autonomous Vehicle (""Waymo AV"") operating in San Francisco, California was in a collision involving a cyclist on [XXX] at [XXX].
The Waymo AV was in autonomous mode on eastbound [XXX] preparing to make a right turn onto southbound [XXX] and had stopped to yield, first for pedestrians to cross [XXX] and then for a cyclist approaching from behind traveling eastbound on the sidewalk of [XXX].  As the pedestrians finished crossing [XXX] but before the cyclist had reached [XXX], the Waymo AV test driver took manual control of the Waymo AV and began to accelerate and perform the right turn onto [XXX].  After the Waymo AV entered the crosswalk, the cyclist entered the crosswalk and made contact with the passenger's rear quarter panel of the Waymo AVE. At the time of the impact, the Waymo AV's Level 4 ADS was not engaged and a test driver was operating the vehicle.
Transdev Alternative Services is reporting a duplicate report from report number: 30270-6529-1.",
30270-6529,2,Waymo LLC,10-Day Update,,,OCT-2023,SADHW2S12M1, ,N/A,Jaguar,I-Pace, ,2021, ,1d6132bddbe10e4,78568, ,In-Vehicle (Commercial / Test),5th Generation, , ,5th Generation, , ,Version 8, , ,Transdev Alternative Services, , ,,, ,Y,Yes (specify below),"DMV, CPUC",Yes,ADS,Waymo LLC, , ,Y, , , , , ,,OCT-2023, ,OCT-2023,9:24, ,d088b81d0aea602,[MAY CONTAIN PERSONALLY IDENTIFIABLE INFORMATION], ,[MAY CONTAIN PERSONALLY IDENTIFIABLE INFORMATION], ,[MAY CONTAIN PERSONALLY IDENTIFIABLE INFORMATION], ,San Francisco, ,CA ,[MAY CONTAIN PERSONALLY IDENTIFIABLE INFORMATION], ,Intersection,Dry,No Unusual Conditions,25, ,Daylight,Y, , , , , , , ,,Non-Motorist: Cyclist,No Injuries Reported,Yes,Proceeding Straight,,, , , , , , , , , , , ,Making Right Turn,No,No,Yes,13, , , , , , , , ,Y, , , , , ,Y, ,Y,Y, , ,No,, ,Yes,, ,, ,, ,Yes, ,"The content of this report is unchanged from the initial report submitted on October 18, 2023 [REDACTED, MAY CONTAIN CONFIDENTIAL BUSINESS INFORMATION]. 
On October [XXX], 2023 at 9:24 AM PT a Waymo Autonomous Vehicle (Waymo AV) operating in San Francisco, California was in a collision involving a cyclist on [XXX] at [XXX]. 
The Waymo AV was in autonomous mode on eastbound [XXX] preparing to make a right turn onto southbound [XXX] and had stopped to yield, first for pedestrians to cross [XXX] and then for a cyclist approaching from behind traveling eastbound on the sidewalk of [XXX]. As the pedestrians finished crossing [XXX] but before the cyclist had reached [XXX], the Waymo AV test driver took manual control of the Waymo AV and began to accelerate and perform the right turn onto [XXX]. After the Waymo AV entered the crosswalk, the cyclist entered the crosswalk and made contact with the passengers rear quarter panel of the Waymo AV. At the time of the impact, the Waymo AVs Level 4 ADS was not engaged and a test driver was operating the Waymo AV in manual mode. The Waymo AV sustained damage.
Waymo is reporting this crash under Request No. 1 of Standing General Order 2021-01 because a vulnerable road user was involved. Waymo may supplement or correct its reporting with additional information as it may become available.",
540-6530,2,"General Motors, LLC",10-Day Update,,,OCT-2023,5G21A6P08P4, ,N/A,Cruise,AV, ,2023, ,3c845ca0f22b4b3,15003, ,Remote (Commercial / Test),,Y, ,,Y, ,,Y, ,Cruise LLC, , ,,, ,Y,Yes (specify below),CA,Yes,ADS,Cruise LLC, , ,Y, ,Y, , , ,,OCT-2023, ,OCT-2023,19:32, ,4848631652e9672,[MAY CONTAIN PERSONALLY IDENTIFIABLE INFORMATION], ,[MAY CONTAIN PERSONALLY IDENTIFIABLE INFORMATION], ,[MAY CONTAIN PERSONALLY IDENTIFIABLE INFORMATION], ,San Francisco, ,CA ,[MAY CONTAIN PERSONALLY IDENTIFIABLE INFORMATION], ,Street,Dry,No Unusual Conditions,25, ,Dark - Lighted,Y, , , , , , , ,,Motorcycle,Moderate,Yes,Proceeding Straight,No,No, , ,Y, , , , , , , , ,Proceeding Straight,No,No,No Passengers in Vehicle,2, , , , , , , ,Y, , , , ,Y,Y,Y, ,Y,Y, , ,Yes,San Francisco  Police Department, ,Yes,[MAY CONTAIN PERSONALLY IDENTIFIABLE INFORMATION], ,,Y,,Y,"Unknown, see Narrative", ,"On October 26, 2023, GM Cruise Holdings LLC (""Cruise"") filed a 10-day updated Incident Report (the ""Report"") under the Second Amended Standing General Order 2021-01, dated April 5, 2023 (the ""Order"") General Motors LLC (GM) manufactured the Cruise-operated motor vehicle involved in the incident summarized in the Incident Report. Because GM is also a Reporting Entity under the Order, GM is submitting a duplicate of the redacted public copy of the Report. GM has selected ""Unknown"" in the ""ADS version"" and ""ODD time"" fields solely to avoid a second submission of nonpublic Cruise CBI GM is in possession of Cruise's responses to these fields, and incorporates Cruise's responses into this submission by reference. GM's submission is based on facts supplied to GM by Cruise. GM has not investigated the alleged incident and currently believes, based on a reasonable inquiry, that it has no independent knowledge of the facts in the Report. (Reference file: 30412-6528-1).",
30412-6528,2,Cruise LLC,10-Day Update,,,OCT-2023,5G21A6P08P4, ,N/A,Cruise,AV, ,2023, ,3c845ca0f22b4b3,15003, ,Remote (Commercial / Test),"[REDACTED, MAY CONTAIN CONFIDENTIAL BUSINESS INFORMATION]", ,Y,"[REDACTED, MAY CONTAIN CONFIDENTIAL BUSINESS INFORMATION]", ,Y,"[REDACTED, MAY CONTAIN CONFIDENTIAL BUSINESS INFORMATION]", ,Y,"General Motors, LLC", , ,,, ,Y,Yes (specify below),CA,Yes,ADS,Cruise LLC, , ,Y, ,Y, , , ,,OCT-2023, ,OCT-2023,19:32, ,4848631652e9672,[MAY CONTAIN PERSONALLY IDENTIFIABLE INFORMATION], ,[MAY CONTAIN PERSONALLY IDENTIFIABLE INFORMATION], ,[MAY CONTAIN PERSONALLY IDENTIFIABLE INFORMATION], ,San Francisco, ,CA ,[MAY CONTAIN PERSONALLY IDENTIFIABLE INFORMATION], ,Street,Dry,No Unusual Conditions,25, ,Dark - Lighted,Y, , , , , , , ,,Motorcycle,Moderate,Yes,Proceeding Straight,No,No, , ,Y, , , , , , , , ,Proceeding Straight,No,No,No Passengers in Vehicle,2, , , , , , , ,Y, , , , ,Y,Y,Y, ,Y,Y, , ,Yes,San Francisco Police Department, ,Yes,[MAY CONTAIN PERSONALLY IDENTIFIABLE INFORMATION], ,,Y,,Y,"[REDACTED, MAY CONTAIN CONFIDENTIAL BUSINESS INFORMATION]",Y,"There are updates related to this incident since the original submission (30412-6528-1) on October 18, 2023. A Cruise autonomous vehicle (""AV""), operating in driverless autonomous mode, was traveling northbound on [XXX] in the left lane between [XXX] and [XXX]. As the AV passed through the intersection with [XXX], a bus traveling in the adjacent right lane ahead of the AV maneuvered into the AV's lane. Shortly thereafter, the AV braked and a motorcyclist traveling behind the AV rear-ended the AV, damaging the rear passenger side bumper fascia and rear passenger side wheel opening molding of the AV. Police and Emergency Medical Services (EMS) were called to the scene. The parties exchanged information. The motorcyclist was assessed by medical personnel and was transported by EMS to a hospital. [REDACTED, MAY CONTAIN CONFIDENTIAL BUSINESS INFORMATION]",Y
30270-6548,1,Waymo LLC,5-Day,,,OCT-2023,SADHW2S18M1, ,N/A,Jaguar,I-Pace, ,2021, ,c076b8ec8eaf73f,76624, ,None,5th Generation, , ,5th Generation, , ,Version 8, , ,, ,Y,,, ,Y,Yes (specify below),ADOT,Yes,ADS,Waymo LLC, , ,Y, , , , , ,,OCT-2023, ,OCT-2023,18:53, ,f23075bf3ae4c1d,[MAY CONTAIN PERSONALLY IDENTIFIABLE INFORMATION], ,[MAY CONTAIN PERSONALLY IDENTIFIABLE INFORMATION], ,[MAY CONTAIN PERSONALLY IDENTIFIABLE INFORMATION], ,Phoenix, ,AZ ,[MAY CONTAIN PERSONALLY IDENTIFIABLE INFORMATION], ,Street,Dry,Work Zone,25, ,Dark - Lighted,Y, , , , , , , ,,"Other, see Narrative",No Injuries Reported,Yes,"Other, see Narrative",Not Applicable,Not Applicable, , , , , , , , , , ,Y,Lane / Road Departure,No,Yes,Yes,8, , , , , , , , , , ,Y, , , ,Y, ,Y,Y, , ,No,, ,Yes,, ,, ,, ,Yes, ,"On October [XXX], 2023 at 6:53 PM PT a Waymo Autonomous Vehicle (Waymo AV) operating in Phoenix, Arizona experienced underbody damage in a construction zone on [XXX] near [XXX].
The Waymo AV was traveling through a construction zone on eastbound [XXX] and prepared to make a left turn onto northbound [XXX]. The Waymo AV entered a lane undergoing construction on [XXX], encountered a section of roadway that had been removed, and the front drivers side wheel dropped off the paved roadway. At the time of the event, the Waymo AVs Level 4 ADS was engaged in autonomous mode. The Waymo AV sustained damage.
Waymo is reporting this crash under Request No. 1 of Standing General Order 2021-01 because a vehicle involved was towed away. Waymo may supplement or correct its reporting with additional information as it may become available.",
30270-6542,1,Waymo LLC,5-Day,,,OCT-2023,SADHW2S18M1, ,N/A,Jaguar,I-Pace, ,2023, ,006bac2ce63f1bf,76843, ,None,5th Generation, , ,5th Generation, , ,Version 8, , ,, ,Y,,, ,Y,Yes (specify below),ADOT,Yes,ADS,Waymo LLC, , ,Y, , , , , ,,OCT-2023, ,OCT-2023,08:59, ,2e94dccbdb96501,[MAY CONTAIN PERSONALLY IDENTIFIABLE INFORMATION], ,[MAY CONTAIN PERSONALLY IDENTIFIABLE INFORMATION], ,[MAY CONTAIN PERSONALLY IDENTIFIABLE INFORMATION], ,Scottsdale, ,AZ ,[MAY CONTAIN PERSONALLY IDENTIFIABLE INFORMATION], ,Street,Dry,"Other, see Narrative",45, ,Daylight,Y, , , , , , , ,,"Other, see Narrative",Unknown,Yes,"Other, see Narrative",Unknown,Unknown,Y, , ,Y, , ,Y, , , , ,"Other, see Narrative",No,No,Yes,6, , , , , , , , , , , ,Y, , ,Y, ,Y,Y, , ,Unknown,,Y,Yes,,Y,,Y,,Y,Yes, ,"On October [XXX], 2023 at 8:59 AM PT a collision occurred in Scottsdale, Arizona involving two passenger vehicles traveling behind a Waymo Autonomous Vehicle (Waymo AV) on [XXX] near [XXX].
The Waymo AV was traveling northbound on [XXX] in the far left lane, with an SUV approaching from behind in the adjacent right lane, when the Waymo AV detected fallen tree branches in the left adjacent median, partially obstructing its own lane. As the Waymo AV approached and passed the tree branches, and as the SUV passed the Waymo AV, the Waymo AV braked. The passenger vehicle behind the Waymo AV was then impacted by the passenger vehicle traveling behind it. At the time of the impact between the two passenger vehicles, the Waymo AVs Level 4 ADS was engaged in autonomous mode. The two passenger vehicles sustained damage, but the Waymo AV did not. Waymo became aware of the collision on October 19, 2023 during an internal review process.
Waymo is reporting this crash under Request No. 1 of Standing General Order 2021-01 because video appears to show that airbags deployed in the striking vehicle. Waymo may supplement or correct its reporting with additional information as it may become available.",
30270-6522,2,Waymo LLC,Update,,,OCT-2023,SADHW2S12M1, ,N/A,Jaguar,I-Pace, ,2021, ,6e7c9396161664d,49500, ,In-Vehicle (Commercial / Test),5th Generation ADS, , ,5th Generation, , ,Version 8, , ,, ,Y,,, ,Y,Yes (specify below),"CA DMV, CA PUC",Yes,ADS,Waymo LLC, , ,Y, , , , , ,,SEP-2023, ,SEP-2023,21:00, ,3ff142802a5fce9,[MAY CONTAIN PERSONALLY IDENTIFIABLE INFORMATION], ,[MAY CONTAIN PERSONALLY IDENTIFIABLE INFORMATION], ,[MAY CONTAIN PERSONALLY IDENTIFIABLE INFORMATION], ,San Francisco, ,CA ,[MAY CONTAIN PERSONALLY IDENTIFIABLE INFORMATION], ,Intersection,Dry,No Unusual Conditions,35, ,Dark - Lighted,Y, , , , , , , ,,Passenger Car,No Injuries Reported,No,Proceeding Straight,No,No, , ,Y, , , , , , , , ,Stopped,No,No,Yes,0, , , , ,Y, , , , , , , , , ,Y, ,Y,Y, , ,No,, ,Yes,, ,, ,, ,Yes, ,"On September [XXX], 2023 at 9:00 PM PT a Waymo Autonomous Vehicle (""Waymo AV"") operating in San Francisco, California was in a collision involving a passenger car on [XXX] at the intersection with [XXX].
The Waymo AV was proceeding south on [XXX] in the leftmost lane and entered the slip lane to proceed north on [XXX]. As the Waymo AV came to a stop for a red light at the intersection with [XXX], the front of the passenger car which was following behind the Waymo AV made contact with the rear of the Waymo AV. The Waymo AV sustained damage. At the time of the impact, the Waymo AVs Level 4 ADS was engaged in autonomous mode, and a test driver was present.
Waymo is reporting this crash under Request No. 2 of Standing General Order 2021-01. The previously submitted version of this report incorrectly listed the wrong zip code, and ""September 20th"" was noted as the date of this event in the narrative. This updated submission has been corrected to reflect the correct zip code and date.",