Report ID,Report Version,Reporting Entity,Report Type,Report Month,Report Year,Report Submission Date,VIN,VIN - Unknown,Serial Number,Make,Model,Model - Unknown,Model Year,Model Year - Unknown,Same Vehicle ID,Mileage,Mileage - Unknown,Driver / Operator Type,ADAS/ADS System Version,ADAS/ADS System Version - Unk,ADAS/ADS System Version CBI,ADAS/ADS Hardware Version,ADAS/ADS Hardware Version - Unk,ADAS/ADS Hardware Version CBI,ADAS/ADS Software Version,ADAS/ADS Software Version - Unk,ADAS/ADS Software Version CBI,Other Reporting Entities?,Other Reporting Entities? - Unk,Other Reporting Entities? - NA,Federal Regulatory Exemption?,Other Federal Reg. Exemption,Federal Reg. Exemption - Unk,Federal Reg. Exemption - No,State or Local Permit?,State or Local Permit,ADS Equipped?,Automation System Engaged?,Operating Entity,Operating Entity - Unknown,Source - Complaint/Claim,Source - Telematics,Source - Law Enforcement,Source - Field Report,Source - Testing,Source - Media,Source - Other,Source - Other Text,Incident Date,Incident Date - Unknown,Notice Received Date,Incident Time (24:00),Incident Time - Unknown,Same Incident ID,Latitude,Latitude - Unknown,Longitude,Longitude - Unknown,Address,Address - Unknown,City,City - Unknown,State,Zip Code,Zip Code - Unknown,Roadway Type,Roadway Surface,Roadway Description,Posted Speed Limit (MPH),Posted Speed Limit - Unknown,Lighting,Weather - Clear,Weather - Snow,Weather - Cloudy,Weather - Fog/Smoke,Weather - Rain,Weather - Severe Wind,Weather - Unknown,Weather - Other,Weather - Other Text,Crash With,Highest Injury Severity Alleged,Property Damage?,CP Pre-Crash Movement,CP Any Air Bags Deployed?,CP Was Vehicle Towed?,CP Contact Area - Rear Left,CP Contact Area - Left,CP Contact Area - Front Left,CP Contact Area - Rear,CP Contact Area - Top,CP Contact Area - Front,CP Contact Area - Rear Right,CP Contact Area - Right,CP Contact Area - Front Right,CP Contact Area - Bottom,CP Contact Area - Unknown,SV Pre-Crash Movement,SV Any Air Bags Deployed?,SV Was Vehicle Towed?,SV Were All Passengers Belted?,SV Precrash Speed (MPH),SV Pre-crash Speed - Unknown,SV Contact Area - Rear Left,SV Contact Area - Left,SV Contact Area - Front Left,SV Contact Area - Rear,SV Contact Area - Top,SV Contact Area - Front,SV Contact Area - Rear Right,SV Contact Area - Right,SV Contact Area - Front Right,SV Contact Area - Bottom,SV Contact Area - Unknown,Data Availability - EDR,Data Availability - Police Rpt,Data Availability - Telematics,Data Availability - Complaints,Data Availability - Video,Data Availability - Other,Data Availability - No Data,Data Availability - Unknown,Law Enforcement Investigating?,Investigating Agency,Investigating Agency - Unknown,Rep Ent Or Mfr Investigating?,Investigating Officer Name,Inv. Officer Name - Unknown,Investigating Officer Phone,Inv. Officer Phone - Unknown,Investigating Officer Email,Inv. Officer Email - Unknown,Within ODD?,Within ODD? - CBI,Narrative,Narrative - CBI?
30531-6533,1,Transdev Alternative Services,Monthly,9,2023,OCT-2023,SADHW2S12M1, ,N/A,Jaguar,I-Pace, ,2021, ,6e7c9396161664d,49500, ,In-Vehicle (Commercial / Test),5th Generation ADS, , ,5th Generation, , ,Version 8, , ,Waymo LLC, , ,,, ,Y,Yes (specify below),"CA DMV, CA PUC",Yes,ADS,Waymo LLC, , ,Y, , , , , ,,SEP-2023, ,SEP-2023,21:00, ,3ff142802a5fce9,[MAY CONTAIN PERSONALLY IDENTIFIABLE INFORMATION], ,[MAY CONTAIN PERSONALLY IDENTIFIABLE INFORMATION], ,[MAY CONTAIN PERSONALLY IDENTIFIABLE INFORMATION], ,San Francisco, ,CA ,[MAY CONTAIN PERSONALLY IDENTIFIABLE INFORMATION], ,Intersection,Dry,No Unusual Conditions,35, ,Dark - Lighted,Y, , , , , , , ,,Passenger Car,No Injuries Reported,No,Proceeding Straight,No,No, , ,Y, , , , , , , , ,Stopped,No,No,Yes,0, , , , ,Y, , , , , , , , , ,Y, ,Y,Y, , ,No,, ,Yes,, ,, ,, ,Yes, ,"On September [XXX], 2023 at 9:00 PM PT a Waymo Autonomous Vehicle (""Waymo AV"") operating in San Francisco, California was in a collision involving a passenger car on [XXX] at the intersection with [XXX].
The Waymo AV was proceeding south on [XXX] in the leftmost lane and entered the slip lane to proceed north on [XXX].  As the Waymo AV came to a stop for a red light at the intersection with [XXX], the front of the passenger car which was following behind the Waymo AV made contact with the rear of the Waymo AV.  The Waymo AV sustained damage.  At the time of the impact, the Waymo AV's Level 4 ADS was engaged in autonomous mode, and a test driver was present.
Transdev Alternative Services is reporting this crash under Request No 2 of Standing General Order 2021-01.  This is a duplicate of report ID 30270-6522-1.",
30531-6532,1,Transdev Alternative Services,1-Day,,,OCT-2023,SADHW2S12M1, ,N/A,Jaguar,I-Pace, ,2021, ,1d6132bddbe10e4,78568, ,In-Vehicle (Commercial / Test),5th Generation, , ,5th Generation, , ,Version 8, , ,Waymo LLC, , ,,, ,Y,Yes (specify below),"DMV, CPUC",Yes,ADS,Waymo LLC, , ,Y, , , , , ,,OCT-2023, ,OCT-2023,9:24, ,d088b81d0aea602,[MAY CONTAIN PERSONALLY IDENTIFIABLE INFORMATION], ,[MAY CONTAIN PERSONALLY IDENTIFIABLE INFORMATION], ,[MAY CONTAIN PERSONALLY IDENTIFIABLE INFORMATION], ,San Francisco, ,CA ,[MAY CONTAIN PERSONALLY IDENTIFIABLE INFORMATION], ,Intersection,Dry,No Unusual Conditions,25, ,Daylight,Y, , , , , , , ,,Non-Motorist: Cyclist,No Injuries Reported,Yes,Proceeding Straight,,, , , , , , , , , , , ,Making Right Turn,No,No,Yes,13, , , , , , , , ,Y, , , , , ,Y, ,Y,Y, , ,No,, ,Yes,, ,, ,, ,Yes, ,"On October [XXX], 2023 at 9:24 AM PT a Waymo Autonomous Vehicle (""Waymo AV"") operating in San Francisco, California was in a collision involving a cyclist on [XXX] at [XXX].
The Waymo AV was in autonomous mode on eastbound [XXX] preparing to make a right turn onto southbound [XXX] and had stopped to yield, first for pedestrians to cross [XXX] and then for a cyclist approaching from behind traveling eastbound on the sidewalk of [XXX].  As the pedestrians finished crossing [XXX] but before the cyclist had reached [XXX], the Waymo AV test driver took manual control of the Waymo AV and began to accelerate and perform the right turn onto [XXX].  After the Waymo AV entered the crosswalk, the cyclist entered the crosswalk and made contact with the passenger's rear quarter panel of the Waymo AVE. At the time of the impact, the Waymo AV's Level 4 ADS was not engaged and a test driver was operating the vehicle.
Transdev Alternative Services is reporting a duplicate report from report number: 30270-6529-1.",
540-6531,1,"General Motors, LLC",5-Day,,,OCT-2023,5G21A6P05P4, ,N/A,Cruise,AV, ,2023, ,b70d29f571a8091,594, ,Remote (Commercial / Test),,Y, ,,Y, ,,Y, ,Cruise LLC, , ,,, ,Y,Yes (specify below),CA,Yes,ADS,Cruise LLC, , ,Y, ,Y, , , ,,OCT-2023, ,OCT-2023,16:31, ,dc0129a4cfa3733,[MAY CONTAIN PERSONALLY IDENTIFIABLE INFORMATION], ,[MAY CONTAIN PERSONALLY IDENTIFIABLE INFORMATION], ,[MAY CONTAIN PERSONALLY IDENTIFIABLE INFORMATION], ,San Francisco, ,CA ,[MAY CONTAIN PERSONALLY IDENTIFIABLE INFORMATION], ,Street,Dry,No Unusual Conditions,30, ,Daylight,Y, , , , , , , ,,Heavy Truck,No Injuries Reported,Yes,Making Left Turn,No,No, , ,Y, , ,Y, , , , , ,Proceeding Straight,No,Yes,No Passengers in Vehicle,13, , , ,Y, , , , , , , , ,Y, ,Y, ,Y,Y, , ,No,, ,Yes,, ,, ,, ,"Unknown, see Narrative", ,"On October 18, 2023, GM Cruise Holdings LLC (""Cruise"") filed an Incident Report (the ""Report"") under the Second Amended Standing General Order 2021-01, dated April 5, 2023 (the ""Order"") General Motors LLC (GM) manufactured the Cruise-operated motor vehicle involved in the incident summarized in the Incident Report. Because GM is also a Reporting Entity under the Order, GM is submitting a duplicate of the redacted public copy of the Report. GM has selected ""Unknown"" in the ""ADS version"" and ""ODD time"" fields solely to avoid a second submission of nonpublic Cruise CBI GM is in possession of Cruise's responses to these fields, and incorporates Cruise's responses into this submission by reference. GM's submission is based on facts supplied to GM by Cruise. GM has not investigated the alleged incident and currently believes, based on a reasonable inquiry, that it has no independent knowledge of the facts in the Report. (Reference file: 30412-6525-1).",
540-6530,1,"General Motors, LLC",1-Day,,,OCT-2023,5G21A6P08P4, ,N/A,Cruise,AV, ,2023, ,3c845ca0f22b4b3,15003, ,Remote (Commercial / Test),,Y, ,,Y, ,,Y, ,Cruise LLC, , ,,, ,Y,Yes (specify below),CA,Yes,ADS,Cruise LLC, , ,Y, ,Y, , , ,,OCT-2023, ,OCT-2023,19:32, ,4848631652e9672,[MAY CONTAIN PERSONALLY IDENTIFIABLE INFORMATION], ,[MAY CONTAIN PERSONALLY IDENTIFIABLE INFORMATION], ,[MAY CONTAIN PERSONALLY IDENTIFIABLE INFORMATION], ,San Francisco, ,CA ,[MAY CONTAIN PERSONALLY IDENTIFIABLE INFORMATION], ,Street,Dry,No Unusual Conditions,25, ,Dark - Lighted,Y, , , , , , , ,,Motorcycle,Moderate,Yes,Proceeding Straight,No,Unknown, , ,Y, , , , , , , , ,Proceeding Straight,No,No,No Passengers in Vehicle,2, , , , , , , ,Y, , , , ,Y, ,Y, ,Y,Y, , ,Yes,San Francisco  Police Department, ,Yes,[MAY CONTAIN PERSONALLY IDENTIFIABLE INFORMATION], ,,Y,,Y,"Unknown, see Narrative", ,"On October 18, 2023, GM Cruise Holdings LLC (""Cruise"") filed an Incident Report (the ""Report"") under the Second Amended Standing General Order 2021-01, dated April 5, 2023 (the ""Order"") General Motors LLC (GM) manufactured the Cruise-operated motor vehicle involved in the incident summarized in the Incident Report. Because GM is also a Reporting Entity under the Order, GM is submitting a duplicate of the redacted public copy of the Report. GM has selected ""Unknown"" in the ""ADS version"" and ""ODD time"" fields solely to avoid a second submission of nonpublic Cruise CBI GM is in possession of Cruise's responses to these fields, and incorporates Cruise's responses into this submission by reference. GM's submission is based on facts supplied to GM by Cruise. GM has not investigated the alleged incident and currently believes, based on a reasonable inquiry, that it has no independent knowledge of the facts in the Report. (Reference file: 30412-6528-1).",
30270-6529,1,Waymo LLC,1-Day,,,OCT-2023,SADHW2S12M1, ,N/A,Jaguar,I-Pace, ,2021, ,1d6132bddbe10e4,78568, ,In-Vehicle (Commercial / Test),5th Generation, , ,5th Generation, , ,Version 8, , ,Transdev Alternative Services, , ,,, ,Y,Yes (specify below),"DMV, CPUC",Yes,ADS,Waymo LLC, , ,Y, , , , , ,,OCT-2023, ,OCT-2023,9:24, ,d088b81d0aea602,[MAY CONTAIN PERSONALLY IDENTIFIABLE INFORMATION], ,[MAY CONTAIN PERSONALLY IDENTIFIABLE INFORMATION], ,[MAY CONTAIN PERSONALLY IDENTIFIABLE INFORMATION], ,San Francisco, ,CA ,[MAY CONTAIN PERSONALLY IDENTIFIABLE INFORMATION], ,Intersection,Dry,No Unusual Conditions,25, ,Daylight,Y, , , , , , , ,,Non-Motorist: Cyclist,No Injuries Reported,Yes,Proceeding Straight,,, , , , , , , , , , , ,Making Right Turn,No,No,Yes,13, , , , , , , , ,Y, , , , , ,Y, ,Y,Y, , ,No,, ,Yes,, ,, ,, ,Yes, ,"On October [XXX], 2023 at 9:24 AM PT a Waymo Autonomous Vehicle (Waymo AV) operating in San Francisco, California was in a collision involving a cyclist on [XXX] at [XXX]. 
The Waymo AV was in autonomous mode on eastbound [XXX] preparing to make a right turn onto southbound [XXX] and had stopped to yield, first for pedestrians to cross [XXX] and then for a cyclist approaching from behind traveling eastbound on the sidewalk of [XXX]. As the pedestrians finished crossing [XXX] but before the cyclist had reached [XXX], the Waymo AV test driver took manual control of the Waymo AV and began to accelerate and perform the right turn onto [XXX]. After the Waymo AV entered the crosswalk, the cyclist entered the crosswalk and made contact with the passengers rear quarter panel of the Waymo AV. At the time of the impact, the Waymo AVs Level 4 ADS was not engaged and a test driver was operating the Waymo AV in manual mode. The Waymo AV sustained damage.
Waymo is reporting this crash under Request No. 1 of Standing General Order 2021-01 because a vulnerable road user was involved. Waymo may supplement or correct its reporting with additional information as it may become available.",
30412-6528,1,Cruise LLC,1-Day,,,OCT-2023,5G21A6P08P4, ,N/A,Cruise,AV, ,2023, ,3c845ca0f22b4b3,15003, ,Remote (Commercial / Test),"[REDACTED, MAY CONTAIN CONFIDENTIAL BUSINESS INFORMATION]", ,Y,"[REDACTED, MAY CONTAIN CONFIDENTIAL BUSINESS INFORMATION]", ,Y,"[REDACTED, MAY CONTAIN CONFIDENTIAL BUSINESS INFORMATION]", ,Y,"General Motors, LLC", , ,,, ,Y,Yes (specify below),CA,Yes,ADS,Cruise LLC, , ,Y, ,Y, , , ,,OCT-2023, ,OCT-2023,19:32, ,4848631652e9672,[MAY CONTAIN PERSONALLY IDENTIFIABLE INFORMATION], ,[MAY CONTAIN PERSONALLY IDENTIFIABLE INFORMATION], ,[MAY CONTAIN PERSONALLY IDENTIFIABLE INFORMATION], ,San Francisco, ,CA ,[MAY CONTAIN PERSONALLY IDENTIFIABLE INFORMATION], ,Street,Dry,No Unusual Conditions,25, ,Dark - Lighted,Y, , , , , , , ,,Motorcycle,Moderate,Yes,Proceeding Straight,No,Unknown, , ,Y, , , , , , , , ,Proceeding Straight,No,No,No Passengers in Vehicle,2, , , , , , , ,Y, , , , ,Y, ,Y, ,Y,Y, , ,Yes,San Francisco Police Department, ,Yes,[MAY CONTAIN PERSONALLY IDENTIFIABLE INFORMATION], ,,Y,,Y,"[REDACTED, MAY CONTAIN CONFIDENTIAL BUSINESS INFORMATION]",Y,"A Cruise autonomous vehicle (""AV""), operating in driverless autonomous mode, was traveling northbound on [XXX] in the left lane between [XXX] at [XXX]. As the AV passed through the intersection with [XXX], a bus traveling in the adjacent right lane ahead of the AV maneuvered into the AV's lane. Shortly thereafter, the AV braked and a motorcyclist traveling behind the AV rear-ended the AV, damaging the rear passenger side bumper fascia and rear passenger side wheel opening molding of the AV. Police and Emergency Medical Services (EMS) were called to the scene. The parties exchanged information. The motorcyclist was assessed by medical personnel and was reportedly transported to a hospital. [REDACTED, MAY CONTAIN CONFIDENTIAL BUSINESS INFORMATION]",Y
30412-6525,1,Cruise LLC,5-Day,,,OCT-2023,5G21A6P05P4, ,N/A,Cruise,AV, ,2023, ,b70d29f571a8091,594, ,Remote (Commercial / Test),"[REDACTED, MAY CONTAIN CONFIDENTIAL BUSINESS INFORMATION]", ,Y,"[REDACTED, MAY CONTAIN CONFIDENTIAL BUSINESS INFORMATION]", ,Y,"[REDACTED, MAY CONTAIN CONFIDENTIAL BUSINESS INFORMATION]", ,Y,"General Motors, LLC", , ,,, ,Y,Yes (specify below),CA,Yes,ADS,Cruise LLC, , ,Y, ,Y, , , ,,OCT-2023, ,OCT-2023,16:31, ,dc0129a4cfa3733,[MAY CONTAIN PERSONALLY IDENTIFIABLE INFORMATION], ,[MAY CONTAIN PERSONALLY IDENTIFIABLE INFORMATION], ,[MAY CONTAIN PERSONALLY IDENTIFIABLE INFORMATION], ,San Francisco, ,CA ,[MAY CONTAIN PERSONALLY IDENTIFIABLE INFORMATION], ,Street,Dry,No Unusual Conditions,30, ,Daylight,Y, , , , , , , ,,Heavy Truck,No Injuries Reported,Yes,Making Left Turn,No,No, , ,Y, , ,Y, , , , , ,Proceeding Straight,No,Yes,No Passengers in Vehicle,13, , , ,Y, , , , , , , , ,Y, ,Y, ,Y,Y, , ,No,, ,Yes,, ,, ,, ,"[REDACTED, MAY CONTAIN CONFIDENTIAL BUSINESS INFORMATION]",Y,"A Cruise autonomous vehicle (""AV""), operating in driverless autonomous mode, was traveling eastbound on [XXX] in the right lane between [XXX] and [XXX]. At the same time, a Freightliner hauling truck (""FHT"") traveling westbound on [XXX] made a prohibited left turn mid-block across the AV's lane of travel. The AV swerved to the right and braked but, shortly thereafter, the FHT made contact with the AV. This caused damage to the AV's front driver side quarter panel, front driver side bumper fascia, front driver side wheel opening molding and tire and front driver side headlamp and sensor assembly. The driver of the FHT left the scene without exchanging information. There were no reported injuries and the AV was towed. [REDACTED, MAY CONTAIN CONFIDENTIAL BUSINESS INFORMATION]",Y
540-6454,2,"General Motors, LLC",Update,,,OCT-2023,5G21A6P00N4, ,N/A,Cruise,AV, ,2022, ,7e019f96f1e1220,31256, ,Remote (Commercial / Test),,Y, ,,Y, ,,Y, ,Cruise LLC, , ,,, ,Y,Yes (specify below),AZ,Yes,ADS,Cruise LLC, ,Y,Y, ,Y, , , ,,SEP-2023, ,OCT-2023,00:05, ,90c6a1024fa3128,[MAY CONTAIN PERSONALLY IDENTIFIABLE INFORMATION], ,[MAY CONTAIN PERSONALLY IDENTIFIABLE INFORMATION], ,[MAY CONTAIN PERSONALLY IDENTIFIABLE INFORMATION], ,Tempe, ,AZ ,[MAY CONTAIN PERSONALLY IDENTIFIABLE INFORMATION], ,Street,Dry,No Unusual Conditions,25, ,Dark - Lighted,Y, , , , , , , ,,Animal,No Injuries Reported,Yes,"Other, see Narrative",,, , , , , , , , , , , ,Proceeding Straight,No,No,No Passengers in Vehicle,15, , , , , , , , , , ,Y, ,Y, ,Y, ,Y,Y, , ,No,, ,Yes,, ,, ,, ,"Unknown, see Narrative", ,"On October 16, 2023, GM Cruise Holdings LLC (""Cruise"") filed an updated Incident Report (the ""Report"") under the Second Amended Standing General Order 2021-01, dated April 5, 2023 (the ""Order"") General Motors LLC (GM) manufactured the Cruise-operated motor vehicle involved in the incident summarized in the Incident Report. Because GM is also a Reporting Entity under the Order, GM is submitting a duplicate of the redacted public copy of the Report. GM has selected ""Unknown"" in the ""ADS version"" and ""ODD time"" fields solely to avoid a second submission of nonpublic Cruise CBI GM is in possession of Cruise's responses to these fields, and incorporates Cruise's responses into this submission by reference. GM's submission is based on facts supplied to GM by Cruise. GM has not investigated the alleged incident and currently believes, based on a reasonable inquiry, that it has no independent knowledge of the facts in the Report. (Reference file: 30412-6439-2).",
30270-6522,1,Waymo LLC,Monthly,9,2023,OCT-2023,SADHW2S12M1, ,N/A,Jaguar,I-Pace, ,2021, ,6e7c9396161664d,49500, ,In-Vehicle (Commercial / Test),5th Generation ADS, , ,5th Generation, , ,Version 8, , ,, ,Y,,, ,Y,Yes (specify below),"CA DMV, CA PUC",Yes,ADS,Waymo LLC, , ,Y, , , , , ,,SEP-2023, ,SEP-2023,21:00, ,3ff142802a5fce9,[MAY CONTAIN PERSONALLY IDENTIFIABLE INFORMATION], ,[MAY CONTAIN PERSONALLY IDENTIFIABLE INFORMATION], ,[MAY CONTAIN PERSONALLY IDENTIFIABLE INFORMATION], ,San Francisco, ,CA ,[MAY CONTAIN PERSONALLY IDENTIFIABLE INFORMATION], ,Intersection,Dry,No Unusual Conditions,35, ,Dark - Lighted,Y, , , , , , , ,,Passenger Car,No Injuries Reported,No,Proceeding Straight,No,No, , ,Y, , , , , , , , ,Stopped,No,No,Yes,0, , , , ,Y, , , , , , , , , ,Y, ,Y,Y, , ,No,, ,Yes,, ,, ,, ,Yes, ,"On September [XXX], 2023 at 9:00 PM PT a Waymo Autonomous Vehicle (Waymo AV) operating in San Francisco, California was in a collision involving a passenger car on [XXX] at the intersection with [XXX].
The Waymo AV was proceeding south on [XXX] in the leftmost lane and entered the slip lane to proceed north on [XXX]. As the Waymo AV came to a stop for a red light at the intersection with [XXX], the front of the passenger car which was following behind the Waymo AV made contact with the rear of the Waymo AV. The Waymo AV sustained damage. At the time of the impact, the Waymo AVs Level 4 ADS was engaged in autonomous mode, and a test driver was present.
Waymo is reporting this crash under Request No. 2 of Standing General Order 2021-01.",
30270-6521,1,Waymo LLC,Monthly,9,2023,OCT-2023,SADHW2S15M1, ,N/A,Jaguar,I-Pace, ,2021, ,a716fa442f09994,70000, ,None,5th Generation ADS, , ,5th Generation, , ,Telematics, , ,, ,Y,,, ,Y,Yes (specify below),ADOT,Yes,ADS,Waymo LLC, , ,Y, , , , , ,,SEP-2023, ,SEP-2023,10:25, ,fa32834b311d779,[MAY CONTAIN PERSONALLY IDENTIFIABLE INFORMATION], ,[MAY CONTAIN PERSONALLY IDENTIFIABLE INFORMATION], ,[MAY CONTAIN PERSONALLY IDENTIFIABLE INFORMATION], ,Phoenix, ,AZ ,[MAY CONTAIN PERSONALLY IDENTIFIABLE INFORMATION], ,Street,Dry,No Unusual Conditions,25, ,Daylight,Y, , , , , , , ,,"Other, see Narrative",No Injuries Reported,Yes,Backing,No,No, , , ,Y, , , , , , , ,Stopped,No,No,No Passengers in Vehicle,0, , , , , , ,Y, , , , , , , ,Y,Y,Y, , , ,No,, ,Yes,, ,, ,, ,Yes, ,"On September [XXX], 2023 at 10:25 AM PT a Waymo Autonomous Vehicle (Waymo AV) operating in Phoenix, Arizona was in a collision involving a cargo trailer on [XXX] at [XXX].
The Waymo AV was traveling south on [XXX] when a pickup truck hauling a cargo trailer immediately ahead of the Waymo AV stopped and began to reverse. The Waymo AV came to a stop and the rear of the cargo trailer made contact with the front bumper of the Waymo AV. At the time of the impact, the Waymo AVs Level 4 ADS was engaged in autonomous mode. Both vehicles sustained damage.
Waymo is reporting this crash under Request No. 2 of Standing General Order 2021-01. Waymo may supplement or correct its reporting with additional information as it may become available.",
30270-6520,1,Waymo LLC,Monthly,9,2023,OCT-2023,SADHW2S17M1, ,N/A,Jaguar,I-Pace, ,2021, ,4093bb4879ece03,73650, ,None,5th Generation ADS, , ,5th Generation, , ,Version 8, , ,, ,Y,,, ,Y,Yes (specify below),ADOT,Yes,ADS,Waymo LLC, , ,Y, , , , , ,,SEP-2023, ,SEP-2023,01:40, ,09d67cf970a314a,[MAY CONTAIN PERSONALLY IDENTIFIABLE INFORMATION], ,[MAY CONTAIN PERSONALLY IDENTIFIABLE INFORMATION], ,[MAY CONTAIN PERSONALLY IDENTIFIABLE INFORMATION], ,Scottsdale, ,AZ ,[MAY CONTAIN PERSONALLY IDENTIFIABLE INFORMATION], ,Parking Lot,Dry,No Unusual Conditions,15, ,Dark - Lighted,Y, , , , , , , ,,Passenger Car,No Injuries Reported,Yes,Making Left Turn,No,No, , , , , , , , , , ,Y,Stopped,No,No,Yes,0, , , , , , , ,Y, , , , , , ,Y, ,Y,Y, , ,No,, ,Yes,, ,, ,, ,Yes, ,"On September [XXX], 2023 at 1:40 AM PT a Waymo Autonomous Vehicle (Waymo AV) operating in Scottsdale, California was in a collision involving a passenger car in a parking lot on [XXX] at [XXX].
The Waymo AV was stopped in a parking lot when a vehicle exiting a row of parked cars attempted to pass through a narrow space behind the rear of the Waymo AV. The front left bumper of the passenger car made contact with the right rear sensor of the Waymo AV. At the time of the impact, the Waymo AVs Level 4 ADS was engaged in autonomous mode. The Waymo AV sustained damage.
Waymo is reporting this crash under Request No. 2 of Standing General Order 2021-01. Waymo may supplement or correct its reporting with additional information as it may become available.",
30270-6519,1,Waymo LLC,Monthly,9,2023,OCT-2023,SADHW2S18M1, ,N/A,Jaguar,I-Pace, ,2021, ,006bac2ce63f1bf,70384, ,None,5th Generation ADS, , ,5th Generation, , ,Version 8, , ,, ,Y,,, ,Y,Yes (specify below),ADOT,Yes,ADS,Waymo LLC, , ,Y, , , , , ,,SEP-2023, ,SEP-2023,19:49, ,64acbf293223f56,[MAY CONTAIN PERSONALLY IDENTIFIABLE INFORMATION], ,[MAY CONTAIN PERSONALLY IDENTIFIABLE INFORMATION], ,[MAY CONTAIN PERSONALLY IDENTIFIABLE INFORMATION], ,Phoenix, ,AZ ,[MAY CONTAIN PERSONALLY IDENTIFIABLE INFORMATION], ,Street,Dry,No Unusual Conditions,25, ,Dark - Lighted,Y, , , , , , , ,,"Other, see Narrative",No Injuries Reported,Yes,Backing,No,No,Y, , , , , , , , , , ,Stopped,No,No,No Passengers in Vehicle,0, , , , , , , , , ,Y, , , , ,Y, ,Y,Y, , ,Yes,Phoenix Police Department, ,Yes,,Y,,Y,,Y,Yes, ,"On September [XXX], 2023 at 7:49 PM PT a Waymo Autonomous Vehicle (Waymo AV) operating in Phoenix, Arizona was in a collision involving a food truck trailer on [XXX] at [XXX].
The Waymo AV stopped facing north on [XXX] after a pickup truck hauling a food truck trailer ahead of the Waymo AV came to a stop. The pickup truck and food truck trailer then began to reverse into the stationary Waymo AV and the left rear bumper of the food truck trailer made contact with the front bumper of the Waymo AV. At the time of the impact, the Waymo AVs Level 4 ADS was engaged in autonomous mode. Both vehicles sustained damage.
Waymo is reporting this crash under Request No. 2 of Standing General Order 2021-01. Waymo may supplement or correct its reporting with additional information as it may become available.",
30270-6518,1,Waymo LLC,Monthly,9,2023,OCT-2023,SADHW2S11M1, ,N/A,Jaguar,I-Pace, ,2021, ,a13402fe44e7310,43512, ,None,5th Generation ADS, , ,5th Generation, , ,Version 8, , ,, ,Y,,, ,Y,Yes (specify below),"CA DMV, CA PUC",Yes,ADS,Waymo LLC, , ,Y, , , , , ,,SEP-2023, ,SEP-2023,20:20, ,263ede6c29926f3,[MAY CONTAIN PERSONALLY IDENTIFIABLE INFORMATION], ,[MAY CONTAIN PERSONALLY IDENTIFIABLE INFORMATION], ,[MAY CONTAIN PERSONALLY IDENTIFIABLE INFORMATION], ,San Francisco, ,CA ,[MAY CONTAIN PERSONALLY IDENTIFIABLE INFORMATION], ,Street,Dry,No Unusual Conditions,25, ,Dark - Lighted,Y, , , , , , , ,,Passenger Car,No Injuries Reported,Yes,Backing,No,No, , , , , , , , , , ,Y,Stopped,No,No,No Passengers in Vehicle,0, , ,Y, , , , , , , , , , , ,Y,Y,Y, , , ,No,, ,Yes,, ,, ,, ,Yes, ,"On September [XXX], 2023 at 8:20 PM PT a Waymo Autonomous Vehicle (Waymo AV) operating in San Francisco, California was in a collision involving a passenger car on [XXX] at [XXX].
The Waymo AV was parked on the right side on [XXX] when a passenger vehicle that had been previously parked in the driveway on the opposite side of the street began reversing and reversed into the left rear door of the Waymo AV. At the time of the impact, the Waymo AVs Level 4 ADS was engaged in autonomous mode. The Waymo AV sustained damage.
Waymo is reporting this crash under Request No. 2 of Standing General Order 2021-01. Waymo may supplement or correct its reporting with additional information as it may become available.",
30270-6517,1,Waymo LLC,Monthly,9,2023,OCT-2023,SADHW2S10M1, ,N/A,Jaguar,I-Pace, ,2021, ,4d7c75a7683ed1a,53804, ,None,5th Generation ADS, , ,5th Generation, , ,Version 8, , ,, ,Y,,, ,Y,Yes (specify below),"CA DMV, CA PUC",Yes,ADS,Waymo LLC, , ,Y, , , , , ,,SEP-2023, ,SEP-2023,09:24, ,e262251c73e8b66,[MAY CONTAIN PERSONALLY IDENTIFIABLE INFORMATION], ,[MAY CONTAIN PERSONALLY IDENTIFIABLE INFORMATION], ,[MAY CONTAIN PERSONALLY IDENTIFIABLE INFORMATION], ,San Francisco, ,CA ,[MAY CONTAIN PERSONALLY IDENTIFIABLE INFORMATION], ,Street,Dry,No Unusual Conditions,20, ,Daylight,Y, , , , , , , ,,Heavy Truck,No Injuries Reported,Yes,Backing,No,No, , , , , , , , , , ,Y,Stopped,No,No,No Passengers in Vehicle,0, , , ,Y, , ,Y, , ,Y, , , , ,Y, ,Y,Y, , ,No,, ,Yes,, ,, ,, ,Yes, ,"On September [XXX], 2023 at 9:24 AM PT a Waymo Autonomous Vehicle (Waymo AV) operating in San Francisco, California was in a collision involving a truck on [XXX] an [XXX].
The Waymo AV had pulled over to the curb and parked on the right side of [XXX] when a truck directly in front of the Waymo AV reversed and made contact with the front of the Waymo AV. At the time of the impact, the Waymo AVs Level 4 ADS was engaged in autonomous mode. 
Waymo is reporting this crash under Request No. 2 of Standing General Order 2021-01. Waymo may supplement or correct its reporting with additional information as it may become available.",
30270-6516,1,Waymo LLC,Monthly,9,2023,OCT-2023,SADHW2S14M1, ,N/A,Jaguar,I-Pace, ,2021, ,907f5c8b126647b,87996, ,None,5th Generation ADS, , ,5th Generation, , ,Version 8, , ,, ,Y,,, ,Y,Yes (specify below),ADOT,Yes,ADS,Waymo LLC, , ,Y, , , , , ,,SEP-2023, ,SEP-2023,15:07, ,79e07c25fc05857,[MAY CONTAIN PERSONALLY IDENTIFIABLE INFORMATION], ,[MAY CONTAIN PERSONALLY IDENTIFIABLE INFORMATION], ,[MAY CONTAIN PERSONALLY IDENTIFIABLE INFORMATION], ,Tempe, ,AZ ,[MAY CONTAIN PERSONALLY IDENTIFIABLE INFORMATION], ,Street,Dry,No Unusual Conditions,35, ,Daylight,Y, , , , , , , ,,Passenger Car,No Injuries Reported,Yes,Proceeding Straight,No,No, , , , , , , , , , ,Y,Proceeding Straight,No,No,No Passengers in Vehicle,1, , , , ,Y, , , , , , , , , ,Y,Y,Y, , , ,No,, ,Yes,, ,, ,, ,Yes, ,"On September [XXX], 2023 at 3:07 PM PT a Waymo Autonomous Vehicle (Waymo AV) operating in Tempe, Arizona was in a collision involving a passenger car on [XXX] and [XXX].
The Waymo AV was traveling north on [XXX] when the Waymo AV slowed for stopped traffic ahead. The vehicle immediately behind the Waymo AV made contact with the rear of the Waymo AV. At the time of the impact, the Waymo AVs Level 4 ADS was engaged in autonomous mode. The Waymo AV sustained damage.
Waymo is reporting this crash under Request No. 2 of Standing General Order 2021-01. Waymo may supplement or correct its reporting with additional information as it may become available.",