Report ID,Report Version,Reporting Entity,Report Type,Report Month,Report Year,Report Submission Date,VIN,VIN - Unknown,Serial Number,Make,Model,Model - Unknown,Model Year,Model Year - Unknown,Same Vehicle ID,Mileage,Mileage - Unknown,Driver / Operator Type,ADAS/ADS System Version,ADAS/ADS System Version - Unk,ADAS/ADS System Version CBI,ADAS/ADS Hardware Version,ADAS/ADS Hardware Version - Unk,ADAS/ADS Hardware Version CBI,ADAS/ADS Software Version,ADAS/ADS Software Version - Unk,ADAS/ADS Software Version CBI,Other Reporting Entities?,Other Reporting Entities? - Unk,Other Reporting Entities? - NA,Federal Regulatory Exemption?,Other Federal Reg. Exemption,Federal Reg. Exemption - Unk,Federal Reg. Exemption - No,State or Local Permit?,State or Local Permit,ADS Equipped?,Automation System Engaged?,Operating Entity,Operating Entity - Unknown,Source - Complaint/Claim,Source - Telematics,Source - Law Enforcement,Source - Field Report,Source - Testing,Source - Media,Source - Other,Source - Other Text,Incident Date,Incident Date - Unknown,Notice Received Date,Incident Time (24:00),Incident Time - Unknown,Same Incident ID,Latitude,Latitude - Unknown,Longitude,Longitude - Unknown,Address,Address - Unknown,City,City - Unknown,State,Zip Code,Zip Code - Unknown,Roadway Type,Roadway Surface,Roadway Description,Posted Speed Limit (MPH),Posted Speed Limit - Unknown,Lighting,Weather - Clear,Weather - Snow,Weather - Cloudy,Weather - Fog/Smoke,Weather - Rain,Weather - Severe Wind,Weather - Unknown,Weather - Other,Weather - Other Text,Crash With,Highest Injury Severity Alleged,Property Damage?,CP Pre-Crash Movement,CP Any Air Bags Deployed?,CP Was Vehicle Towed?,CP Contact Area - Rear Left,CP Contact Area - Left,CP Contact Area - Front Left,CP Contact Area - Rear,CP Contact Area - Top,CP Contact Area - Front,CP Contact Area - Rear Right,CP Contact Area - Right,CP Contact Area - Front Right,CP Contact Area - Bottom,CP Contact Area - Unknown,SV Pre-Crash Movement,SV Any Air Bags Deployed?,SV Was Vehicle Towed?,SV Were All Passengers Belted?,SV Precrash Speed (MPH),SV Pre-crash Speed - Unknown,SV Contact Area - Rear Left,SV Contact Area - Left,SV Contact Area - Front Left,SV Contact Area - Rear,SV Contact Area - Top,SV Contact Area - Front,SV Contact Area - Rear Right,SV Contact Area - Right,SV Contact Area - Front Right,SV Contact Area - Bottom,SV Contact Area - Unknown,Data Availability - EDR,Data Availability - Police Rpt,Data Availability - Telematics,Data Availability - Complaints,Data Availability - Video,Data Availability - Other,Data Availability - No Data,Data Availability - Unknown,Law Enforcement Investigating?,Investigating Agency,Investigating Agency - Unknown,Rep Ent Or Mfr Investigating?,Investigating Officer Name,Inv. Officer Name - Unknown,Investigating Officer Phone,Inv. Officer Phone - Unknown,Investigating Officer Email,Inv. Officer Email - Unknown,Within ODD?,Within ODD? - CBI,Narrative,Narrative - CBI?
540-6369,1,"General Motors, LLC",5-Day,,,SEP-2023,5G21A6P09P4, ,N/A,Cruise,AV, ,2023, ,66456c29dc6d465,5634, ,Remote (Commercial / Test),,Y, ,,Y, ,,Y, ,Cruise LLC, , ,,, ,Y,No,,Yes,ADS,Cruise LLC, , ,Y, ,Y, , , ,,SEP-2023, ,SEP-2023,03:49, ,6fcf838ccdcebce,[MAY CONTAIN PERSONALLY IDENTIFIABLE INFORMATION], ,[MAY CONTAIN PERSONALLY IDENTIFIABLE INFORMATION], ,[MAY CONTAIN PERSONALLY IDENTIFIABLE INFORMATION], ,Austin, ,TX ,[MAY CONTAIN PERSONALLY IDENTIFIABLE INFORMATION], ,Intersection,Dry,No Unusual Conditions,30, ,Dark - Lighted,Y, , , , , , , ,,SUV,No Injuries Reported,Yes,Proceeding Straight,Yes,Unknown, , , , , ,Y, , ,Y, , ,Proceeding Straight,No,Yes,No Passengers in Vehicle,3, ,Y, , , , , , , , , , ,Y, ,Y, ,Y,Y, , ,Yes,Austin Police Department, ,Yes,[MAY CONTAIN PERSONALLY IDENTIFIABLE INFORMATION], ,,Y,,Y,"Unknown, see Narrative", ,"On September 22, 2023, GM Cruise Holdings LLC (""Cruise"") filed an Incident Report (the ""Report"") under the Second Amended Standing General Order 2021-01, dated April 5, 2023 (the ""Order"") General Motors LLC (GM) manufactured the Cruise-operated motor vehicle involved in the incident summarized in the Incident Report. Because GM is also a Reporting Entity under the Order, GM is submitting a duplicate of the redacted public copy of the Report. GM has selected ""Unknown"" in the ""ADS version"" and ""ODD time"" fields solely to avoid a second submission of nonpublic Cruise CBI GM is in possession of Cruise's responses to these fields, and incorporates Cruise's responses into this submission by reference. GM's submission is based on facts supplied to GM by Cruise. GM has not investigated the alleged incident and currently believes, based on a reasonable inquiry, that it has no independent knowledge of the facts in the Report. (Reference file: 30412-6363-1)",
30270-6368,1,Waymo LLC,5-Day,,,SEP-2023,SADHW2S15M1, ,N/A,Jaguar,I-Pace, ,2021, ,a0f5051446d307a,69384, ,None,5th Generation, , ,5th Generation, , ,Version 8, , ,, ,Y,,, ,Y,Yes (specify below),ADOT,Yes,ADS,Waymo LLC, , ,Y, , , , , ,,SEP-2023, ,SEP-2023,17:02, ,fe9c3f8e42bc643,[MAY CONTAIN PERSONALLY IDENTIFIABLE INFORMATION], ,[MAY CONTAIN PERSONALLY IDENTIFIABLE INFORMATION], ,[MAY CONTAIN PERSONALLY IDENTIFIABLE INFORMATION], ,Tempe, ,AZ ,[MAY CONTAIN PERSONALLY IDENTIFIABLE INFORMATION], ,Street,Dry,No Unusual Conditions,25, ,Daylight,Y, , , , , , , ,,Pickup Truck,No Injuries Reported,Yes,Crossing into Opposing Lane,No,No, , , , , , , , ,Y, , ,Proceeding Straight,No,Yes,No Passengers in Vehicle,12, , ,Y, , ,Y, , , , , , , , ,Y, ,Y,Y, , ,Yes,Tempe Police Department, ,Yes,,Y,,Y,,Y,Yes, ,"On September [XXX], 2023 at 5:02 PM PT a Waymo Autonomous Vehicle (Waymo AV) operating in Tempe, Arizona was in a collision involving a pickup truck on [XXX] near [XXX].
The Waymo AV was traveling eastbound on [XXX] toward [XXX] when a pickup truck drove alongside the Waymo AV. The passengers side of the pickup truck made contact with the drivers side of the Waymo AV. The pickup truck had been following and overtaking the Waymo AV for several minutes, and the pickup truck passengers occasionally threw items at the Waymo AV. At the time of the impact, the Waymo AVs Level 4 ADS was engaged in autonomous mode. Both vehicles sustained damage.
Waymo is reporting this crash under Request No. 1 of Standing General Order 2021-01 because a vehicle involved was towed away. Waymo may supplement or correct its reporting with additional information as it may become available.",
30412-6363,1,Cruise LLC,5-Day,,,SEP-2023,5G21A6P09P4, ,N/A,Cruise,AV, ,2023, ,66456c29dc6d465,5634, ,Remote (Commercial / Test),"[REDACTED, MAY CONTAIN CONFIDENTIAL BUSINESS INFORMATION]", ,Y,"[REDACTED, MAY CONTAIN CONFIDENTIAL BUSINESS INFORMATION]", ,Y,"[REDACTED, MAY CONTAIN CONFIDENTIAL BUSINESS INFORMATION]", ,Y,"General Motors, LLC", , ,,, ,Y,No,,Yes,ADS,Cruise LLC, , ,Y, ,Y, , , ,,SEP-2023, ,SEP-2023,03:49, ,6fcf838ccdcebce,[MAY CONTAIN PERSONALLY IDENTIFIABLE INFORMATION], ,[MAY CONTAIN PERSONALLY IDENTIFIABLE INFORMATION], ,[MAY CONTAIN PERSONALLY IDENTIFIABLE INFORMATION], ,Austin, ,TX ,[MAY CONTAIN PERSONALLY IDENTIFIABLE INFORMATION], ,Intersection,Dry,No Unusual Conditions,30, ,Dark - Lighted,Y, , , , , , , ,,SUV,No Injuries Reported,Yes,Proceeding Straight,Yes,Unknown, , , , , ,Y, , ,Y, , ,Proceeding Straight,No,Yes,No Passengers in Vehicle,3, ,Y, , , , , , , , , , ,Y, ,Y, ,Y,Y, , ,Yes,Austin Police Department, ,Yes,[MAY CONTAIN PERSONALLY IDENTIFIABLE INFORMATION], ,,Y,,Y,"[REDACTED, MAY CONTAIN CONFIDENTIAL BUSINESS INFORMATION]",Y,"A Cruise autonomous vehicle (""AV""), operating in driverless autonomous mode, was traveling westbound on [XXX] between [XXX] and [XXX]. The AV slowed and initiated a left blinker to turn onto [XXX] while yielding to oncoming traffic. At the same time, a blue Mercedes-Benz E-Class approaching from the rear failed to stop behind the AV and made contact with the AV's rear driver side bumper, damaging the rear driver side bumper fascia, rear driver side quarter panel, rear driver side tail light assembly and rear driver side wheel and rotor assembly of the AV. Police were called to the scene. The driver of Mercedes-Benz left the scene without exchanging information. There were no reported injuries and the AV was towed from the scene. [REDACTED, MAY CONTAIN CONFIDENTIAL BUSINESS INFORMATION]",Y
30490-6360,1,"Beep, Inc.",Monthly,8,2023,SEP-2023,VG9A2CB2CJV, ,N/A,Navya,Arma Autonom DL, ,,Y,a7eb56f196c0118,,Y,In-Vehicle (Commercial / Test),,Y, ,,Y, ,,Y, ,NAVYA Inc., , ,Other Federal Exemption or Exception (specify below),Box-7, , ,No,,Yes,ADS,"Beep, Inc.", , , , ,Y, , , ,,AUG-2023, ,AUG-2023,13:54, ,8910341f6eceb78,,Y,,Y,[MAY CONTAIN PERSONALLY IDENTIFIABLE INFORMATION], ,Orlando, ,FL ,[MAY CONTAIN PERSONALLY IDENTIFIABLE INFORMATION], ,Street,Dry,"Other, see Narrative",25, ,Daylight,Y, , , , , , , ,,Bus,No Injuries Reported,No,Merging,Unknown,No, , , , , , ,Y,Y, , , ,Proceeding Straight,No,No,Yes,9, , , ,Y, , , , , , , , , ,Y,Y, ,Y,Y, , ,Yes,Orlando Police Department, ,Yes,[MAY CONTAIN PERSONALLY IDENTIFIABLE INFORMATION], ,,Y,,Y,Yes, ,"At Approximately 12:39 PM, the Beep Command Center (BCC) informed the LYNX dispatch center that another autonomous shuttle operating on the same route (VIN: VG9A2CB2CJV[XXX]) was being taken out of service due to insufficient battery charge to continue operation. The BCC later informed LYNX dispatch at 12:49PM that the second shuttle operating on route, P131, would also be returning to storage after the operator completed its current loop. At Approximately 12:52 PM, P131 approached the [XXX] stop within the designated Bus Rapid Transit (BRT) operating lane. The shuttle remained stopped for approximately two (2) and a half minutes while three (3) passengers alighted, and two (2) additional passengers boarded the shuttle. During that period, approximately two (2) minutes after stopping to service passengers, a LYNX bus pulled behind P131. Approximately thirty (30) seconds later, the LYNX bus exited the BRT lane and proceeded into the public travel lane alongside the BRT lane. As the LYNX bus entered the public travel lane, the safety driver onboard P131 engaged the autonomous drive system, and the shuttle proceeded in the BRT lane. After both vehicles had begun moving, P131 in the BRT lane and the LYNX bus in the public travel lane, the LYNX bus reentered the BRT lane encroaching on the shuttles path. The bus failed to provide adequate clearance and contacted the left front side of P131. Both vehicles stopped in the BRT lane after the collision. 
Within five (5) minutes of the collision, all passengers had safely alighted from the shuttle with no reported injuries and left the scene without giving statements. At approximately 2:20PM, the City of Orlando Police Department (OPD) arrived on scene to investigate the incident. Beep and LYNX supervisors were on scene to support the investigation. OPD collected statements from both the Beep safety driver and LYNX bus driver. The LYNX supervisor provided OPD access to the LYNX bus camera footage on scene, at which point the investigating officer made a verbal indication that the LYNX bus driver appeared to be at fault for the collision. 
Beeps safety driver was subsequently subjected to a standard post-collision drug and alcohol screening. 
1.The safety driver did not exhibit complete situational awareness and per their after-incident interview, failed to notice the bus prior to departing the station. Had the attendant continued to look and check behind/alongside P131 prior to departing the station,
the collision may have been avoided.
2.The safety driver attempted to stop the shuttle by disengaging the ADS using the HMI rather than using the emergency stop button. Use of the emergency stop would have increased the deceleration rate to 5 m/s2, decreasing the stopping distance of the shuttle. However, it is not clear whether use of the emergency stop would have fully avoided the collision given the point at which the LYNX LYMMO bus entered the BRT lane.
3.Deficiencies in the standard operating procedures (SOP) between LYNX and Beep allowed for a bus to be deployed onto the service at the same time as P131. Beep communicated to LYNX that both shuttles were exiting the service area. However, LYNX did not wait for final confirmation that both vehicles had left the route prior to dispatching the LYMMO bus involved in the incident, nor did LYNX notify Beep that a bus had been dispatched.
Additional information available upon request.",
30490-6359,1,"Beep, Inc.",Monthly,8,2023,SEP-2023,,Y,,Navya,Arma Autonom DL, ,,Y, ,,Y,In-Vehicle (Commercial / Test),,Y, ,,Y, ,,Y, ,NAVYA Inc., , ,Other Federal Exemption or Exception (specify below),Box-7, , ,Yes (specify below),CA DMV,Yes,ADS,"Beep, Inc.", , , , ,Y, , , ,,AUG-2023, ,AUG-2023,17:54, , ,,Y,,Y,[MAY CONTAIN PERSONALLY IDENTIFIABLE INFORMATION], ,San Francisco, ,CA ,[MAY CONTAIN PERSONALLY IDENTIFIABLE INFORMATION], ,Intersection,Dry,No Unusual Conditions,25, ,Daylight,Y, , , , , , , ,,Passenger Car,No Injuries Reported,No,Making Left Turn,Unknown,No, , ,Y, , ,Y, , , , , ,Proceeding Straight,No,No,Yes,,Y, , , , , ,Y, , ,Y, , , , ,Y, ,Y,Y, , ,No,, ,Yes,, ,, ,, ,Yes, ,"VIN # VG9A2CB2CIV[XXX] 
At approximately 5:54 p.m. on Wednesday, August [XXX], 2023, P84, travelling eastbound on [XXX], approached the three-way stop at [XXX] and [XXX]. P84 arrived at the intersection at the same time as two other vehicles: a grey van heading northbound on [XXX] and a red sedan heading westbound on [XXX]. The safety driver yielded to the northbound vehicle, which proceeded to make a right-hand turn eastbound onto [XXX]. After allowing the intersection to clear, the safety driver onboard P84 confirmed that it was safe for the shuttle to proceed through the intersection. As the shuttle entered the intersection, a second vehicle travelling northbound on [XXX], a white sedan, entered the intersection intending a left-hand turn onto westbound [XXX]. Both vehicles entered the intersection simultaneously, subsequently colliding at a low rate of speed in the middle of the intersection.  
At approximately 5:57 p.m., the Beep Command Center (BCC) was informed by the safety driver that P84 was involved in a minor collision with another vehicle at the intersection of [XXX] and [XXX]. The incident response protocol was initiated, and a supervisor dispatched to the scene. Local law enforcement (San Francisco Police Department) was contacted to report the collision but declined to respond given the minor nature of the collision, directing both parties to exchange information. After the Beep supervisor arrived on scene at approximately 6:49 p.m., the safety driver and supervisor removed the shuttle from the roadway and exchanged insurance information with the driver of the other vehicle. 
Damage to both vehicles was noted to be very minor. The shuttle sustained light scuffs, chips, and small paint transfer. The other vehicle sustained a small dent on the fender. Neither vehicle required towing, and both were safely driven from the scene. 
Beeps safety driver was subsequently subjected to a standard post-collision drug & alcohol screening which has since cleared.  
Contributing Factors 
Based on an analysis of the available evidence, Beep has determined the following factors may have contributed to the higher likelihood of a collision occurring in this instance: 
1.The white sedan failed to yield to P84 in accordance with California state law governing intersection priority.
2.The slight bend in P84s path to accommodate the lane shift through the intersection may have reduced the available stopping distance as the white sedan was not perceived as an obstacle in P84s path until it proceeded further into the intersection.
Incident Findings 
Beep developed the following findings regarding this incident:
1.P84 behaved as expected, detecting and maintaining awareness of the white sedan in the moments preceding the collision, commanding hard braking maneuver, and achieving a 3m/s2 deceleration rate once the white sedan encroached on P84s path.
2.The safety driver observed California state law and had the right of way when releasing P84 into the intersection.
3.The safety driver could have avoided the collision by using the emergency stop. The safety driver indicated that they were aware of the other vehicle through the duration of the incident and were aware of the proper procedure in this scenario but panicked in the moment.
Mitigation:
Implement a priority zone to account for the slight bend in the shuttles path and for future vehicles that may fail to yield.",
30531-6354,1,Transdev Alternative Services,5-Day,,,SEP-2023,SADHW2S18M1, ,N/A,Jaguar,I-Pace, ,2021, ,8d2c8e1b95ad195,22784, ,In-Vehicle (Commercial / Test),5th Generation, , ,5th Generation, , ,Version 8, , ,Waymo LLC, , ,,, ,Y,Yes (specify below),"DMV, CPUC",Yes,ADS,Waymo LLC, , ,Y, , , , , ,,SEP-2023, ,SEP-2023,20:34, ,bc3cf43a88e0c67,[MAY CONTAIN PERSONALLY IDENTIFIABLE INFORMATION], ,[MAY CONTAIN PERSONALLY IDENTIFIABLE INFORMATION], ,[MAY CONTAIN PERSONALLY IDENTIFIABLE INFORMATION], ,San Francisco, ,CA ,[MAY CONTAIN PERSONALLY IDENTIFIABLE INFORMATION], ,Street,Dry,No Unusual Conditions,25, ,Dark - Lighted, , ,Y, , , , , ,,SUV,No Injuries Reported,Yes,Proceeding Straight,No,No, , , , , , , ,Y,Y, , ,Parked,No,Yes,Yes,0, ,Y, , , , , , , , , , , , ,Y, ,Y,Y, , ,No,, ,Yes,, ,, ,, ,Yes, ,"On September [XXX], 2023 at 8:34 PM PT a Waymo Autonomous Vehicle (""Waymo AV"") operating in San Francisco, California was in a collision involving an SUV on [XXX] near [XXX].
While the Waymo AV was pulled over in the right lane on northbound [XXX], an SUV that was passing the parked Waymo AV made contact with the rear driver's side of the Waymo AV.  At the time of the impact, the Waymo AV's Level 4 ADS was not engaged and a test driver was operating the Waymo AV in manual mode.  Both vehicles sustained damage.
Transdev Alternative Services is reporting this crash under Request No. 1 of Standing General Order 2021-01 because a vechile involved was towed away.  Transdev may supplement or correct its reporting with additional information as it may become available.  This is a duplicate of report ID 30270-6351-1.",
30270-6352,1,Waymo LLC,5-Day,,,SEP-2023,SADHW2S10M1, ,N/A,Jaguar,I-Pace, ,2021, ,3cf7c25f2209456,51448, ,None,5th Generation, , ,5th Generation, , ,Version 8, , ,, ,Y,,, ,Y,Yes (specify below),"DMV, CPUC",Yes,ADS,Waymo LLC, , ,Y, , , , , ,,SEP-2023, ,SEP-2023,18:26, ,67dc226c776f696,[MAY CONTAIN PERSONALLY IDENTIFIABLE INFORMATION], ,[MAY CONTAIN PERSONALLY IDENTIFIABLE INFORMATION], ,[MAY CONTAIN PERSONALLY IDENTIFIABLE INFORMATION], ,San Francisco, ,CA ,[MAY CONTAIN PERSONALLY IDENTIFIABLE INFORMATION], ,Intersection,Dry,No Unusual Conditions,25, ,Dawn / Dusk,Y, , , , , , , ,,Passenger Car,No Injuries Reported,Yes,Proceeding Straight,Unknown,No, , , , , , , , ,Y, , ,Parked,No,Yes,No Passengers in Vehicle,0, ,Y, , , , , , , , , , , , ,Y, ,Y,Y, , ,Yes,San Francisco Police Department, ,Yes,[MAY CONTAIN PERSONALLY IDENTIFIABLE INFORMATION], ,[MAY CONTAIN PERSONALLY IDENTIFIABLE INFORMATION], ,,Y,Yes, ,"On September [XXX], 2023 at 6:26 PM PT a Waymo Autonomous Vehicle (Waymo AV) operating in San Francisco, California was in a collision involving a passenger car on [XXX] at [XXX]. 
While the Waymo AV was stopped in park waiting to pick up a passenger near the right side curb of the road on westbound [XXX], a passenger car that was passing the stopped Waymo AV made contact with the rear drivers side of the Waymo AV. At the time of the impact, the Waymo AVs Level 4 ADS was engaged in autonomous mode. Both vehicles sustained damage.
Waymo is reporting this crash under Request No. 1 of Standing General Order 2021-01 because a vehicle involved was towed away. Waymo may supplement or correct its reporting with additional information as it may become available.",
30270-6351,1,Waymo LLC,5-Day,,,SEP-2023,SADHW2S18M1, ,N/A,Jaguar,I-Pace, ,2021, ,8d2c8e1b95ad195,22784, ,In-Vehicle (Commercial / Test),5th Generation, , ,5th Generation, , ,Version 8, , ,Transdev Alternative Services, , ,,, ,Y,Yes (specify below),"DMV, CPUC",Yes,ADS,Waymo LLC, , ,Y, , , , , ,,SEP-2023, ,SEP-2023,20:34, ,bc3cf43a88e0c67,[MAY CONTAIN PERSONALLY IDENTIFIABLE INFORMATION], ,[MAY CONTAIN PERSONALLY IDENTIFIABLE INFORMATION], ,[MAY CONTAIN PERSONALLY IDENTIFIABLE INFORMATION], ,San Francisco, ,CA ,[MAY CONTAIN PERSONALLY IDENTIFIABLE INFORMATION], ,Street,Dry,No Unusual Conditions,25, ,Dark - Lighted, , ,Y, , , , , ,,SUV,No Injuries Reported,Yes,Proceeding Straight,No,No, , , , , , , ,Y,Y, , ,Parked,No,Yes,Yes,0, ,Y, , , , , , , , , , , , ,Y, ,Y,Y, , ,No,, ,Yes,, ,, ,, ,Yes, ,"On September [XXX], 2023 at 8:34 PM PT a Waymo Autonomous Vehicle (Waymo AV) operating in San Francisco, California was in a collision involving an SUV on [XXX] near [XXX]. 
While the Waymo AV was pulled over in the right lane on northbound [XXX], an SUV that was passing the parked Waymo AV made contact with the rear drivers side of the Waymo AV. At the time of the impact, the Waymo AVs Level 4 ADS was not engaged and a test driver was operating the Waymo AV in manual mode. Both vehicles sustained damage. 
Waymo is reporting this crash under Request No. 1 of Standing General Order 2021-01 because a vehicle involved was towed away. Waymo may supplement or correct its reporting with additional information as it may become available.",
30270-6347,1,Waymo LLC,Monthly,8,2023,SEP-2023,SADHW2S13M1, ,N/A,Jaguar,I-Pace, ,2021, ,ee70d1945e4b3b0,14314, ,None,5th Generation ADS, , ,5th Generation, , ,Version 8, , ,, ,Y,,, ,Y,Yes (specify below),"CA DMV, CA PUC",Yes,ADS,Waymo LLC, , ,Y, , , , , ,,AUG-2023, ,AUG-2023,16:38, ,e44896eb7f3d084,[MAY CONTAIN PERSONALLY IDENTIFIABLE INFORMATION], ,[MAY CONTAIN PERSONALLY IDENTIFIABLE INFORMATION], ,[MAY CONTAIN PERSONALLY IDENTIFIABLE INFORMATION], ,Santa Monica, ,CA ,[MAY CONTAIN PERSONALLY IDENTIFIABLE INFORMATION], ,Traffic Circle,Dry,No Unusual Conditions,25, ,Daylight,Y, , , , , , , ,,Passenger Car,No Injuries Reported,Yes,"Other, see Narrative",No,No, , ,Y, , , , , , , , ,"Other, see Narrative",No,No,No Passengers in Vehicle,1, ,Y, , , , , , , , , , , , ,Y, ,Y,Y, , ,No,, ,Yes,, ,, ,, ,Yes, ,"On August [XXX], 2023 at 4:39 PM PT a Waymo Autonomous Vehicle (""Waymo AV"") operating in Santa Monica, California was in a collision involving a passenger car on [XXX] at [XXX].
The Waymo AV was traversing a roundabout at the intersection of [XXX] at [XXX] when it slowed to a stop for other vehicles approaching and in the roundabout. The front of the passenger car that was in the roundabout behind the Waymo AV made contact with the rear of the Waymo AV. At the time of the impact, the Waymo AV's Level 4 ADS was engaged in autonomous mode. Both vehicles sustained damage.
Waymo is reporting this crash under Request No. 2 of Standing General Order 2021-01. Waymo may supplement or correct its reporting with additional information as it may become available.",
30270-6346,1,Waymo LLC,Monthly,8,2023,SEP-2023,SADHW2S19M1, ,N/A,Jaguar,I-Pace, ,2021, ,f0f7a440e0d08c2,54905, ,None,5th Generation ADS, , ,5th Generation, , ,Version 8, , ,, ,Y,,, ,Y,Yes (specify below),"CA DMV, CA PUC",Yes,ADS,Waymo LLC, , ,Y, , , , , ,,AUG-2023, ,AUG-2023,21:55, ,abaaba07ac5d811,[MAY CONTAIN PERSONALLY IDENTIFIABLE INFORMATION], ,[MAY CONTAIN PERSONALLY IDENTIFIABLE INFORMATION], ,[MAY CONTAIN PERSONALLY IDENTIFIABLE INFORMATION], ,San Francisco, ,CA ,[MAY CONTAIN PERSONALLY IDENTIFIABLE INFORMATION], ,Street,Dry,No Unusual Conditions,25, ,Daylight,Y, , , , , , , ,,Heavy Truck,No Injuries Reported,Yes,Backing,No,No, , , , , , , ,Y, , , ,Stopped,No,No,No Passengers in Vehicle,0, , , ,Y, , , , , , , , , , ,Y, ,Y,Y, , ,No,, ,Yes,, ,, ,, ,Yes, ,"On August [XXX], 2023 at 9:54 PM PT a Waymo Autonomous Vehicle (""Waymo AV"") operating in San Francisco, California was in a collision involving a heavy truck on [XXX] at [XXX].
The Waymo AV was traveling northbound on [XXX] when it approached a heavy truck and trailer that was stopped in the adjacent lane on the left side of the street. As the Waymo began to slowly pass the truck, the truck initiated a reversing turn maneuver into a loading bay on the left side of [XXX]. The Waymo AV then came to a stop, and as the Waymo AV was initiating its own reversing maneuver to clear the path for the truck, the right side of the trailer made contact with the front driver's side corner of the Waymo AV. At the time of the impact, the Waymo AV's Level 4 ADS was engaged in autonomous mode. The Waymo AV sustained damage.
Waymo is reporting this crash under Request No. 2 of Standing General Order 2021-01. Waymo may supplement or correct its reporting with additional information as it may become available.",
30270-6344,1,Waymo LLC,Monthly,8,2023,SEP-2023,SADHW2S14M1, ,N/A,Jaguar,I-Pace, ,2021, ,71efe539834c36e,68966, ,In-Vehicle (Commercial / Test),5th Generation ADS, , ,5th Generation, , ,Version 8, , ,Transdev Alternative Services, , ,,, ,Y,Yes (specify below),"CA DMV, CA PUC",Yes,ADS,Waymo LLC, , ,Y, , , , , ,,AUG-2023, ,AUG-2023,17:48, ,1760af8f89bba3e,[MAY CONTAIN PERSONALLY IDENTIFIABLE INFORMATION], ,[MAY CONTAIN PERSONALLY IDENTIFIABLE INFORMATION], ,[MAY CONTAIN PERSONALLY IDENTIFIABLE INFORMATION], ,San Francisco, ,CA ,[MAY CONTAIN PERSONALLY IDENTIFIABLE INFORMATION], ,Street,Dry,No Unusual Conditions,25, ,Daylight,Y, , , , , , , ,,Non-Motorist: Cyclist,No Injuries Reported,Yes,Proceeding Straight,,, , , , , , , , , , , ,Stopped,No,No,No Passengers in Vehicle,0, , ,Y, , , , , , , , , , , ,Y, ,Y,Y, , ,No,, ,Yes,, ,, ,, ,Yes, ,"On August [XXX], 2023 at 5:49 PM PT the mirror of a Waymo Autonomous Vehicle (""Waymo AV"") operating in San Francisco, CA was struck by a cyclist on [XXX]. Drive at [XXX].
The Waymo AV was stopped in traffic on eastbound [XXX] Drive at the intersection with [XXX], when a cyclist that had been traveling behind the Waymo AV passed the Waymo AV on the left. As the cyclist passed the Waymo AV, the cyclist made contact with the driver side mirror of the Waymo AV. At the time of the impact, the Waymo AV's Level 4 ADS was engaged in autonomous mode, and a test driver was present (in the driver's seating position). The Waymo AV sustained damage and the cyclist did not stop, leaving the scene without exchanging information.
Waymo is reporting this crash under Request No. 2 of Standing General Order 2021-01. Waymo may supplement or correct its reporting with additional information as it may become available.",