Report ID,Report Version,Reporting Entity,Report Type,Report Month,Report Year,Report Submission Date,VIN,VIN - Unknown,Serial Number,Make,Model,Model - Unknown,Model Year,Model Year - Unknown,Same Vehicle ID,Mileage,Mileage - Unknown,Driver / Operator Type,ADAS/ADS System Version,ADAS/ADS System Version - Unk,ADAS/ADS System Version CBI,ADAS/ADS Hardware Version,ADAS/ADS Hardware Version - Unk,ADAS/ADS Hardware Version CBI,ADAS/ADS Software Version,ADAS/ADS Software Version - Unk,ADAS/ADS Software Version CBI,Other Reporting Entities?,Other Reporting Entities? - Unk,Other Reporting Entities? - NA,Federal Regulatory Exemption?,Other Federal Reg. Exemption,Federal Reg. Exemption - Unk,Federal Reg. Exemption - No,State or Local Permit?,State or Local Permit,ADS Equipped?,Automation System Engaged?,Operating Entity,Operating Entity - Unknown,Source - Complaint/Claim,Source - Telematics,Source - Law Enforcement,Source - Field Report,Source - Testing,Source - Media,Source - Other,Source - Other Text,Incident Date,Incident Date - Unknown,Notice Received Date,Incident Time (24:00),Incident Time - Unknown,Same Incident ID,Latitude,Latitude - Unknown,Longitude,Longitude - Unknown,Address,Address - Unknown,City,City - Unknown,State,Zip Code,Zip Code - Unknown,Roadway Type,Roadway Surface,Roadway Description,Posted Speed Limit (MPH),Posted Speed Limit - Unknown,Lighting,Weather - Clear,Weather - Snow,Weather - Cloudy,Weather - Fog/Smoke,Weather - Rain,Weather - Severe Wind,Weather - Unknown,Weather - Other,Weather - Other Text,Crash With,Highest Injury Severity Alleged,Property Damage?,CP Pre-Crash Movement,CP Any Air Bags Deployed?,CP Was Vehicle Towed?,CP Contact Area - Rear Left,CP Contact Area - Left,CP Contact Area - Front Left,CP Contact Area - Rear,CP Contact Area - Top,CP Contact Area - Front,CP Contact Area - Rear Right,CP Contact Area - Right,CP Contact Area - Front Right,CP Contact Area - Bottom,CP Contact Area - Unknown,SV Pre-Crash Movement,SV Any Air Bags Deployed?,SV Was Vehicle Towed?,SV Were All Passengers Belted?,SV Precrash Speed (MPH),SV Pre-crash Speed - Unknown,SV Contact Area - Rear Left,SV Contact Area - Left,SV Contact Area - Front Left,SV Contact Area - Rear,SV Contact Area - Top,SV Contact Area - Front,SV Contact Area - Rear Right,SV Contact Area - Right,SV Contact Area - Front Right,SV Contact Area - Bottom,SV Contact Area - Unknown,Data Availability - EDR,Data Availability - Police Rpt,Data Availability - Telematics,Data Availability - Complaints,Data Availability - Video,Data Availability - Other,Data Availability - No Data,Data Availability - Unknown,Law Enforcement Investigating?,Investigating Agency,Investigating Agency - Unknown,Rep Ent Or Mfr Investigating?,Investigating Officer Name,Inv. Officer Name - Unknown,Investigating Officer Phone,Inv. Officer Phone - Unknown,Investigating Officer Email,Inv. Officer Email - Unknown,Within ODD?,Within ODD? - CBI,Narrative,Narrative - CBI?
30412-5831,1,Cruise LLC,Monthly,6,2022,JUL-2023,5G21A6P05P4, ,N/A,Cruise,AV, ,2023, ,6be5a19a89a0646,10055, ,Remote (Commercial / Test),"[REDACTED, MAY CONTAIN CONFIDENTIAL BUSINESS INFORMATION]", ,Y,"[REDACTED, MAY CONTAIN CONFIDENTIAL BUSINESS INFORMATION]", ,Y,"[REDACTED, MAY CONTAIN CONFIDENTIAL BUSINESS INFORMATION]", ,Y,"General Motors, LLC", , ,,, ,Y,Yes (specify below),CA,Yes,ADS,Cruise LLC, , ,Y, ,Y, , , ,,JUN-2023, ,JUN-2023,23:30, ,0b01b063261158e,[MAY CONTAIN PERSONALLY IDENTIFIABLE INFORMATION], ,[MAY CONTAIN PERSONALLY IDENTIFIABLE INFORMATION], ,[MAY CONTAIN PERSONALLY IDENTIFIABLE INFORMATION], ,San Francisco, ,CA ,[MAY CONTAIN PERSONALLY IDENTIFIABLE INFORMATION], ,Street,Dry,No Unusual Conditions,25, ,Dark - Lighted,Y, , , , , , , ,,"Other, see Narrative",No Injuries Reported,Yes,"Other, see Narrative",Not Applicable,Not Applicable, , , , , , , , , ,Y, ,Proceeding Straight,No,No,Yes,1, , , , , , , , , , ,Y, ,Y, ,Y, ,Y,Y, , ,No,, ,Yes,, ,, ,, ,"[REDACTED, MAY CONTAIN CONFIDENTIAL BUSINESS INFORMATION]",Y,"A Cruise autonomous vehicle (""Cruise AV""), operating in driverless autonomous mode, was traveling westbound on [XXX] between [XXX] and [XXX]. The Cruise AV slowed to a stop due to a pedestrian on a scooter who entered the lane of traffic in front of the AV and started proceeding in circles. Shortly thereafter, the pedestrian approached the stopped Cruise AV, placed the scooter on the ground in front of the Cruise AV's front passenger side tire, and walked away off the roadway. After the pedestrian left, the Cruise AV attempted to proceed forward and made contact with the abandoned scooter. There were no damages to the Cruise AV and there were no reported injuries. [REDACTED, MAY CONTAIN CONFIDENTIAL BUSINESS INFORMATION]",Y
30412-5828,1,Cruise LLC,Monthly,6,2023,JUL-2023,5G21A6P04N4, ,N/A,Cruise,AV, ,2022, ,96d9d3e8ebe9dde,9700, ,Remote (Commercial / Test),"[REDACTED, MAY CONTAIN CONFIDENTIAL BUSINESS INFORMATION]", ,Y,"[REDACTED, MAY CONTAIN CONFIDENTIAL BUSINESS INFORMATION]", ,Y,"[REDACTED, MAY CONTAIN CONFIDENTIAL BUSINESS INFORMATION]", ,Y,"General Motors, LLC", , ,,, ,Y,Yes (specify below),CA,Yes,ADS,Cruise LLC, , ,Y, ,Y, , , ,,JUN-2023, ,JUN-2023,22:37, ,e0191bd1f8c9e7e,[MAY CONTAIN PERSONALLY IDENTIFIABLE INFORMATION], ,[MAY CONTAIN PERSONALLY IDENTIFIABLE INFORMATION], ,[MAY CONTAIN PERSONALLY IDENTIFIABLE INFORMATION], ,San Francisco, ,CA ,[MAY CONTAIN PERSONALLY IDENTIFIABLE INFORMATION], ,Street,Dry,No Unusual Conditions,25, ,Dark - Lighted,Y, , , , , , , ,,SUV,No Injuries Reported,Yes,Backing,No,No, , , , , , ,Y, , , , ,Stopped,No,No,No Passengers in Vehicle,0, , , , , , ,Y, , , , , ,Y, ,Y, ,Y,Y, , ,No,, ,Yes,, ,, ,, ,"[REDACTED, MAY CONTAIN CONFIDENTIAL BUSINESS INFORMATION]",Y,"A Cruise autonomous vehicle (""Cruise AV""), operating in driverless autonomous mode, was traveling southbound on [XXX] between [XXX] and [XXX]. The Cruise AV came to a stop behind a GMC Yukon that was stopped diagonally in the Cruise AV's lane of travel. After the Cruise AV came to a complete stop, the GMC Yukon began reversing further into the Cruise AV's lane and made contact with the Cruise AV, damaging the front bumper fascia of the Cruise AV. The parties exchanged information and there were no reported injuries. [REDACTED, MAY CONTAIN CONFIDENTIAL BUSINESS INFORMATION]",Y
30412-5782,1,Cruise LLC,Monthly,6,2023,JUL-2023,5G21A6P03N4, ,N/A,Cruise,AV, ,2022, ,e47a71c34845269,8336, ,Remote (Commercial / Test),"[REDACTED, MAY CONTAIN CONFIDENTIAL BUSINESS INFORMATION]", ,Y,"[REDACTED, MAY CONTAIN CONFIDENTIAL BUSINESS INFORMATION]", ,Y,"[REDACTED, MAY CONTAIN CONFIDENTIAL BUSINESS INFORMATION]", ,Y,"General Motors, LLC", , ,,, ,Y,Yes (specify below),CA,Yes,ADS,Cruise LLC, , ,Y, ,Y, , , ,,JUN-2023, ,JUN-2023,09:36, ,d9ef2eb5a3957bb,[MAY CONTAIN PERSONALLY IDENTIFIABLE INFORMATION], ,[MAY CONTAIN PERSONALLY IDENTIFIABLE INFORMATION], ,[MAY CONTAIN PERSONALLY IDENTIFIABLE INFORMATION], ,San Francisco, ,CA ,[MAY CONTAIN PERSONALLY IDENTIFIABLE INFORMATION], ,Street,Dry,"Other, see Narrative",25, ,Daylight, , ,Y, , , , , ,,"Other, see Narrative",No Injuries Reported,Yes,Stopped,Not Applicable,No, , , , , , , , , ,Y, ,Proceeding Straight,No,No,No Passengers in Vehicle,7, , , , , ,Y, , , , , , ,Y, ,Y, ,Y,Y, , ,No,, ,Yes,, ,, ,, ,"[REDACTED, MAY CONTAIN CONFIDENTIAL BUSINESS INFORMATION]",Y,"A Cruise autonomous vehicle (""Cruise AV""), operating in driverless autonomous mode, was traveling eastbound on [XXX] between [XXX] and [XXX]. The Cruise AV approached a motorized articulating boom lift (""ABL""), which was stopped in the Cruise AV's lane of travel. As the Cruise AV began to maneuver around and to the left of the ABL, the Cruise AV made contact with the arm of the ABL, which was elevated above the roadway. This caused damage to the Cruise AV's roof Lidar assembly. There were no reported injuries. [REDACTED, MAY CONTAIN CONFIDENTIAL BUSINESS INFORMATION]",Y
30410-5786,1,Motional,Monthly,6,2023,JUL-2023,KMHKM4AE9M1, ,N/A,Hyundai,Ioniq 5, ,2020, ,6dbef6b4d4ef3c4,5581, ,In-Vehicle (Commercial / Test),"[REDACTED, MAY CONTAIN CONFIDENTIAL BUSINESS INFORMATION]", ,Y,"[REDACTED, MAY CONTAIN CONFIDENTIAL BUSINESS INFORMATION]", ,Y,"[REDACTED, MAY CONTAIN CONFIDENTIAL BUSINESS INFORMATION]", ,Y,, ,Y,Part 591 Exemption granted by permission letter from NHTSA,, , ,Yes (specify below),Nevada,Yes,ADS,Motional, , , , ,Y, , , ,,JUN-2023, ,JUN-2023,21:42, ,fdceba88754ba36,[MAY CONTAIN PERSONALLY IDENTIFIABLE INFORMATION], ,[MAY CONTAIN PERSONALLY IDENTIFIABLE INFORMATION], ,[MAY CONTAIN PERSONALLY IDENTIFIABLE INFORMATION], ,Las Vegas, ,NV ,[MAY CONTAIN PERSONALLY IDENTIFIABLE INFORMATION], ,Intersection,Dry,Traffic Incident,15, ,Dark - Lighted,Y, , , , , , , ,,Passenger Car,Minor,Yes,Making Left Turn,No,No, , ,Y, , ,Y, , , , , ,Making Left Turn,No,No,Yes,3, ,Y, , ,Y, , , , , , , , , , , ,Y, , , ,No,, ,Yes,, ,, ,, ,"[REDACTED, MAY CONTAIN CONFIDENTIAL BUSINESS INFORMATION]",Y,"On June [XXX], 2023, at 9:42 PM PDT, a Motional Hyundai Ioniq 5 was operating in autonomous mode with a safety driver at the wheel and a safety operator in the front passenger seat.
 
The Motional vehicle was northbound on [XXX], in the left-most of two left turn lanes, turning onto [XXX] at 10 MPH. The Motional vehicle then braked for an approaching taxi in the adjacent turn lane that was perceived to be crossing into the lane of the Motional vehicle and was rear-ended by a silver Toyota traveling behind it.",
540-5875,1,"General Motors, LLC",5-Day,,,JUL-2023,5G21A6P04P4, ,N/A,Cruise,AV, ,2023, ,79066740bd916eb,2166, ,Remote (Commercial / Test),,Y, ,,Y, ,,Y, ,Cruise LLC, , ,,, ,Y,Yes (specify below),CA,Yes,ADS,Cruise LLC, , ,Y, ,Y, , , ,,JUL-2023, ,JUL-2023,22:47, ,c4edae09c5eac62,[MAY CONTAIN PERSONALLY IDENTIFIABLE INFORMATION], ,[MAY CONTAIN PERSONALLY IDENTIFIABLE INFORMATION], ,[MAY CONTAIN PERSONALLY IDENTIFIABLE INFORMATION], ,San Francisco, ,CA ,[MAY CONTAIN PERSONALLY IDENTIFIABLE INFORMATION], ,Street,Dry,No Unusual Conditions,25, ,Dark - Lighted,Y, , , , , , , ,,Pickup Truck,No Injuries Reported,Yes,Making Right Turn,No,No, , , , , , , ,Y, , , ,Proceeding Straight,No,Yes,No Passengers in Vehicle,4, , , ,Y, , , , , , , , ,Y, ,Y, ,Y,Y, , ,Yes,San Francisco Police Department, ,Yes,[MAY CONTAIN PERSONALLY IDENTIFIABLE INFORMATION], ,,Y,,Y,"No, see Narrative", ,"On July 11, 2023, GM Cruise Holdings LLC (""Cruise"") filed an Incident Report (the ""Report"") under the Second Amended Standing General Order 2021-01, dated April 5, 2023 (the Order). General Motors LLC (GM) manufactured the Cruise-operated motor vehicle involved in the incident summarized in the Incident Report. Because GM is also a Reporting Entity under the Order, GM is submitting a duplicate of the redacted public copy of the Report. GM has selected ""Unknown"" in the ""ADS version"" and ""ODD time"" fields solely to avoid a second submission of nonpublic Cruise CBI GM is in possession of Cruise's responses to these fields, and incorporates Cruise's responses into this submission by reference. GM's submission is based on facts supplied to GM by Cruise. GM has not investigated the alleged incident and currently believes, based on a reasonable inquiry, that it has no independent knowledge of the facts in the Report. (Reference file: 30412-5848-1)",
30412-5848,1,Cruise LLC,5-Day,,,JUL-2023,5G21A6P04P4, ,N/A,Cruise,AV, ,2023, ,79066740bd916eb,2166, ,Remote (Commercial / Test),"[REDACTED, MAY CONTAIN CONFIDENTIAL BUSINESS INFORMATION]", ,Y,"[REDACTED, MAY CONTAIN CONFIDENTIAL BUSINESS INFORMATION]", ,Y,"[REDACTED, MAY CONTAIN CONFIDENTIAL BUSINESS INFORMATION]", ,Y,"General Motors, LLC", , ,,, ,Y,Yes (specify below),CA,Yes,ADS,Cruise LLC, , ,Y, ,Y, , , ,,JUL-2023, ,JUL-2023,22:47, ,c4edae09c5eac62,[MAY CONTAIN PERSONALLY IDENTIFIABLE INFORMATION], ,[MAY CONTAIN PERSONALLY IDENTIFIABLE INFORMATION], ,[MAY CONTAIN PERSONALLY IDENTIFIABLE INFORMATION], ,San Francisco, ,CA ,[MAY CONTAIN PERSONALLY IDENTIFIABLE INFORMATION], ,Street,Dry,No Unusual Conditions,25, ,Dark - Lighted,Y, , , , , , , ,,Pickup Truck,No Injuries Reported,Yes,Making Right Turn,No,No, , , , , , , ,Y, , , ,Proceeding Straight,No,Yes,No Passengers in Vehicle,4, , , ,Y, , , , , , , , ,Y, ,Y, ,Y,Y, , ,Yes,San Francisco Police Department, ,Yes,[MAY CONTAIN PERSONALLY IDENTIFIABLE INFORMATION], ,,Y,,Y,"[REDACTED, MAY CONTAIN CONFIDENTIAL BUSINESS INFORMATION]",Y,"A Cruise autonomous vehicle (""Cruise AV""), operating in driverless autonomous mode, was traveling eastbound in the right lane on [XXX] between [XXX] and [XXX]. At the same time, a pickup truck was traveling in the left lane and slightly ahead of the Cruise AV. As the Cruise AV approached the intersection with [XXX], the pickup truck initiated a prohibited right turn from the left lane across the AV's lane of travel onto [XXX] and, shortly thereafter, made contact with the Cruise AV. This caused damage to the Cruise AV's front driver side bumper fascia and front driver side wheel molding. The parties exchanged information and police arrived at the scene. There were no injuries and the Cruise AV was towed from the incident. [REDACTED, MAY CONTAIN CONFIDENTIAL BUSINESS INFORMATION]",Y
30531-5871,1,Transdev Alternative Services,1-Day,,,JUL-2023,SADHW2S14M1, ,N/A,Jaguar,I-Pace, ,2021, ,0f967d0ef305434,39618, ,In-Vehicle (Commercial / Test),5th Generation, , ,5th Generation, , ,Version 8, , ,Waymo LLC, , ,,, ,Y,Yes (specify below),"DMV, CPUC",Yes,ADS,Waymo LLC, , ,Y, , , , , ,,JUL-2023, ,JUL-2023,15:08, ,1255ba62145d6e6,[MAY CONTAIN PERSONALLY IDENTIFIABLE INFORMATION], ,[MAY CONTAIN PERSONALLY IDENTIFIABLE INFORMATION], ,[MAY CONTAIN PERSONALLY IDENTIFIABLE INFORMATION], ,Los Angeles, ,CA ,[MAY CONTAIN PERSONALLY IDENTIFIABLE INFORMATION], ,Intersection,Dry,No Unusual Conditions,35, ,Daylight,Y, , , , , , , ,,Non-Motorist: Cyclist,No Injuries Reported,Yes,Traveling Wrong Way,,, , , , , , , , , , , ,Making Right Turn,No,No,Yes,2, , , , , , , ,Y, , , , , , ,Y, ,Y,Y, , ,No,, ,Yes,, ,, ,, ,Yes, ,"On July [XXX], 2023 at 3:08 PM PT a Waymo Autonomous Vehicle (""Waymo AV"") operating in Los Angeles, California was in a collision involving a cyclist on [XXX] at [XXX].
The Waymo AV was traveling southbound on [XXX] and preparing to make a right turn onto westbound [XXX].  As the Waymo AV was yielding to cross-traffic and preparing to make a right turn, a cyclist was traveling eastbound on [XXX] and heading the wrong way in the bike lane.  The Cyclist then turned left, northbound, onto [XXX], continuing to travel the wrong direction in the bike lane.  As the Waymo AV slowly proceeded forward, the cyclist passed the Waymo AV and made contact with the rear passenger side sensor of the Waymo AV.  At the time of the impact, the Waymo AV's Level 4 ADS was engaged in autonomous mode, and a test driver was present (in the driver's seating position).  The Waymo AV sustained damage and the cyclist did not stop.
Transdev Alternative Services is reporting a duplicate report from report number: 30270-5855-1.",
30270-5855,1,Waymo LLC,1-Day,,,JUL-2023,SADHW2S14M1, ,N/A,Jaguar,I-Pace, ,2021, ,0f967d0ef305434,39618, ,In-Vehicle (Commercial / Test),5th Generation, , ,5th Generation, , ,Version 8, , ,Transdev Alternative Services, , ,,, ,Y,Yes (specify below),"DMV, CPUC",Yes,ADS,Waymo LLC, , ,Y, , , , , ,,JUL-2023, ,JUL-2023,15:08, ,1255ba62145d6e6,[MAY CONTAIN PERSONALLY IDENTIFIABLE INFORMATION], ,[MAY CONTAIN PERSONALLY IDENTIFIABLE INFORMATION], ,[MAY CONTAIN PERSONALLY IDENTIFIABLE INFORMATION], ,Los Angeles, ,CA ,[MAY CONTAIN PERSONALLY IDENTIFIABLE INFORMATION], ,Intersection,Dry,No Unusual Conditions,35, ,Daylight,Y, , , , , , , ,,Non-Motorist: Cyclist,No Injuries Reported,Yes,Traveling Wrong Way,,, , , , , , , , , , , ,Making Right Turn,No,No,Yes,2, , , , , , , ,Y, , , , , , ,Y, ,Y,Y, , ,No,, ,Yes,, ,, ,, ,Yes, ,"On July [XXX], 2023 at 3:08 PM PT a Waymo Autonomous Vehicle (Waymo AV) operating in Los Angeles, California was in a collision involving a cyclist on [XXX] at [XXX].
The Waymo AV was traveling southbound on [XXX] and preparing to make a right turn onto westbound [XXX]. As the Waymo AV was yielding to cross-traffic and preparing to make a right turn, a cyclist was traveling eastbound on [XXX] and heading the wrong way in the bike lane. The cyclist then turned left, northbound, onto [XXX], continuing to travel the wrong direction in the bike lane. As the Waymo AV slowly proceeded forward, the cyclist passed the Waymo AV and made contact with the rear passenger side sensor of the Waymo AV. At the time of the impact, the Waymo AVs Level 4 ADS was engaged in autonomous mode, and a test driver was present (in the drivers seating position). The Waymo AV sustained damage and the cyclist did not stop, leaving the scene without exchanging information.
Waymo is reporting this crash under Request No. 1 of Standing General Order 2021-01 because a cyclist was involved. Waymo may supplement or correct its reporting with additional information as it may become available.",
28349-5694,4,"Lucid USA, Inc.",Update,,,JUL-2023,50EA1TEA6PA, ,N/A,Lucid,Air Touring, ,2023, ,32bda21cdfb3b83,3183, ,Consumer,"[REDACTED, MAY CONTAIN CONFIDENTIAL BUSINESS INFORMATION]", ,Y,"[REDACTED, MAY CONTAIN CONFIDENTIAL BUSINESS INFORMATION]", ,Y,"[REDACTED, MAY CONTAIN CONFIDENTIAL BUSINESS INFORMATION]", ,Y,,Y, ,,, ,Y,No,,Yes,ADAS,, , ,Y, , , , ,Y,Knox Towing Yard,JUN-2023, ,JUN-2023,14:59, ,59e155e20ed427f,[MAY CONTAIN PERSONALLY IDENTIFIABLE INFORMATION], ,[MAY CONTAIN PERSONALLY IDENTIFIABLE INFORMATION], ,[MAY CONTAIN PERSONALLY IDENTIFIABLE INFORMATION], ,Foster, ,RI ,[MAY CONTAIN PERSONALLY IDENTIFIABLE INFORMATION], ,Highway / Freeway,Dry,No Unusual Conditions,45, ,Daylight, , ,Y, , , , ,Y,Thundering,Pickup Truck,Unknown,Yes,Making Left Turn,Unknown,Unknown,Y, , ,Y, , ,Y, , , , ,Proceeding Straight,Yes,Yes,Yes,53, , , ,Y, , ,Y, , ,Y, , , , ,Y, , , , , ,Unknown,Foster Police Department, ,Yes,[MAY CONTAIN PERSONALLY IDENTIFIABLE INFORMATION], ,[MAY CONTAIN PERSONALLY IDENTIFIABLE INFORMATION], ,[MAY CONTAIN PERSONALLY IDENTIFIABLE INFORMATION], ,Yes, ,"Pre-crash movement through telematics data shows the Lucid vehicle proceeding straight driving 80 mph Eastbound in lane 1 on [XXX] (speed limit is 45 mph) on June [XXX], 2023. Initial information indicated one or both vehicles were towed away, though no information was included about injuries. A second before impact, the driver applies the brake pedal and provides steering wheel input to the right, then to the left, and finally to the right before impact. The telematics data shows the vehicle heading East on [XXX] and the crash signal occurs in the Northeast corner of the [XXX] ([XXX]), the speed of the Lucid Vehicle is logged at 53mph. Telematics data shows the driver airbag deployed.  On [XXX], a conversation with the towing company employee occurred in which the employee stated that the Lucid vehicle was cut off by an oncoming vehicle, a Chevy Crew Cab Pickup truck heading Westbound on [XXX]. The truck was turning left onto [XXX] and the Lucid vehicle impacted the rear right of the truck. The towing company employee stated that people involved in the accident were transported to the hospital for medical treatment.",
30270-5817,2,Waymo LLC,Update,,,JUL-2023,SADHW2S18M1, ,N/A,Jaguar,I-Pace, ,2021, ,9f856ec3c68a0d1,49116, ,In-Vehicle (Commercial / Test),5th Generation, , ,5th Generation, , ,Version 8, , ,Transdev Alternative Services, , ,,, ,Y,Yes (specify below),"DMV, CPUC",Yes,ADS,Waymo LLC, , ,Y, , , , , ,,JUN-2023, ,JUN-2023,23:18, ,afac5d277fdfeb9,[MAY CONTAIN PERSONALLY IDENTIFIABLE INFORMATION], ,[MAY CONTAIN PERSONALLY IDENTIFIABLE INFORMATION], ,[MAY CONTAIN PERSONALLY IDENTIFIABLE INFORMATION], ,Los Angeles, ,CA ,[MAY CONTAIN PERSONALLY IDENTIFIABLE INFORMATION], ,Intersection,Dry,No Unusual Conditions,30, ,Dark - Lighted,Y, , , , , , , ,,Pickup Truck,Minor,Yes,"Other, see Narrative",No,No, , ,Y, , ,Y, , ,Y, , ,"Other, see Narrative",No,Yes,Yes,0, , , , ,Y, ,Y,Y, ,Y, , , , ,Y, ,Y,Y, , ,Yes,LAPD - Wilshire Division, ,Yes,[MAY CONTAIN PERSONALLY IDENTIFIABLE INFORMATION], ,,Y,,Y,Yes, ,"Other than adding the law enforcement investigation details, the content of this report is unchanged from the initial report submitted on July 4, 2023 [REDACTED, MAY CONTAIN CONFIDENTIAL BUSINESS INFORMATION]. 
On June [XXX], 2023 at 11:18 PM PT a Waymo Autonomous Vehicle (Waymo AV) operating in Los Angeles, California was in a collision involving a pick-up truck on [XXX] at [XXX]. 
The Waymo AV was traveling eastbound on [XXX] and stopped at a stop sign at the intersection of [XXX] when a pick-up truck approached the Waymo AV from behind and made contact with the rear of the Waymo AV. At the time of the impact, the Waymo AVs Level 4 ADS was engaged in autonomous mode, and a test driver was present (in the drivers seating position).
The Waymo AV test driver then took manual control of the Waymo AV and the pick-up truck then made contact with the rear of the Waymo AV again. The Waymo AV test driver pulled towards the side of the road and stopped. TThe pick-up truck then made contact with the rear of the Waymo AV again and when the test driver of the Waymo AV resumed movement, the pick-up truck followed the Waymo AV and repeatedly made further contact with the Waymo AV. At one point the pick-up truck driver verbally harassed the Waymo AV test driver. The Waymo AV test driver was eventually able to elude the pickup truck and wait nearby for law enforcement to arrive. The Waymo AV sustained damage.
Waymo is reporting this crash under Request No. 1 of Standing General Order 2021-01 because a vehicle involved was towed away. Waymo may supplement or correct its reporting with additional information as it may become available.",
30531-5818,1,Transdev Alternative Services,5-Day,,,JUL-2023,SADHW2S18M1, ,N/A,Jaguar,I-Pace, ,2021, ,9f856ec3c68a0d1,49116, ,In-Vehicle (Commercial / Test),5th Generation, , ,5th Generation, , ,Version 8, , ,Transdev Alternative Services, , ,,, ,Y,Yes (specify below),"DMV, CPUC",Yes,ADS,Waymo LLC, , ,Y, , , , , ,,JUN-2023, ,JUN-2023,23:18, ,afac5d277fdfeb9,[MAY CONTAIN PERSONALLY IDENTIFIABLE INFORMATION], ,[MAY CONTAIN PERSONALLY IDENTIFIABLE INFORMATION], ,[MAY CONTAIN PERSONALLY IDENTIFIABLE INFORMATION], ,Los Angeles, ,CA ,[MAY CONTAIN PERSONALLY IDENTIFIABLE INFORMATION], ,Intersection,Dry,No Unusual Conditions,30, ,Dark - Lighted,Y, , , , , , , ,,Pickup Truck,Minor,Yes,"Other, see Narrative",No,No, , ,Y, , ,Y, , ,Y, , ,"Other, see Narrative",No,Yes,Yes,0, , , , ,Y, ,Y,Y, ,Y, , , , ,Y, ,Y,Y, , ,Yes,,Y,Yes,,Y,,Y,,Y,Yes, ,"On June [XXX], 2023 at 11:18 PM PT a Waymo Autonomous Vehicle ( Waymo AV ) operating in Los Angeles, California was in a
collision involving a pick-up truck on [XXX] at [XXX].
The Waymo AV was traveling eastbound on [XXX] and stopped at a stop sign at the intersection of [XXX] when a pick-up
truck approached the Waymo AV from behind and made contact with the rear of the Waymo AV. At the time of the impact, the Waymo
AV s Level 4 ADS was engaged in autonomous mode, and a test driver was present (in the driver s seating position).
The Waymo AV test driver then took manual control of the Waymo AV and the pick-up truck then made contact with the rear of the
Waymo AV again. The Waymo AV test driver pulled towards the side of the road and stopped. The pick-up truck followed the Waymo AV
and repeatedly made further contact with the Waymo AV. At one point the pick-up truck driver verbally harassed the Waymo AV test
driver. The Waymo AV test driver was eventually able to elude the pickup truck and wait nearby for law enforcement to arrive. The
Waymo AV sustained damage.
Transdev Alternative Services is reporting a duplicate report from Waymo LLC report number: 30270-5817-1.",
30270-5817,1,Waymo LLC,5-Day,,,JUL-2023,SADHW2S18M1, ,N/A,Jaguar,I-Pace, ,2021, ,9f856ec3c68a0d1,49116, ,In-Vehicle (Commercial / Test),5th Generation, , ,5th Generation, , ,Version 8, , ,Transdev Alternative Services, , ,,, ,Y,Yes (specify below),"DMV, CPUC",Yes,ADS,Waymo LLC, , ,Y, , , , , ,,JUN-2023, ,JUN-2023,23:18, ,afac5d277fdfeb9,[MAY CONTAIN PERSONALLY IDENTIFIABLE INFORMATION], ,[MAY CONTAIN PERSONALLY IDENTIFIABLE INFORMATION], ,[MAY CONTAIN PERSONALLY IDENTIFIABLE INFORMATION], ,Los Angeles, ,CA ,[MAY CONTAIN PERSONALLY IDENTIFIABLE INFORMATION], ,Intersection,Dry,No Unusual Conditions,30, ,Dark - Lighted,Y, , , , , , , ,,Pickup Truck,Minor,Yes,"Other, see Narrative",No,No, , ,Y, , ,Y, , ,Y, , ,"Other, see Narrative",No,Yes,Yes,0, , , , ,Y, ,Y,Y, ,Y, , , , ,Y, ,Y,Y, , ,Yes,,Y,Yes,,Y,,Y,,Y,Yes, ,"On June [XXX], 2023 at 11:18 PM PT a Waymo Autonomous Vehicle (Waymo AV) operating in Los Angeles, California was in a collision involving a pick-up truck on [XXX] at [XXX]. 
The Waymo AV was traveling eastbound on [XXX] and stopped at a stop sign at the intersection of [XXX] when a pick-up truck approached the Waymo AV from behind and made contact with the rear of the Waymo AV. At the time of the impact, the Waymo AVs Level 4 ADS was engaged in autonomous mode, and a test driver was present (in the drivers seating position).
The Waymo AV test driver then took manual control of the Waymo AV and the pick-up truck then made contact with the rear of the Waymo AV again. The Waymo AV test driver pulled towards the side of the road and stopped. The pick-up truck followed the Waymo AV and repeatedly made further contact with the Waymo AV. At one point the pick-up truck driver verbally harassed the Waymo AV test driver. The Waymo AV test driver was eventually able to elude the pickup truck and wait nearby for law enforcement to arrive. The Waymo AV sustained damage.
Waymo is reporting this crash under Request No. 1 of Standing General Order 2021-01 because a vehicle involved was towed away. Waymo may supplement or correct its reporting with additional information as it may become available. The law enforcement investigation details are unknown to the Waymo employee submitting this report at this time, but they will update this information later, when it is available to them.",
30531-5814,1,Transdev Alternative Services,5-Day,,,JUL-2023,SADHW2S14M1, ,N/A,Jaguar,I-Pace, ,2021, ,4e6dc7156efb5a6,87101, ,In-Vehicle (Commercial / Test),5th Generation, , ,5th Generation, , ,Version 8, , ,Transdev Alternative Services, , ,,, ,Y,Yes (specify below),ADOT ,Yes,ADS,Waymo LLC, , ,Y, , , , , ,,JUN-2023, ,JUN-2023,20:58, ,7014e194a75b369,[MAY CONTAIN PERSONALLY IDENTIFIABLE INFORMATION], ,[MAY CONTAIN PERSONALLY IDENTIFIABLE INFORMATION], ,[MAY CONTAIN PERSONALLY IDENTIFIABLE INFORMATION], ,Phoenix, ,AZ ,[MAY CONTAIN PERSONALLY IDENTIFIABLE INFORMATION], ,Street,Dry,No Unusual Conditions,35, ,Dark - Lighted,Y, , , , , , , ,,"Other, see Narrative",No Injuries Reported,Yes,"Other, see Narrative",Not Applicable,Not Applicable, , , , , , , , , , ,Y,Changing Lanes,No,Yes,Yes,35, , , , , , , ,Y, , , , , , ,Y, ,Y,Y, , ,No,, ,Yes,, ,, ,, ,Yes, ,"On June [XXX], 2023 at 8:58 PM PT a Waymo Autonomous Vehicle ( Waymo AV ) operating in Phoenix, Arizona impacted road
debris on [XXX] near [XXX].
The Waymo AV was traveling southbound on [XXX] in the middle lane and preparing to make a right lane change. As it initiated
the lane change, the rear passenger side tire struck small debris in the road. At the time of the impact, the Waymo AV s Level 4 ADS
was engaged in autonomous mode, and a test driver was present (in the driver s seating position). The Waymo AV s tire
immediately deflated.
Transdev Alternative Services is reporting this event under Request No 1 of Standing General Order 2021 01 because a vehicle involved was towed away. This is a duplicate report to Waymo 30270-5813-1 report.",