Report ID,Report Version,Reporting Entity,Report Type,Report Month,Report Year,Report Submission Date,VIN,VIN - Unknown,Serial Number,Make,Model,Model - Unknown,Model Year,Model Year - Unknown,Same Vehicle ID,Mileage,Mileage - Unknown,Driver / Operator Type,ADAS/ADS System Version,ADAS/ADS System Version - Unk,ADAS/ADS System Version CBI,ADAS/ADS Hardware Version,ADAS/ADS Hardware Version - Unk,ADAS/ADS Hardware Version CBI,ADAS/ADS Software Version,ADAS/ADS Software Version - Unk,ADAS/ADS Software Version CBI,Other Reporting Entities?,Other Reporting Entities? - Unk,Other Reporting Entities? - NA,Federal Regulatory Exemption?,Other Federal Reg. Exemption,Federal Reg. Exemption - Unk,Federal Reg. Exemption - No,State or Local Permit?,State or Local Permit,ADS Equipped?,Automation System Engaged?,Operating Entity,Operating Entity - Unknown,Source - Complaint/Claim,Source - Telematics,Source - Law Enforcement,Source - Field Report,Source - Testing,Source - Media,Source - Other,Source - Other Text,Incident Date,Incident Date - Unknown,Notice Received Date,Incident Time (24:00),Incident Time - Unknown,Same Incident ID,Latitude,Latitude - Unknown,Longitude,Longitude - Unknown,Address,Address - Unknown,City,City - Unknown,State,Zip Code,Zip Code - Unknown,Roadway Type,Roadway Surface,Roadway Description,Posted Speed Limit (MPH),Posted Speed Limit - Unknown,Lighting,Weather - Clear,Weather - Snow,Weather - Cloudy,Weather - Fog/Smoke,Weather - Rain,Weather - Severe Wind,Weather - Unknown,Weather - Other,Weather - Other Text,Crash With,Highest Injury Severity Alleged,Property Damage?,CP Pre-Crash Movement,CP Any Air Bags Deployed?,CP Was Vehicle Towed?,CP Contact Area - Rear Left,CP Contact Area - Left,CP Contact Area - Front Left,CP Contact Area - Rear,CP Contact Area - Top,CP Contact Area - Front,CP Contact Area - Rear Right,CP Contact Area - Right,CP Contact Area - Front Right,CP Contact Area - Bottom,CP Contact Area - Unknown,SV Pre-Crash Movement,SV Any Air Bags Deployed?,SV Was Vehicle Towed?,SV Were All Passengers Belted?,SV Precrash Speed (MPH),SV Pre-crash Speed - Unknown,SV Contact Area - Rear Left,SV Contact Area - Left,SV Contact Area - Front Left,SV Contact Area - Rear,SV Contact Area - Top,SV Contact Area - Front,SV Contact Area - Rear Right,SV Contact Area - Right,SV Contact Area - Front Right,SV Contact Area - Bottom,SV Contact Area - Unknown,Data Availability - EDR,Data Availability - Police Rpt,Data Availability - Telematics,Data Availability - Complaints,Data Availability - Video,Data Availability - Other,Data Availability - No Data,Data Availability - Unknown,Law Enforcement Investigating?,Investigating Agency,Investigating Agency - Unknown,Rep Ent Or Mfr Investigating?,Investigating Officer Name,Inv. Officer Name - Unknown,Investigating Officer Phone,Inv. Officer Phone - Unknown,Investigating Officer Email,Inv. Officer Email - Unknown,Within ODD?,Within ODD? - CBI,Narrative,Narrative - CBI?
30610-4814,2,"Zoox, Inc.",Update,,,JUN-2023,5TDDCRFH1G8, ,N/A,Toyota,Highlander, ,2016, ,7e7d2e10d098731,112547, ,In-Vehicle (Commercial / Test),90.23.01.22, , ,90.23.01.22, , ,90.23.01.22, , ,, ,Y,,, ,Y,Yes (specify below),NV DMV AVT Permit,Yes,ADS,Zoox, , , , ,Y,Y, , ,,JAN-2023, ,JAN-2023,15:00, ,fa6f0b9dcf1eda3,[MAY CONTAIN PERSONALLY IDENTIFIABLE INFORMATION], ,[MAY CONTAIN PERSONALLY IDENTIFIABLE INFORMATION], ,[MAY CONTAIN PERSONALLY IDENTIFIABLE INFORMATION], ,Las Vegas, ,NV ,[MAY CONTAIN PERSONALLY IDENTIFIABLE INFORMATION], ,Street,Dry,No Unusual Conditions,30, ,Daylight,Y, , , , , , , ,,Passenger Car,No Injuries Reported,Yes,Changing Lanes,No,Unknown, , ,Y, , , , , , , , ,Proceeding Straight,No,No,Yes,24, , , , , , , , ,Y, , , , , ,Y, ,Y, , , ,No,, ,No,, ,, ,, ,Yes, ,"A Zoox vehicle was proceeding northbound on [XXX]. towards [XXX]. when a passenger vehicle in the right adjacent lane swerved into the Zoox vehicles lane and made contact with the right passenger side door. The other vehicle also made contact with the vehicle in front of them after contacting the Zoox vehicle. There were no injuries reported at that time and police were not called.  Zoox is submitting this updated report to include new information of a claim dated [XXX], 2023, including unspecified ""personal injury.""  This update provides complete information to date for this incident.",
30610-5716,1,"Zoox, Inc.",Monthly,6,2023,JUN-2023,5TDDGRFH6HS, ,N/A,Toyota,Highlander, ,2017, ,9c8cf765a91f70e,60250, ,In-Vehicle (Commercial / Test),144.23.05.17, , ,144.23.05.17, , ,144.23.05.17, , ,, ,Y,,, ,Y,Yes (specify below),CA DMV AVT Permit,Yes,ADS,"Zoox, Inc", , , , ,Y,Y, , ,,MAY-2023, ,MAY-2023,11:40, ,820ae1b8f89c22d,[MAY CONTAIN PERSONALLY IDENTIFIABLE INFORMATION], ,[MAY CONTAIN PERSONALLY IDENTIFIABLE INFORMATION], ,[MAY CONTAIN PERSONALLY IDENTIFIABLE INFORMATION], ,San Francisco, ,CA ,[MAY CONTAIN PERSONALLY IDENTIFIABLE INFORMATION], ,Street,Dry,No Unusual Conditions,25, ,Daylight,Y, , , , , , , ,,SUV,Minor,Yes,Proceeding Straight,No,No, , , , , ,Y, , , , , ,Proceeding Straight,No,No,Yes,1, , , , ,Y, , , , , , , , , ,Y, ,Y, , , ,No,, ,No,, ,, ,, ,Yes, ,A Zoox vehicle in autonomy was coming to a gradual stop for traffic ahead when it was rear ended by vehicle 2 at low speed. There was minor damage to the striking vehicle and police were not called. A Zoox operator reported "sore neck and back".,
30610-5714,1,"Zoox, Inc.",Monthly,6,2023,JUN-2023,5TDDCRFH3GS, ,N/A,Toyota,Highlander, ,2016, ,2401d351bdc80d9,120162, ,In-Vehicle (Commercial / Test),86.23.05.15, , ,86.23.05.15, , ,86.23.05.15, , ,, ,Y,,, ,Y,Yes (specify below),NV DMV AVT Permit,Yes,ADS,"Zoox, Inc", , , , ,Y,Y, , ,,MAY-2023, ,MAY-2023,10:52, ,1ddcd8547f32de0,[MAY CONTAIN PERSONALLY IDENTIFIABLE INFORMATION], ,[MAY CONTAIN PERSONALLY IDENTIFIABLE INFORMATION], ,[MAY CONTAIN PERSONALLY IDENTIFIABLE INFORMATION], ,Paradise, ,NV ,[MAY CONTAIN PERSONALLY IDENTIFIABLE INFORMATION], ,Street,Dry,No Unusual Conditions,45, ,Daylight,Y, , , , , , , ,,Passenger Car,Minor,Yes,Proceeding Straight,No,No, , , , , ,Y, , , , , ,Stopped,No,No,Yes,0, , , , ,Y, , , , , , , , , ,Y, ,Y, , , ,No,, ,No,, ,, ,, ,Yes, ,"A Zoox vehicle in autonomy was stopped in a merge lane, yielding and waiting for cross traffic, when it was rear ended at low speed by a vehicle behind.  A Zoox operator reported ""slight shoulder pain."" Police were not called.",
30270-5650,2,Waymo LLC,10-Day Update,,,JUN-2023,SADHW2S17M1, ,N/A,Jaguar,I-PACE, ,2021, ,365203c6f0f00aa,85743, ,In-Vehicle (Commercial / Test),5th Generation, , ,5th Generation, , ,Version 8, , ,Transdev Alternative Services, , ,,, ,Y,Yes (specify below),ADOT,Yes,ADS,Waymo LLC, , ,Y, , , , , ,,JUN-2023, ,JUN-2023,13:17, ,6362e91ed386c55,[MAY CONTAIN PERSONALLY IDENTIFIABLE INFORMATION], ,[MAY CONTAIN PERSONALLY IDENTIFIABLE INFORMATION], ,[MAY CONTAIN PERSONALLY IDENTIFIABLE INFORMATION], ,Phoenix, ,AZ ,[MAY CONTAIN PERSONALLY IDENTIFIABLE INFORMATION], ,Highway / Freeway,Dry,Work Zone,65, ,Daylight,Y, , , , , , , ,,Passenger Car,Moderate,Yes,Proceeding Straight,No,Unknown, , ,Y, , ,Y, , ,Y, , ,Proceeding Straight,No,Yes,Yes,13, ,Y, , ,Y, , ,Y, , , , , , ,Y, ,Y,Y, , ,No,, ,Yes,, ,, ,, ,Yes, ,"After submitting the previous 1-Day report on [XXX], 2023 [REDACTED, MAY CONTAIN CONFIDENTIAL BUSINESS INFORMATION], Waymo received notice that the test driver was not transported from the scene to the hospital for medical treatment, but did seek medical treatment at a hospital at a later time. As such, this event could have qualified for a 5-Day report. The narrative below has been updated to reflect this information. This updated report also now lists the Highest Injury Severity Alleged as moderate, and Transdev Alternative Services as an entity that may be aware of this incident.
On [XXX], 2023 at 1:17 PM PT a Waymo Autonomous Vehicle (Waymo AV) operating in Phoenix, AZ was in a collision involving a passenger car on [XXX] in the southbound direction near the [XXX].
The Waymo AV was traveling in the rightmost lane (out of 5 lanes) in the southbound direction of [XXX],  and the left 3 lanes were closed due to a work zone. The vehicle traveling ahead in the same lane as the ADV made an abrupt lane change to the left, revealing a stack of slow-moving vehicles in the Waymo AVs lane. The test driver of the Waymo AV took manual control of the vehicle and started to decelerate and steer toward the right shoulder in response to slow traffic ahead. A passenger vehicle approached the Waymo AV from behind and made contact with the rear of the Waymo AV. At the time of the impact, the Waymo AVs Level 4 ADS was not engaged and a test driver (in the drivers seating position) was operating the Waymo AV in manual mode. The Waymo AV and the other vehicle sustained damage. The test driver reported an injury, for which they later sought medical treatment. 
Waymo reported this crash under Request No. 1 of Standing General Order 2021-01. Waymo may supplement or correct its reporting with additional information as it may become available.",
28349-5694,1,"Lucid USA, Inc.",1-Day,,,JUN-2023,50EA1TEA6PA, ,N/A,Lucid,Air Touring, ,2023, ,32bda21cdfb3b83,3183, ,Consumer,"[REDACTED, MAY CONTAIN CONFIDENTIAL BUSINESS INFORMATION]",Y,Y,"[REDACTED, MAY CONTAIN CONFIDENTIAL BUSINESS INFORMATION]",Y,Y,"[REDACTED, MAY CONTAIN CONFIDENTIAL BUSINESS INFORMATION]", ,Y,,Y, ,,, ,Y,No,,Yes,ADAS,, , ,Y, , , , ,Y,Knox Towing Yard,JUN-2023, ,JUN-2023,14:59, ,dfa653e65cd8de6,[MAY CONTAIN PERSONALLY IDENTIFIABLE INFORMATION], ,[MAY CONTAIN PERSONALLY IDENTIFIABLE INFORMATION], ,[MAY CONTAIN PERSONALLY IDENTIFIABLE INFORMATION], ,Foster, ,RI ,[MAY CONTAIN PERSONALLY IDENTIFIABLE INFORMATION], ,Highway / Freeway,Dry,No Unusual Conditions,45, ,Daylight, , ,Y, , , , ,Y,Thundering,Pickup Truck,Unknown,Yes,Making Left Turn,Unknown,Unknown,Y, , ,Y, , ,Y, , , , ,Proceeding Straight,Yes,Yes,Yes,53, , , ,Y, , ,Y, , ,Y, , , , ,Y, , , , , ,Unknown,Foster Police Department, ,Yes,,Y,[MAY CONTAIN PERSONALLY IDENTIFIABLE INFORMATION], ,,Y,Yes, ,"Pre-crash movement through telematics data shows the Lucid vehicle proceeding straight driving 80 mph Eastbound in lane 1 on [XXX] (speed limit is 45 mph) on [XXX], 2023. Initial information indicated one or both vehicles were towed away, though no information was included about injuries. A second before impact, the driver applies the brake pedal and provides steering wheel input to the right, then to the left, and finally to the right before impact. The telematics data shows the vehicle heading East on [XXX] and the crash signal occurs in the Northeast corner of the [XXX] [XXX], the speed of the Lucid Vehicle is logged at 53mph. Telematics data shows the driver airbag deployed.  On [XXX], a conversation with the towing company employee occurred in which the employee stated that the Lucid vehicle was cut off by an oncoming vehicle, a Chevy Crew Cab Pickup truck heading Westbound on [XXX] The truck was turning left onto [XXX]. and the Lucid vehicle impacted the rear right of the truck. The towing company employee stated that people involved in the accident were transported to the hospital for medical treatment.",
540-5688,1,"General Motors, LLC",1-Day,,,JUN-2023,5G21A6P07N4, ,N/A,Cruise,AV, ,2022, ,415099cefc1fecf,11343, ,Remote (Commercial / Test),,Y, ,,Y, ,,Y, ,Cruise LLC, , ,,, ,Y,Yes (specify below),CA,Yes,ADS,Cruise LLC, , ,Y, ,Y, , , ,,JUN-2023, ,JUN-2023,22:22, ,dd2b2de3e21074d,[MAY CONTAIN PERSONALLY IDENTIFIABLE INFORMATION], ,[MAY CONTAIN PERSONALLY IDENTIFIABLE INFORMATION], ,[MAY CONTAIN PERSONALLY IDENTIFIABLE INFORMATION], ,San Francisco, ,CA ,[MAY CONTAIN PERSONALLY IDENTIFIABLE INFORMATION], ,Intersection,Dry,No Unusual Conditions,25, ,Dark - Lighted, , ,Y, , , , , ,,Van,Unknown,Yes,Proceeding Straight,No,Unknown, , ,Y, , ,Y, , ,Y, , ,Stopped,No,Yes,No Passengers in Vehicle,0, ,Y, , ,Y, , ,Y, , , , ,Y, ,Y, ,Y,Y, , ,Yes,San Francisco Police Department, ,Yes,[MAY CONTAIN PERSONALLY IDENTIFIABLE INFORMATION], ,,Y,,Y,"Unknown, see Narrative", ,"On June 10, 2023, GM Cruise Holdings LLC (""Cruise"") filed an Incident Report (the ""Report"") under the Second Amended Standing General Order 2021-01, dated April 5, 2023 (the ""Order""). General Motors LLC (GM) manufactured the Cruise-operated motor vehicle involved in the incident summarized in the Incident Report. Because GM is also a Reporting Entity under the Order, GM is submitting a duplicate of the redacted public copy of the Report. GM has selected ""Unknown"" in the ""ADS version"" and ""ODD time"" fields solely to avoid a second submission of nonpublic Cruise CBI GM is in possession of Cruise's responses to these fields, and incorporates Cruise's responses into this submission by reference. GM's submission is based on facts supplied to GM by Cruise. GM has not investigated the alleged incident and currently believes, based on a reasonable inquiry, that it has no independent knowledge of the facts in the Report. (Reference file: 30412-5687-1)",
30412-5687,1,Cruise LLC,1-Day,,,JUN-2023,5G21A6P07N4, ,N/A,Cruise,AV, ,2022, ,415099cefc1fecf,11343, ,Remote (Commercial / Test),"[REDACTED, MAY CONTAIN CONFIDENTIAL BUSINESS INFORMATION]", ,Y,"[REDACTED, MAY CONTAIN CONFIDENTIAL BUSINESS INFORMATION]", ,Y,"[REDACTED, MAY CONTAIN CONFIDENTIAL BUSINESS INFORMATION]", ,Y,"General Motors, LLC", , ,,, ,Y,Yes (specify below),CA,Yes,ADS,Cruise LLC, , ,Y, ,Y, , , ,,JUN-2023, ,JUN-2023,22:22, ,dd2b2de3e21074d,[MAY CONTAIN PERSONALLY IDENTIFIABLE INFORMATION], ,[MAY CONTAIN PERSONALLY IDENTIFIABLE INFORMATION], ,[MAY CONTAIN PERSONALLY IDENTIFIABLE INFORMATION], ,San Francisco, ,CA ,[MAY CONTAIN PERSONALLY IDENTIFIABLE INFORMATION], ,Intersection,Dry,No Unusual Conditions,25, ,Dark - Lighted, , ,Y, , , , , ,,Van,Unknown,Yes,Proceeding Straight,No,Unknown, , ,Y, , ,Y, , ,Y, , ,Stopped,No,Yes,No Passengers in Vehicle,0, ,Y, , ,Y, , ,Y, , , , ,Y, ,Y, ,Y,Y, , ,Yes,San Francisco Police Department, ,Yes,[MAY CONTAIN PERSONALLY IDENTIFIABLE INFORMATION], ,,Y,,Y,"[REDACTED, MAY CONTAIN CONFIDENTIAL BUSINESS INFORMATION]",Y,"A Cruise autonomous vehicle (""Cruise AV""), operating in driverless autonomous mode, was traveling northbound on [XXX] between [XXX] and [XXX]. As the Cruise AV was coming to a stop for a stop sign at the intersection with [XXX], a van approaching from the rear failed to stop behind the Cruise AV and made contact with the Cruise AV's rear bumper, damaging the rear bumper of the Cruise AV. Police and Emergency Medical Services were called and the Cruise AV was towed from the scene. The driver of the van was transported by Emergency Medical Services for further evaluation. [REDACTED, MAY CONTAIN CONFIDENTIAL BUSINESS INFORMATION]",Y
540-5667,1,"General Motors, LLC",5-Day,,,JUN-2023,5G21A6P01L4, ,N/A,Cruise,AV, ,2020, ,4306ea5c865ff73,52008, ,Remote (Commercial / Test),,Y, ,,Y, ,,Y, ,Cruise LLC, , ,,, ,Y,Yes (specify below),AZ,Yes,ADS,Cruise LLC, , ,Y, ,Y, , , ,,JUN-2023, ,JUN-2023,04:31, ,6487347c1ac4a6b,[MAY CONTAIN PERSONALLY IDENTIFIABLE INFORMATION], ,[MAY CONTAIN PERSONALLY IDENTIFIABLE INFORMATION], ,[MAY CONTAIN PERSONALLY IDENTIFIABLE INFORMATION], ,Chandler, ,AZ ,[MAY CONTAIN PERSONALLY IDENTIFIABLE INFORMATION], ,Intersection,Dry,No Unusual Conditions,45, ,Dark - Lighted,Y, , , , , , , ,,Heavy Truck,No Injuries Reported,Yes,Backing,No,No, , , , , , ,Y, , , , ,Proceeding Straight,No,Yes,No Passengers in Vehicle,14, , , , , , , , , ,Y, , ,Y, ,Y, ,Y,Y, , ,Yes,Chandler Police Department, ,Yes,[MAY CONTAIN PERSONALLY IDENTIFIABLE INFORMATION], ,,Y,[MAY CONTAIN PERSONALLY IDENTIFIABLE INFORMATION], ,"Unknown, see Narrative", ,"On June 6, 2023, GM Cruise Holdings LLC (""Cruise"") filed an Incident Report (the ""Report"") under the Second Amended Standing General Order 2021-01, dated April 5, 2023 (the Order). General Motors LLC (GM) manufactured the Cruise-operated motor vehicle involved in the incident summarized in the Incident Report. Because GM is also a Reporting Entity under the Order, GM is submitting a duplicate of the redacted public copy of the Report. GM has selected ""Unknown"" in the ""ADS version"" and ""ODD time"" fields solely to avoid a second submission of nonpublic Cruise CBI GM is in possession of Cruise's responses to these fields, and incorporates Cruise's responses into this submission by reference. GM's submission is based on facts supplied to GM by Cruise. GM has not investigated the alleged incident and currently believes, based on a reasonable inquiry, that it has no independent knowledge of the facts in the Report. (Reference file: 30412-5661-1)",
30531-5669,1,Transdev Alternative Services,5-Day,,,JUN-2023,SADHW2S17M1, ,N/A,Jaguar,I-PACE, ,2021, ,365203c6f0f00aa,85743, ,In-Vehicle (Commercial / Test),5th Generation, , ,5th Generation, , ,Version 8, , ,, ,Y,,, ,Y,Yes (specify below),ADOT,Yes,ADS,Waymo LLC, , ,Y, , , , , ,,JUN-2023, ,JUN-2023,13:17, ,6362e91ed386c55,[MAY CONTAIN PERSONALLY IDENTIFIABLE INFORMATION], ,[MAY CONTAIN PERSONALLY IDENTIFIABLE INFORMATION], ,[MAY CONTAIN PERSONALLY IDENTIFIABLE INFORMATION], ,Phoenix, ,AZ ,[MAY CONTAIN PERSONALLY IDENTIFIABLE INFORMATION], ,Highway / Freeway,Dry,Work Zone,65, ,Daylight,Y, , , , , , , ,,Passenger Car,Unknown,Yes,Proceeding Straight,No,Unknown, , ,Y, , ,Y, , ,Y, , ,Proceeding Straight,No,Yes,Yes,13, ,Y, , ,Y, , ,Y, , , , , , ,Y, ,Y,Y, , ,No,, ,Yes,, ,, ,, ,Yes, ,"On [XXX], 2023 at 1:17 PM PT a Waymo Autonomous Vehicle (""Waymo AV"") operating in Phoenix, AZ was in a collision involving a passenger car on [XXX] in the southbound direction near the [XXX].
The Waymo AV was traveling in the rightmost lane (out of 5 lanes) in the southbound direction of [XXX], and the left 3 lanes were closed due to a work zone.  The vehicle traveling ahead in the same lane as the ADV made an abrupt lane change to the left, revealing a stack of slow-moving vehicles in the Waymo's lane.  The test driver of the Waymo AV took manual control of the vehicle and started to decelerate and steer toward the right shoulder in response to slow traffic ahead.  A passenger vehicle approached the Waymo AV from behind and made contact with the rear of the Waymo AV.  At the time of the impact, the Waymo's Level 4 ADS was not engaged and a test driver (in the driver's seating position) was operating the Waymo AV in manual mode.  The Waymo AV and the other vehicle sustained damage.
Transdev Alternative Services is reporting this collision under the 5-day reporting guidelines because a vehicle was towed but nobody was transported to the hospital from the scene of the collision and there was no Vulnerable Road User involved.  Transdev may supplement or correct its reporting with additional information as it may become available.  This is a duplicate of collision report ID: 30270-5650-1.",
30412-5661,1,Cruise LLC,5-Day,,,JUN-2023,5G21A6P01L4, ,N/A,Cruise,AV, ,2020, ,4306ea5c865ff73,52008, ,Remote (Commercial / Test),"[REDACTED, MAY CONTAIN CONFIDENTIAL BUSINESS INFORMATION]", ,Y,"[REDACTED, MAY CONTAIN CONFIDENTIAL BUSINESS INFORMATION]", ,Y,"[REDACTED, MAY CONTAIN CONFIDENTIAL BUSINESS INFORMATION]", ,Y,"General Motors, LLC", , ,,, ,Y,Yes (specify below),AZ,Yes,ADS,Cruise LLC, , ,Y, ,Y, , , ,,JUN-2023, ,JUN-2023,04:31, ,6487347c1ac4a6b,[MAY CONTAIN PERSONALLY IDENTIFIABLE INFORMATION], ,[MAY CONTAIN PERSONALLY IDENTIFIABLE INFORMATION], ,[MAY CONTAIN PERSONALLY IDENTIFIABLE INFORMATION], ,Chandler, ,AZ ,[MAY CONTAIN PERSONALLY IDENTIFIABLE INFORMATION], ,Intersection,Dry,No Unusual Conditions,45, ,Dark - Lighted,Y, , , , , , , ,,Heavy Truck,No Injuries Reported,Yes,Backing,No,No, , , , , , ,Y, , , , ,Proceeding Straight,No,Yes,No Passengers in Vehicle,14, , , , , , , , , ,Y, , ,Y, ,Y, ,Y,Y, , ,Yes,Chandler Police Department, ,Yes,[MAY CONTAIN PERSONALLY IDENTIFIABLE INFORMATION], ,,Y,[MAY CONTAIN PERSONALLY IDENTIFIABLE INFORMATION], ,"[REDACTED, MAY CONTAIN CONFIDENTIAL BUSINESS INFORMATION]",Y,"A Cruise autonomous vehicle (""Cruise AV""), operating in driverless autonomous mode, was at a complete stop in response to a red light on northbound [XXX] at the intersection with [XXX]. As the Cruise AV was proceeding through the intersection after the light turned green, a flatbed construction truck reversed into the intersection perpendicularly from westbound [XXX] against a red light in its direction of travel. Shortly thereafter, the Cruise AV made contact with the flatbed construction truck, damaging the front passenger side quarter panel and front passenger side hood of the Cruise AV. The parties exchanged information and police were called to the scene. There were no reported injuries and the Cruise AV was towed from the scene. [REDACTED, MAY CONTAIN CONFIDENTIAL BUSINESS INFORMATION]",Y
30270-5650,1,Waymo LLC,1-Day,,,JUN-2023,SADHW2S17M1, ,N/A,Jaguar,I-PACE, ,2021, ,365203c6f0f00aa,85743, ,In-Vehicle (Commercial / Test),5th Generation, , ,5th Generation, , ,Version 8, , ,, ,Y,,, ,Y,Yes (specify below),ADOT,Yes,ADS,Waymo LLC, , ,Y, , , , , ,,JUN-2023, ,JUN-2023,13:17, ,6362e91ed386c55,[MAY CONTAIN PERSONALLY IDENTIFIABLE INFORMATION], ,[MAY CONTAIN PERSONALLY IDENTIFIABLE INFORMATION], ,[MAY CONTAIN PERSONALLY IDENTIFIABLE INFORMATION], ,Phoenix, ,AZ ,[MAY CONTAIN PERSONALLY IDENTIFIABLE INFORMATION], ,Highway / Freeway,Dry,Work Zone,65, ,Daylight,Y, , , , , , , ,,Passenger Car,Unknown,Yes,Proceeding Straight,No,Unknown, , ,Y, , ,Y, , ,Y, , ,Proceeding Straight,No,Yes,Yes,13, ,Y, , ,Y, , ,Y, , , , , , ,Y, ,Y,Y, , ,No,, ,Yes,, ,, ,, ,Yes, ,"On [XXX], 2023 at 1:17 PM PT a Waymo Autonomous Vehicle (Waymo AV) operating in Phoenix, AZ was in a collision involving a passenger car on [XXX] in the southbound direction near the [XXX].
The Waymo AV was traveling in the rightmost lane (out of 5 lanes) in the southbound direction of [XXX], and the left 3 lanes were closed due to a work zone. The vehicle traveling ahead in the same lane as the ADV made an abrupt lane change to the left, revealing a stack of slow-moving vehicles in the Waymo AVs lane. The test driver of the Waymo AV took manual control of the vehicle and started to decelerate and steer toward the right shoulder in response to slow traffic ahead. A passenger vehicle approached the Waymo AV from behind and made contact with the rear of the Waymo AV. At the time of the impact, the Waymo AVs Level 4 ADS was not engaged and a test driver (in the drivers seating position) was operating the Waymo AV in manual mode. The Waymo AV and the other vehicle sustained damage.
Waymo is reporting this crash under Request No. 1 of Standing General Order 2021-01 because the test driver of the Waymo AV was transported to the hospital for medical treatment. Waymo may supplement or correct its reporting with additional information as it may become available.",
540-5639,1,"General Motors, LLC",5-Day,,,MAY-2023,5G21A6P0XN4, ,N/A,Cruise,AV, ,2022, ,9378265a4fb8fef,3738, ,Remote (Commercial / Test),,Y, ,,Y, ,,Y, ,Cruise LLC, , ,,, ,Y,Yes (specify below),CA,Yes,ADS,Cruise LLC, , ,Y, ,Y, , , ,,MAY-2023, ,MAY-2023,21:24, ,34e9268c40d9f69,[MAY CONTAIN PERSONALLY IDENTIFIABLE INFORMATION], ,[MAY CONTAIN PERSONALLY IDENTIFIABLE INFORMATION], ,[MAY CONTAIN PERSONALLY IDENTIFIABLE INFORMATION], ,San Drancisco, ,CA ,[MAY CONTAIN PERSONALLY IDENTIFIABLE INFORMATION], ,Street,Dry,"Other, see Narrative",25, ,Dark - Lighted,Y, , , , , , , ,,Passenger Car,Minor,Yes,Parked,No,Yes,Y,Y,Y, , , , , , , , ,Proceeding Straight,No,Yes,Yes,15, , , , , , , ,Y, ,Y, , ,Y, ,Y, ,Y,Y, , ,Yes,San Francisco Police Department, ,Yes,[MAY CONTAIN PERSONALLY IDENTIFIABLE INFORMATION], ,,Y,,Y,"Unknown, see Narrative", ,"On May 26, 2023, GM Cruise Holdings LLC (""Cruise"") filed an Incident Report (the ""Report"") under the Second Amended Standing General Order 2021-01, dated April 5, 2023 (the ""Order""). General Motors LLC (GM) manufactured the Cruise-operated motor vehicle involved in the incident summarized in the Incident Report. Because GM is also a Reporting Entity under the Order, GM is submitting a duplicate of the redacted public copy of the Report. GM has selected ""Unknown"" in the ""ADS version"" and ""ODD time"" fields solely to avoid a second submission of nonpublic Cruise CBI GM is in possession of Cruise's responses to these fields, and incorporates Cruise's responses into this submission by reference. GM's submission is based on facts supplied to GM by Cruise. GM has not investigated the alleged incident and currently believes, based on a reasonable inquiry, that it has no independent knowledge of the facts in the Report. (Reference file: 30412-5624-1)",
30413-5633,1,May Mobility,5-Day,,,MAY-2023,5TDYRKEC5MS, ,N/A,Toyota,Sienna, ,2021, ,3bc0e9a23a18e40,13761, ,In-Vehicle (Commercial / Test),4, , ,4, , ,4, , ,, ,Y,,, ,Y,Unknown,,Yes,ADS,May Mobility, , , , ,Y, , , ,,MAY-2023, ,MAY-2023,16:40, ,aaac9035f83c66f,[MAY CONTAIN PERSONALLY IDENTIFIABLE INFORMATION], ,[MAY CONTAIN PERSONALLY IDENTIFIABLE INFORMATION], ,[MAY CONTAIN PERSONALLY IDENTIFIABLE INFORMATION], ,Grand Rapids, ,MN ,[MAY CONTAIN PERSONALLY IDENTIFIABLE INFORMATION], ,Intersection,Dry,No Unusual Conditions,30, ,Daylight,Y, , , , , , , ,,Non-Motorist: Other,No Injuries Reported,No,Crossing into Opposing Lane,,, , , , , , , , , , , ,Stopped,No,No,Yes,0, ,Y, , , , , , , , , , , , , , ,Y, , , ,No,, ,Yes,, ,, ,, ,Yes, ,"On Tuesday May [XXX] at 16:40 local time, the May shuttle was driving Northbound from [XXX] to [XXX] in Grand Rapids, MN, in autonomous mode and was followed by 2 people riding on scooters. As the May shuttle made the turn, the VRUs were traveling in the same direction as the May shuttle on opposite sides of the lane. As the May shuttle completed the turn at 10 MPH, the brakes were applied and the vehicle came to a complete stop because one of the riders attempted to cross over in the lane which caused VRU safety buffer to intersect with vehicle path, which led the vehicle to slow to a stop. The scooter rider contacted the rear left rear bumper of the shuttle. Scooters were traveling at an estimated speed of 12 mph and accelerating.",