Report ID,Report Version,Reporting Entity,Report Type,Report Month,Report Year,Report Submission Date,VIN,VIN - Unknown,Serial Number,Make,Model,Model - Unknown,Model Year,Model Year - Unknown,Same Vehicle ID,Mileage,Mileage - Unknown,Driver / Operator Type,ADAS/ADS System Version,ADAS/ADS System Version - Unk,ADAS/ADS System Version CBI,ADAS/ADS Hardware Version,ADAS/ADS Hardware Version - Unk,ADAS/ADS Hardware Version CBI,ADAS/ADS Software Version,ADAS/ADS Software Version - Unk,ADAS/ADS Software Version CBI,Other Reporting Entities?,Other Reporting Entities? - Unk,Other Reporting Entities? - NA,Federal Regulatory Exemption?,Other Federal Reg. Exemption,Federal Reg. Exemption - Unk,Federal Reg. Exemption - No,State or Local Permit?,State or Local Permit,ADS Equipped?,Automation System Engaged?,Operating Entity,Operating Entity - Unknown,Source - Complaint/Claim,Source - Telematics,Source - Law Enforcement,Source - Field Report,Source - Testing,Source - Media,Source - Other,Source - Other Text,Incident Date,Incident Date - Unknown,Notice Received Date,Incident Time (24:00),Incident Time - Unknown,Same Incident ID,Latitude,Latitude - Unknown,Longitude,Longitude - Unknown,Address,Address - Unknown,City,City - Unknown,State,Zip Code,Zip Code - Unknown,Roadway Type,Roadway Surface,Roadway Description,Posted Speed Limit (MPH),Posted Speed Limit - Unknown,Lighting,Weather - Clear,Weather - Snow,Weather - Cloudy,Weather - Fog/Smoke,Weather - Rain,Weather - Severe Wind,Weather - Unknown,Weather - Other,Weather - Other Text,Crash With,Highest Injury Severity Alleged,Property Damage?,CP Pre-Crash Movement,CP Any Air Bags Deployed?,CP Was Vehicle Towed?,CP Contact Area - Rear Left,CP Contact Area - Left,CP Contact Area - Front Left,CP Contact Area - Rear,CP Contact Area - Top,CP Contact Area - Front,CP Contact Area - Rear Right,CP Contact Area - Right,CP Contact Area - Front Right,CP Contact Area - Bottom,CP Contact Area - Unknown,SV Pre-Crash Movement,SV Any Air Bags Deployed?,SV Was Vehicle Towed?,SV Were All Passengers Belted?,SV Precrash Speed (MPH),SV Pre-crash Speed - Unknown,SV Contact Area - Rear Left,SV Contact Area - Left,SV Contact Area - Front Left,SV Contact Area - Rear,SV Contact Area - Top,SV Contact Area - Front,SV Contact Area - Rear Right,SV Contact Area - Right,SV Contact Area - Front Right,SV Contact Area - Bottom,SV Contact Area - Unknown,Data Availability - EDR,Data Availability - Police Rpt,Data Availability - Telematics,Data Availability - Complaints,Data Availability - Video,Data Availability - Other,Data Availability - No Data,Data Availability - Unknown,Law Enforcement Investigating?,Investigating Agency,Investigating Agency - Unknown,Rep Ent Or Mfr Investigating?,Investigating Officer Name,Inv. Officer Name - Unknown,Investigating Officer Phone,Inv. Officer Phone - Unknown,Investigating Officer Email,Inv. Officer Email - Unknown,Within ODD?,Within ODD? - CBI,Narrative,Narrative - CBI?
30270-5322,1,Waymo LLC,Monthly,3,2023,APR-2023,SADHW2S14M1, ,N/A,Jaguar,I-Pace, ,2021, ,7ab5922ee64ed2d,36912, ,In-Vehicle (Commercial / Test),5th Generation ADS, , ,, , ,, , ,, , ,,, , ,,,Yes,ADS,Waymo LLC, , ,Y, , , , , ,,MAR-2023, ,MAR-2023,2:19, ,a9b321d03f6693c,[MAY CONTAIN PERSONALLY IDENTIFIABLE INFORMATION], ,[MAY CONTAIN PERSONALLY IDENTIFIABLE INFORMATION], ,[MAY CONTAIN PERSONALLY IDENTIFIABLE INFORMATION], ,San Bruno, ,CA ,[MAY CONTAIN PERSONALLY IDENTIFIABLE INFORMATION], ,Highway / Freeway,Dry,No Unusual Conditions,65, ,Dark - Lighted,Y, , , , , , , ,,"Other, see Narrative",No Injuries Reported,Yes,"Other, see Narrative",Not Applicable,Not Applicable, , , , , , , , , , ,Y,Proceeding Straight,No,No,Yes,64, , , , , , , ,Y, , ,Y, , , ,Y, ,Y,Y, , ,No,, ,Yes,, ,, ,, ,Yes, ,"On March [XXX], 2023 at 2:19 AM PST a Waymo Autonomous Vehicle (Waymo AV) operating in San Bruno, CA was in a collision involving road debris on [XXX] at the interchange ramp for [XXX] ([XXX]). 
The Waymo AV was traveling south on [XXX] in the rightmost exit lane for [XXX] towards [XXX] when it made contact with road debris (tire scrap). At the time of the impact, the Waymo AVs Level 4 ADS was engaged in autonomous mode, and a test driver was present (in the drivers seating position). The Waymo AV sustained damage.
Waymo is reporting this crash under Request No. 2 of Standing General Order 2021-01. Waymo may supplement or correct its reporting with additional information as it may become available.",
30270-5320,1,Waymo LLC,Monthly,3,2023,APR-2023,SADHW2S11M1, ,N/A,Jaguar,I-Pace, ,2021, ,e736a273624743b,48335, ,In-Vehicle (Commercial / Test),5th Generation ADS, , ,, , ,, , ,, , ,,, , ,,,Yes,ADS,Waymo LLC, , ,Y, , , , , ,,MAR-2023, ,MAR-2023,21:28, ,188a9149e534fe8,[MAY CONTAIN PERSONALLY IDENTIFIABLE INFORMATION], ,[MAY CONTAIN PERSONALLY IDENTIFIABLE INFORMATION], ,[MAY CONTAIN PERSONALLY IDENTIFIABLE INFORMATION], ,San Francisco, ,CA ,[MAY CONTAIN PERSONALLY IDENTIFIABLE INFORMATION], ,Intersection,Wet,No Unusual Conditions,25, ,Dark - Lighted, , , , ,Y, , , ,,Passenger Car,No Injuries Reported,Yes,Proceeding Straight,No,No, , ,Y, , ,Y, , ,Y, , ,Stopped,No,No,Yes,0, ,Y, , ,Y, , ,Y, , , , , , ,Y, ,Y,Y, , ,No,, ,Yes,, ,, ,, ,Yes, ,"On March [XXX], 2023 at 9:28 PM PST a Waymo Autonomous Vehicle (Waymo AV) operating in San Francisco, California was in a collision involving a passenger car on [XXX] at [XXX].
The Waymo AV was stopped in the dedicated left turn lane facing west on [XXX], awaiting a green signal to turn onto [XXX]. The signal for traffic proceeding west on [XXX] turned green, and traffic in adjacent lanes began moving. The left turn arrow signal for the dedicated turn lane occupied by the Waymo AV remained red. The passenger car that had been stopped directly behind the Waymo AV began moving forward. The front of the passenger car made contact with the rear of the Waymo AV.
At the time of the impact, the Waymo AVs Level 4 ADS was engaged in autonomous mode, and a test driver was present (in the drivers seating position). The passenger car sustained minor damage.
Waymo is reporting this crash under Request No. 2 of Standing General Order 2021-01. Waymo may supplement or correct its reporting with additional information as it may become available.",
30270-5318,1,Waymo LLC,Monthly,3,2023,APR-2023,SADHW2S10M1, ,N/A,Jaguar,I-Pace, ,2021, ,efd736cb25da3bf,34727, ,None,5th Generation ADS, , ,, , ,, , ,, , ,,, , ,,,Yes,ADS,Waymo LLC, , ,Y, , , , , ,,MAR-2023, ,MAR-2023,20:26, ,78d780d1f36e0c3,[MAY CONTAIN PERSONALLY IDENTIFIABLE INFORMATION], ,[MAY CONTAIN PERSONALLY IDENTIFIABLE INFORMATION], ,[MAY CONTAIN PERSONALLY IDENTIFIABLE INFORMATION], ,San Francisco, ,CA ,[MAY CONTAIN PERSONALLY IDENTIFIABLE INFORMATION], ,Parking Lot,Dry,No Unusual Conditions,15, ,Dark - Lighted,Y, , , , , , , ,,Other Fixed Object,No Injuries Reported,Yes,,,, , , , , , , , , , , ,Entering Traffic,No,No,Yes,2, , , ,Y, , ,Y, , ,Y, , , , ,Y, ,Y,Y, , ,No,, ,Yes,, ,, ,, ,Yes, ,"On March [XXX], 2023 at 8:27 PM PST a Waymo Autonomous Vehicle (Waymo AV) operating in San Francisco was in a collision involving a fixed object on [XXX] near [XXX].
As the Waymo AV was leaving a parking lot to turn left onto [XXX], the front of the Waymo AV made contact with a chain that was connected between a parking lot road sign and a temporary pole. At the time of the impact, the Waymo AVs Level 4 ADS was engaged in autonomous mode. The road sign fell down due to tension on the chain.
Waymo is reporting this crash under Request No. 2 of Standing General Order 2021-01. Waymo may supplement or correct its reporting with additional information as it may become available.",
30270-5319,1,Waymo LLC,Monthly,3,2023,APR-2023,SADHW2S16M1, ,N/A,Jaguar,I-Pace, ,2021, ,dd9c07aaa0d58c4,38196, ,None,5th Generation ADS, , ,, , ,, , ,, , ,,, , ,,,Yes,ADS,Waymo LLC, , ,Y, , , , , ,,MAR-2023, ,MAR-2023,12:03, ,2b877b899692cdd,[MAY CONTAIN PERSONALLY IDENTIFIABLE INFORMATION], ,[MAY CONTAIN PERSONALLY IDENTIFIABLE INFORMATION], ,[MAY CONTAIN PERSONALLY IDENTIFIABLE INFORMATION], ,Phoenix, ,AZ ,[MAY CONTAIN PERSONALLY IDENTIFIABLE INFORMATION], ,Street,Dry,No Unusual Conditions,25, ,Daylight,Y, , , , , , , ,,Heavy Truck,No Injuries Reported,Yes,Backing,No,No, , , , , , ,Y, , , , ,Stopped,No,No,No Passengers in Vehicle,0, , , ,Y, , , , , , , , , , ,Y, ,Y,Y, , ,No,, ,Yes,, ,, ,, ,Yes, ,"On March [XXX], 2023 at 12:03 PM PST a Waymo Autonomous Vehicle (Waymo AV) operating in Phoenix, Arizona was in a collision involving a heavy truck on [XXX] between [XXX] and [XXX].
The Waymo AV was traveling southbound on [XXX] when it approached a heavy truck and trailer that was positioning to reverse perpendicularly across [XXX] to back into an adjacent driveway. The Waymo AV stopped and the truck and trailer began reversing across [XXX]. The rear passengers side corner of the truck then made contact with the front drivers side corner of the stationary Waymo AV. At the time of the impact, the Waymo AVs Level 4 ADS was engaged in autonomous mode. The Waymo AV sustained damage.
Waymo is reporting this crash under Request No. 2 of Standing General Order 2021-01. Waymo may supplement or correct its reporting with additional information as it may become available.",
30270-5208,2,Waymo LLC,10-Day Update,,,APR-2023,SADHW2S15M1, ,N/A,Jaguar,I-Pace, ,2021, ,85a9f39d9ae609d,32763, ,None,5th Generation ADS, , ,, , ,, , ,, , ,,, , ,,,Yes,ADS,Waymo LLC, , ,Y, , , , , ,,APR-2023, ,APR-2023,10:48, ,7855eea3f17e0f0,[MAY CONTAIN PERSONALLY IDENTIFIABLE INFORMATION], ,[MAY CONTAIN PERSONALLY IDENTIFIABLE INFORMATION], ,[MAY CONTAIN PERSONALLY IDENTIFIABLE INFORMATION], ,San Francisco, ,CA ,[MAY CONTAIN PERSONALLY IDENTIFIABLE INFORMATION], ,Street,Dry,No Unusual Conditions,25, ,Daylight,Y, , , , , , , ,,Heavy Truck,No Injuries Reported,Yes,Proceeding Straight,No,No, ,Y, , , , , , , , , ,Stopped,No,Yes,No Passengers in Vehicle,0, ,Y, , , , , , , , , , , , ,Y, ,Y,Y, , ,No,, ,Yes,, ,, ,, ,Yes, ,"The content of this report is unchanged from the initial report submitted on [XXX], 2023 [REDACTED, MAY CONTAIN CONFIDENTIAL BUSINESS INFORMATION]. 
On April [XXX], 2023 at 10:48 AM PST a Waymo Autonomous Vehicle (Waymo AV) operating in San Francisco, California was in a collision involving a heavy truck on [XXX] near [XXX]. 
The Waymo AV was proceeding northwest on [XXX] near the intersection with [XXX] when it came to a stop to yield to a heavy truck traveling southeast on [XXX]. As the heavy truck drove past the Waymo AV, the drivers side section of the heavy truck made contact with the rear drivers side sensor of the Waymo AV. The heavy truck then left the scene. At the time of the impact, the Waymo AVs Level 4 ADS was engaged in autonomous mode. The Waymo AV sustained damage.
Waymo is reporting this crash under Request No. 1 of Standing General Order 2021-01 because a vehicle involved was towed away. Waymo may supplement or correct its reporting with additional information as it may become available.",
30270-5202,2,Waymo LLC,10-Day Update,,,APR-2023,SADHW2S19M1, ,N/A,Jaguar,I-Pace, ,2021, ,7c9debf78e8ce32,45624, ,In-Vehicle (Commercial / Test),5th Generation ADS, , ,, , ,, , ,, , ,,, , ,,,Yes,ADS,Waymo LLC, , ,Y, , , , , ,,APR-2023, ,APR-2023,10:46, ,90144b3b43ae60a,[MAY CONTAIN PERSONALLY IDENTIFIABLE INFORMATION], ,[MAY CONTAIN PERSONALLY IDENTIFIABLE INFORMATION], ,[MAY CONTAIN PERSONALLY IDENTIFIABLE INFORMATION], ,San Francisco, ,CA ,[MAY CONTAIN PERSONALLY IDENTIFIABLE INFORMATION], ,Intersection,Dry,No Unusual Conditions,25, ,Daylight,Y, , , , , , , ,,Passenger Car,No Injuries Reported,Yes,Changing Lanes,No,No, , ,Y, , , , , , , , ,Stopped,No,No,Yes,0, , , , , , , ,Y, , , , , , ,Y, ,Y,Y, , ,No,, ,Yes,, ,, ,, ,Yes, ,"The content of this report is unchanged from the initial report submitted on April 6, 2023 [REDACTED, MAY CONTAIN CONFIDENTIAL BUSINESS INFORMATION]. 
On April [XXX], 2023 at 10:46 AM PST a Waymo Autonomous Vehicle (Waymo AV) operating in San Francisco, California was in a collision involving a passenger car on [XXX] at [XXX].
The Waymo AV was traveling southbound on [XXX] in the leftmost lane as it was approaching the intersection with [XXX]. The signal for traffic proceeding south on [XXX] was green for the Waymo AV as it approached the intersection. As the Waymo AV approached, an individual riding a motorized scooter traveling north on [XXX] proceeded to turn left onto westbound [XXX], across the paths of the Waymo AV and other oncoming vehicles. The Waymo AV began to brake, and the Waymo AV test driver transitioned to manual mode and brought the Waymo AV to a stop. A passenger car traveling directly behind the Waymo AV then made contact with the rear of the Waymo AV. The individual riding the scooter was not contacted by the Waymo AV or any other vehicle. At the time of the impact, the Waymo AVs Level 4 ADS was not engaged and a test driver was operating the Waymo AV in manual mode. Both the Waymo AV and the passenger car sustained damage, and the individual on the motorized scooter left the scene. 
Waymo is reporting this crash under Request No. 1 of Standing General Order 2021-01 because a Vulnerable Road User was involved. Waymo may supplement or correct its reporting with additional information as it may become available.",
988-5310,1,PACCAR Incorporated,Monthly,4,2023,APR-2023,1XPBD49X2PD, ,[MAY CONTAIN PERSONALLY IDENTIFIABLE INFORMATION],Peterbilt,579, ,2022, ,266606b641b9c42,31279, ,In-Vehicle (Commercial / Test),"[REDACTED, MAY CONTAIN CONFIDENTIAL BUSINESS INFORMATION]", ,Y,, , ,, , ,, , ,,, , ,,,Yes,"Unknown, see Narrative","Aurora Operations, Inc.", , ,Y, ,Y, , , ,,MAR-2023, ,MAR-2023,8:01, ,5e8ac7239468e4d,[MAY CONTAIN PERSONALLY IDENTIFIABLE INFORMATION], ,[MAY CONTAIN PERSONALLY IDENTIFIABLE INFORMATION], ,[MAY CONTAIN PERSONALLY IDENTIFIABLE INFORMATION], ,Weatherford, ,TX ,[MAY CONTAIN PERSONALLY IDENTIFIABLE INFORMATION], ,Highway / Freeway,Dry,No Unusual Conditions,70, ,Daylight, , ,Y, , , , , ,,Passenger Car,No Injuries Reported,Yes,Lane / Road Departure,No,No, , , , , , ,Y, , , , ,Lane / Road Departure,No,No,Unknown,65, , , ,Y, , , , , , , , ,Y, ,Y, ,Y,Y, , ,Yes,Weatherford Police Dept, ,Yes,,Y,,Y,,Y,Yes, ,"At 8:01 AM CDT on 3/[XXX]/23, an Aurora Class 8 truck was traveling westbound in autonomy mode on [XXX]
near [XXX] when a passing vehicle encroached on the Aurora trucks lane. The Aurora truck nudged right for the
vehicle encroaching on the lane. This vehicle continued to veer toward Aurora's truck at over 65 miles per hour,
causing a collision. Aurora disengaged autonomy before impact and pulled to the shoulder along with the involved
vehicle. Both vehicles were able to be driven from the scene, and there were no reported injuries.",
540-5297,1,"General Motors, LLC",1-Day,,,APR-2023,5G21A6P09P4, ,N/A,Cruise,AV, ,2023, ,66456c29dc6d465,4131, ,Remote (Commercial / Test),,Y, ,, , ,, , ,, , ,,, , ,,,Yes,ADS,Cruise LLC, , ,Y, ,Y, , , ,,APR-2023, ,APR-2023,03:15, ,f33492b4c98bb33,[MAY CONTAIN PERSONALLY IDENTIFIABLE INFORMATION], ,[MAY CONTAIN PERSONALLY IDENTIFIABLE INFORMATION], ,[MAY CONTAIN PERSONALLY IDENTIFIABLE INFORMATION], ,Austin, ,TX ,[MAY CONTAIN PERSONALLY IDENTIFIABLE INFORMATION], ,Street,Dry,No Unusual Conditions,25, ,Dark - Lighted,Y, , , , , , , ,,Passenger Car,No Injuries Reported,Yes,Stopped,No,Yes, ,Y, , , , , , , , , ,Proceeding Straight,No,No,No Passengers in Vehicle,9, , , , , , , , ,Y,Y, , ,Y, ,Y, ,Y,Y, , ,No,, ,Yes,, ,, ,, ,"Unknown, see Narrative", ,"On April 16, 2023, GM Cruise Holdings LLC (""Cruise"") filed an Incident Report (the ""Report"") under the Standing General Order 2021-01 dated June 29, 2021 (the ""Order""). General Motors LLC (GM) manufactured the Cruise-operated motor vehicle involved in the incident summarized in the Incident Report. Because GM is also a Reporting Entity under the Order, GM is submitting a duplicate of the redacted public copy of the Report. GM has selected ""Unknown"" in the ""ADS version"" and ""ODD time"" fields solely to avoid a second submission of nonpublic Cruise CBI GM is in possession of Cruise's responses to these fields, and incorporates Cruise's responses into this submission by reference. GM's submission is based on facts supplied to GM by Cruise. GM has not investigated the alleged incident and currently believes, based on a reasonable inquiry, that it has no independent knowledge of the facts in the Report. (Reference file:30412-5288-1)",
540-5296,1,"General Motors, LLC",1-Day,,,APR-2023,5G21A6P03N4, ,N/A,Cruise,AV, ,2022, ,8aae92901672e74,4743, ,Remote (Commercial / Test),,Y, ,, , ,, , ,, , ,,, , ,,,Yes,ADS,Cruise LLC, , ,Y, ,Y, , , ,,APR-2023, ,APR-2023,03:15, ,157c3bf1bb69649,[MAY CONTAIN PERSONALLY IDENTIFIABLE INFORMATION], ,[MAY CONTAIN PERSONALLY IDENTIFIABLE INFORMATION], ,[MAY CONTAIN PERSONALLY IDENTIFIABLE INFORMATION], ,Austin, ,TX ,[MAY CONTAIN PERSONALLY IDENTIFIABLE INFORMATION], ,Street,Dry,No Unusual Conditions,25, ,Dark - Lighted,Y, , , , , , , ,,Passenger Car,No Injuries Reported,Yes,Proceeding Straight,No,No, , , , , , , ,Y,Y, , ,Stopped,No,Yes,"No, see Narrative",0, , ,Y, , , , , , , , , ,Y, ,Y, ,Y,Y, , ,No,, ,Yes,, ,, ,, ,"Unknown, see Narrative", ,"On April 16, 2023, GM Cruise Holdings LLC (""Cruise"") filed an Incident Report (the ""Report"") under the Standing General Order 2021-01 dated June 29, 2021 (the ""Order""). General Motors LLC (GM) manufactured the Cruise-operated motor vehicle involved in the incident summarized in the Incident Report. Because GM is also a Reporting Entity under the Order, GM is submitting a duplicate of the redacted public copy of the Report. GM has selected ""Unknown"" in the ""ADS version"" and ""ODD time"" fields solely to avoid a second submission of nonpublic Cruise CBI GM is in possession of Cruise's responses to these fields, and incorporates Cruise's responses into this submission by reference. GM's submission is based on facts supplied to GM by Cruise. GM has not investigated the alleged incident and currently believes, based on a reasonable inquiry, that it has no independent knowledge of the facts in the Report. (Reference file:30412-5287-1)",
30412-5288,1,Cruise LLC,1-Day,,,APR-2023,5G21A6P09P4, ,N/A,Cruise,AV, ,2023, ,66456c29dc6d465,4131, ,Remote (Commercial / Test),"[REDACTED, MAY CONTAIN CONFIDENTIAL BUSINESS INFORMATION]", ,Y,, , ,, , ,, , ,,, , ,,,Yes,ADS,Cruise LLC, , ,Y, ,Y, , , ,,APR-2023, ,APR-2023,03:15, ,f33492b4c98bb33,[MAY CONTAIN PERSONALLY IDENTIFIABLE INFORMATION], ,[MAY CONTAIN PERSONALLY IDENTIFIABLE INFORMATION], ,[MAY CONTAIN PERSONALLY IDENTIFIABLE INFORMATION], ,Austin, ,TX ,[MAY CONTAIN PERSONALLY IDENTIFIABLE INFORMATION], ,Street,Dry,No Unusual Conditions,25, ,Dark - Lighted,Y, , , , , , , ,,Passenger Car,No Injuries Reported,Yes,Stopped,No,Yes, ,Y, , , , , , , , , ,Proceeding Straight,No,No,No Passengers in Vehicle,9, , , , , , , , ,Y,Y, , ,Y, ,Y, ,Y,Y, , ,No,, ,Yes,, ,, ,, ,"[REDACTED, MAY CONTAIN CONFIDENTIAL BUSINESS INFORMATION]",Y,"A Cruise autonomous vehicle (""Cruise AV 1""), operating in driverless autonomous mode, was stopped for a passenger drop-off beside the right curb of [XXX] between [XXX] and [XXX]. One of the passengers of Cruise AV 1 opened the driver side rear passenger door into the lane of traffic as another Cruise AV (""Cruise AV 2""), operating in driverless autonomous mode, was passing by Cruise AV 1 in the lane of traffic on [XXX]. The door of the Cruise AV 1 made contact with Cruise AV 2 as Cruise AV 2 was passing. The contact caused damage to the left rear door of Cruise AV 1 and to the front passenger side mirror, front passenger side sensor, front passenger side fender, and front and rear passenger side door of Cruise AV 2. There were no reported injuries. Cruise AV 1 was towed from the scene.
Although this contact was a single incident, we are reporting the incident in two separate SGO reports because it involved two Cruise AVs. Cruise AV 1 is the ""subject vehicle"" of CruiseLLC-30412-5287-1. Cruise AV 2 is the ""subject vehicle"" of CruiseLLC-30412-5288-1. [REDACTED, MAY CONTAIN CONFIDENTIAL BUSINESS INFORMATION]",Y
30412-5287,1,Cruise LLC,1-Day,,,APR-2023,5G21A6P03N4, ,N/A,Cruise,AV, ,2022, ,8aae92901672e74,4743, ,Remote (Commercial / Test),"[REDACTED, MAY CONTAIN CONFIDENTIAL BUSINESS INFORMATION]", ,Y,, , ,, , ,, , ,,, , ,,,Yes,ADS,Cruise LLC, , ,Y, ,Y, , , ,,APR-2023, ,APR-2023,03:15, ,157c3bf1bb69649,[MAY CONTAIN PERSONALLY IDENTIFIABLE INFORMATION], ,[MAY CONTAIN PERSONALLY IDENTIFIABLE INFORMATION], ,[MAY CONTAIN PERSONALLY IDENTIFIABLE INFORMATION], ,Austin, ,TX ,[MAY CONTAIN PERSONALLY IDENTIFIABLE INFORMATION], ,Street,Dry,No Unusual Conditions,25, ,Dark - Lighted,Y, , , , , , , ,,Passenger Car,No Injuries Reported,Yes,Proceeding Straight,No,No, , , , , , , ,Y,Y, , ,Stopped,No,Yes,"No, see Narrative",0, , ,Y, , , , , , , , , ,Y, ,Y, ,Y,Y, , ,No,, ,Yes,, ,, ,, ,"[REDACTED, MAY CONTAIN CONFIDENTIAL BUSINESS INFORMATION]",Y,"A Cruise autonomous vehicle (""Cruise AV 1""), operating in driverless autonomous mode, was stopped for a passenger drop-off beside the right curb of [XXX] between [XXX] and [XXX]. One of the passengers of Cruise AV 1 opened the driver side rear passenger door into the lane of traffic as another Cruise AV (""Cruise AV 2""), operating in driverless autonomous mode, was passing by Cruise AV 1 in the lane of traffic on [XXX]. The door of the Cruise AV 1 made contact with Cruise AV 2 as Cruise AV 2 was passing. The contact caused damage to the left rear door of Cruise AV 1 and to the front passenger side mirror, front passenger side sensor, front passenger side fender, and front and rear passenger side door of Cruise AV 2. There were no reported injuries. Cruise AV 1 was towed from the scene.
Although this contact was a single incident, we are reporting the incident in two separate SGO reports because it involved two Cruise AVs. Cruise AV 1 is the ""subject vehicle"" of CruiseLLC-30412-5287-1. Cruise AV 2 is the ""subject vehicle"" of CruiseLLC-30412-5288-1. [REDACTED, MAY CONTAIN CONFIDENTIAL BUSINESS INFORMATION]",Y
30530-5289,1,"Aurora Operations, Inc.",Monthly,4,2023,APR-2023,1XPBD49X2PD, ,N/A,Peterbilt,579m, ,2022, ,266606b641b9c42,31279, ,In-Vehicle (Commercial / Test),"[REDACTED, MAY CONTAIN CONFIDENTIAL BUSINESS INFORMATION]", ,Y,, , ,, , ,, , ,,, , ,,,Yes,ADS,"Aurora Operations, Inc.", , ,Y, ,Y,Y, ,Y,Sensor data,MAR-2023, ,MAR-2023,08:01, ,5e8ac7239468e4d,[MAY CONTAIN PERSONALLY IDENTIFIABLE INFORMATION], ,[MAY CONTAIN PERSONALLY IDENTIFIABLE INFORMATION], ,[MAY CONTAIN PERSONALLY IDENTIFIABLE INFORMATION], ,Weatherford, ,TX ,[MAY CONTAIN PERSONALLY IDENTIFIABLE INFORMATION], ,Highway / Freeway,Dry,No Unusual Conditions,70, ,Daylight, , ,Y, , , , , ,,Passenger Car,No Injuries Reported,Yes,Lane / Road Departure,No,No, , , , , , ,Y, , , , ,Proceeding Straight,No,No,Unknown,65, , , ,Y, , , , , , , , ,Y, ,Y, ,Y,Y, , ,No,, ,Yes,, ,, ,, ,Yes, ,"At 8:01 AM CDT on 3/[XXX]/23, an Aurora Class 8 truck was traveling westbound in autonomy mode on [XXX] near [XXX] when a passing vehicle encroached on the Aurora trucks lane. The Aurora truck nudged right for the vehicle encroaching on the lane. This vehicle continued to veer toward Aurora's truck at over 65 miles per hour, causing a collision. Aurora disengaged autonomy before impact and pulled to the shoulder along with the involved vehicle. Both vehicles were able to be driven from the scene, and there were no reported injuries.",
540-5264,1,"General Motors, LLC",Monthly,3,2023,APR-2023,5G21A6P01P4, ,N/A,Cruise,AV, ,2023, ,08f69614e937c8f,1200, ,Remote (Commercial / Test),,Y, ,, , ,, , ,, , ,,, , ,,,Yes,ADS,Cruise LLC, , ,Y, ,Y, , , ,,MAR-2023, ,APR-2023,03:20, ,0bdcd0947a69992,[MAY CONTAIN PERSONALLY IDENTIFIABLE INFORMATION], ,[MAY CONTAIN PERSONALLY IDENTIFIABLE INFORMATION], ,[MAY CONTAIN PERSONALLY IDENTIFIABLE INFORMATION], ,San Francisco, ,CA ,[MAY CONTAIN PERSONALLY IDENTIFIABLE INFORMATION], ,Street,Wet,No Unusual Conditions,25, ,Dark - Lighted, , , , ,Y, , , ,,"Other, see Narrative",No Injuries Reported,Yes,"Other, see Narrative",Not Applicable,Not Applicable, , , , , , , , , , ,Y,Proceeding Straight,No,No,No Passengers in Vehicle,12, , , , , , , , , ,Y, , ,Y, ,Y, ,Y,Y, , ,No,, ,Yes,, ,, ,, ,"Unknown, see Narrative", ,"On April 13, 2023, GM Cruise Holdings LLC (""Cruise"") filed an Incident Report (the ""Report"") under the Standing General Order 2021-01 dated June 29, 2021 (the ""Order""). General Motors LLC (GM) manufactured the Cruise-operated motor vehicle involved in the incident summarized in the Incident Report. Because GM is also a Reporting Entity under the Order, GM is submitting a duplicate of the redacted public copy of the Report. GM has selected ""Unknown"" in the ""ADS version"" and ""ODD time"" fields solely to avoid a second submission of nonpublic Cruise CBI GM is in possession of Cruise's responses to these fields, and incorporates Cruise's responses into this submission by reference. GM's submission is based on facts supplied to GM by Cruise. GM has not investigated the alleged incident and currently believes, based on a reasonable inquiry, that it has no independent knowledge of the facts in the Report. (Reference file:30412-5242-1)",
540-5265,1,"General Motors, LLC",Monthly,3,2023,APR-2023,5G21A6P08P4, ,N/A,Cruise,AV, ,2023, ,6d0328a702d6455,4160, ,Remote (Commercial / Test),,Y, ,, , ,, , ,, , ,,, , ,,,Yes,ADS,Cruise LLC, , ,Y, ,Y, , , ,,MAR-2023, ,APR-2023,23:30, ,ee4ac7ef4aac9d9,[MAY CONTAIN PERSONALLY IDENTIFIABLE INFORMATION], ,[MAY CONTAIN PERSONALLY IDENTIFIABLE INFORMATION], ,[MAY CONTAIN PERSONALLY IDENTIFIABLE INFORMATION], ,San Francisco, ,CA ,[MAY CONTAIN PERSONALLY IDENTIFIABLE INFORMATION], ,Street,Dry,No Unusual Conditions,30, ,Dark - Lighted,Y, , , , , , , ,,Passenger Car,No Injuries Reported,Yes,Stopped,No,No, , ,Y, , ,Y, , ,Y, , ,Stopped,No,No,No Passengers in Vehicle,0, ,Y, , ,Y, , ,Y, , , , ,Y, ,Y, ,Y,Y, , ,No,, ,Yes,, ,, ,, ,"Unknown, see Narrative", ,"On April 13, 2023, GM Cruise Holdings LLC (""Cruise"") filed an Incident Report (the ""Report"") under the Standing General Order 2021-01 dated June 29, 2021 (the ""Order""). General Motors LLC (GM) manufactured the Cruise-operated motor vehicle involved in the incident summarized in the Incident Report. Because GM is also a Reporting Entity under the Order, GM is submitting a duplicate of the redacted public copy of the Report. GM has selected ""Unknown"" in the ""ADS version"" and ""ODD time"" fields solely to avoid a second submission of nonpublic Cruise CBI GM is in possession of Cruise's responses to these fields, and incorporates Cruise's responses into this submission by reference. GM's submission is based on facts supplied to GM by Cruise. GM has not investigated the alleged incident and currently believes, based on a reasonable inquiry, that it has no independent knowledge of the facts in the Report. (Reference file:30412-5243-1)",