Report ID,Report Version,Reporting Entity,Report Type,Report Month,Report Year,Report Submission Date,VIN,VIN - Unknown,Serial Number,Make,Model,Model - Unknown,Model Year,Model Year - Unknown,Same Vehicle ID,Mileage,Mileage - Unknown,Driver / Operator Type,ADAS/ADS System Version,ADAS/ADS System Version - Unk,ADAS/ADS System Version CBI,ADAS/ADS Hardware Version,ADAS/ADS Hardware Version - Unk,ADAS/ADS Hardware Version CBI,ADAS/ADS Software Version,ADAS/ADS Software Version - Unk,ADAS/ADS Software Version CBI,Other Reporting Entities?,Other Reporting Entities? - Unk,Other Reporting Entities? - NA,Federal Regulatory Exemption?,Other Federal Reg. Exemption,Federal Reg. Exemption - Unk,Federal Reg. Exemption - No,State or Local Permit?,State or Local Permit,ADS Equipped?,Automation System Engaged?,Operating Entity,Operating Entity - Unknown,Source - Complaint/Claim,Source - Telematics,Source - Law Enforcement,Source - Field Report,Source - Testing,Source - Media,Source - Other,Source - Other Text,Incident Date,Incident Date - Unknown,Notice Received Date,Incident Time (24:00),Incident Time - Unknown,Same Incident ID,Latitude,Latitude - Unknown,Longitude,Longitude - Unknown,Address,Address - Unknown,City,City - Unknown,State,Zip Code,Zip Code - Unknown,Roadway Type,Roadway Surface,Roadway Description,Posted Speed Limit (MPH),Posted Speed Limit - Unknown,Lighting,Weather - Clear,Weather - Snow,Weather - Cloudy,Weather - Fog/Smoke,Weather - Rain,Weather - Severe Wind,Weather - Unknown,Weather - Other,Weather - Other Text,Crash With,Highest Injury Severity Alleged,Property Damage?,CP Pre-Crash Movement,CP Any Air Bags Deployed?,CP Was Vehicle Towed?,CP Contact Area - Rear Left,CP Contact Area - Left,CP Contact Area - Front Left,CP Contact Area - Rear,CP Contact Area - Top,CP Contact Area - Front,CP Contact Area - Rear Right,CP Contact Area - Right,CP Contact Area - Front Right,CP Contact Area - Bottom,CP Contact Area - Unknown,SV Pre-Crash Movement,SV Any Air Bags Deployed?,SV Was Vehicle Towed?,SV Were All Passengers Belted?,SV Precrash Speed (MPH),SV Pre-crash Speed - Unknown,SV Contact Area - Rear Left,SV Contact Area - Left,SV Contact Area - Front Left,SV Contact Area - Rear,SV Contact Area - Top,SV Contact Area - Front,SV Contact Area - Rear Right,SV Contact Area - Right,SV Contact Area - Front Right,SV Contact Area - Bottom,SV Contact Area - Unknown,Data Availability - EDR,Data Availability - Police Rpt,Data Availability - Telematics,Data Availability - Complaints,Data Availability - Video,Data Availability - Other,Data Availability - No Data,Data Availability - Unknown,Law Enforcement Investigating?,Investigating Agency,Investigating Agency - Unknown,Rep Ent Or Mfr Investigating?,Investigating Officer Name,Inv. Officer Name - Unknown,Investigating Officer Phone,Inv. Officer Phone - Unknown,Investigating Officer Email,Inv. Officer Email - Unknown,Within ODD?,Within ODD? - CBI,Narrative,Narrative - CBI?
540-5060,1,"General Motors, LLC",Monthly,2,2023,MAR-2023,5G21A6P00N4, ,N/A,Cruise,AV, ,2022, ,1321c26de5aba76,4632, ,Remote (Commercial / Test),,Y, ,, , ,, , ,, , ,,, , ,,,Yes,ADS,Cruise LLC, , ,Y, ,Y, , , ,,FEB-2023, ,FEB-2023,02:05, ,1554418482f70b1,[MAY CONTAIN PERSONALLY IDENTIFIABLE INFORMATION], ,[MAY CONTAIN PERSONALLY IDENTIFIABLE INFORMATION], ,[MAY CONTAIN PERSONALLY IDENTIFIABLE INFORMATION], ,San Fancisco, ,CA ,[MAY CONTAIN PERSONALLY IDENTIFIABLE INFORMATION], ,Street,Dry,No Unusual Conditions,25, ,Dark - Lighted,Y, , , , , , , ,,Heavy Truck,No Injuries Reported,Yes,Backing,No,No,Y, , , , , , , , , , ,Stopped,No,No,No Passengers in Vehicle,0, , , , , , , , ,Y, , , ,Y, ,Y, ,Y,Y, , ,Yes,San Francisco Police Department, ,Yes,[MAY CONTAIN PERSONALLY IDENTIFIABLE INFORMATION], ,,Y,,Y,"Unknown, see Narrative", ,"On March 14, 2023 GM Cruise Holdings LLC (""Cruise"") filed an Incident Report (the ""Report"") under the Standing General Order 2021-01 dated June 29, 2021 (the ""Order""). General Motors LLC (GM) manufactured the Cruise-operated motor vehicle involved in the incident summarized in the Incident Report. Because GM is also a Reporting Entity under the Order, GM is submitting a duplicate of the redacted public copy of the Report. GM has selected ""Unknown"" in the ""ADS version"" and ""ODD time"" fields solely to avoid a second submission of nonpublic Cruise CBI GM is in possession of Cruise's responses to these fields, and incorporates Cruise's responses into this submission by reference. GM's submission is based on facts supplied to GM by Cruise. GM has not investigated the alleged incident and currently believes, based on a reasonable inquiry, that it has no independent knowledge of the facts in the Report. (Reference file: 30412-5035-1)",
855-5058,1,"Mercedes-Benz USA, LLC",Monthly,3,2023,MAR-2023,W1K6G7GB4PA, ,[MAY CONTAIN PERSONALLY IDENTIFIABLE INFORMATION],Mercedes-Benz,S580, ,2022, ,89c23e414562529,15045, ,In-Vehicle (Commercial / Test),DRIVE PILOT, , ,, , ,, , ,, , ,,, , ,,,Yes,"Unknown, see Narrative",Mercedes-Benz Research and Development North America, , , , , ,Y, , ,,FEB-2023, ,FEB-2023,15:10, ,5d69e01333fae90,,Y,,Y,[MAY CONTAIN PERSONALLY IDENTIFIABLE INFORMATION], ,Gardena, ,CA ,[MAY CONTAIN PERSONALLY IDENTIFIABLE INFORMATION], ,Highway / Freeway,Dry,"Other, see Narrative",,Y,Daylight,Y, , , , , , , ,,SUV,No Injuries Reported,No,Proceeding Straight,No,No, , ,Y, , ,Y, , ,Y, , ,Proceeding Straight,No,No,Yes,,Y,Y, , ,Y, , ,Y, , , , , , , , , ,Y, , ,No,, ,No,, ,, ,, ,"No, see Narrative", ,"The subject Mercedes-Benz vehicle was driving in stop and go traffic on the [XXX] in Gardena, California with the L3 ADS activated. The test route selected by the driver in the vehicle's navigation system indicated an upcoming exit, so the driver began to prepare for a lane change towards the highway exit by deactivating the L3 ADS and activating the turn signal. Once the vehicle was in conventional driving mode, the driver looked for a gap in the adjacent lane to merge towards the exit lane, applied the brakes, and slowed the vehicle down. The SUV following the Mercedes-Benz vehicle did not respond in time to the vehicle's braking and contacted the rear of the Mercedes-Benz approximately 10 seconds after the L3 ADS was deactivated.  The Mercedes-Benz vehicle experienced minor damage to the rear bumper. No injuries were reported, no airbags deployed in either vehicle, and both vehicles were driven from the scene of the incident.",
855-5055,1,"Mercedes-Benz USA, LLC",Monthly,3,2023,MAR-2023,W1K2231761A, ,[MAY CONTAIN PERSONALLY IDENTIFIABLE INFORMATION],Mercedes-Benz,S580, ,2021, ,19247ac4efdcbaf,45380, ,In-Vehicle (Commercial / Test),DRIVE PILOT, , ,, , ,, , ,, , ,,, , ,,,Yes,ADS,Mercedes-Benz Research and Development North America, , , ,Y, ,Y, , ,,FEB-2023, ,FEB-2023,08:25, ,387fb65aeb5202f,[MAY CONTAIN PERSONALLY IDENTIFIABLE INFORMATION], ,[MAY CONTAIN PERSONALLY IDENTIFIABLE INFORMATION], ,[MAY CONTAIN PERSONALLY IDENTIFIABLE INFORMATION], ,Downey, ,CA ,[MAY CONTAIN PERSONALLY IDENTIFIABLE INFORMATION], ,Highway / Freeway,Dry,"Other, see Narrative",65, ,Daylight,Y, , , , , , , ,,Heavy Truck,No Injuries Reported,No,Proceeding Straight,No,No, , , , , ,Y, , , , , ,Stopped,No,No,Yes,,Y,Y, , ,Y, , ,Y, , , , , ,Y, , , ,Y, , ,Yes,California Highway Patrol, ,Yes,[MAY CONTAIN PERSONALLY IDENTIFIABLE INFORMATION], ,,Y,,Y,Yes, ,"Mercedes-Benz has conducted a review of the incident and the following is based on that review. The subject Mercedes-Benz Drive Pilot test vehicle was traveling between 15-20 mph in the #2 northbound lane on the [XXX] in California in stop and go traffic with the L3 ADS activated by the driver. The vehicle's ADS determined that a truck traveling in the adjacent lane had a trajectory towards the Drive Pilot's lane, and so the Mercedes-Benz test vehicle autonomously applied the brakes to avoid a collision. After applying the brakes and bringing itself to a standstill, the Mercedes-Benz was then struck in the rear bumper by a trailing semi-truck that did not stop in time. No injuries were reported, no airbags deployed in either vehicle, and both vehicles were able to be driven from the scene of the incident. The Mercedes-Benz vehicle experienced minor damage to the rear bumper, and no damage was observed on the semi-truck at the scene. The CA Traffic Collision Report for the subject incident noted a violation of California Vehicle Code 22350 (unsafe speed for traffic conditions) by the semi-truck in the #2 lane that struck the rear bumper of the Mercedes-Benz.",
988-4816,1,PACCAR Incorporated,Monthly,2,2023,MAR-2023,1XKYD49XXPJ, ,N/A,Kenworth Motor Truck Co,T680, ,2023, ,2309d0a572da37c,40405, ,In-Vehicle (Commercial / Test),,Y, ,, , ,, , ,, , ,,, , ,,,Yes,ADS,"Kodiak Robotics, Inc.", , , , , ,Y, , ,,FEB-2023, ,FEB-2023,10:15, ,d1097c7706589a9,[MAY CONTAIN PERSONALLY IDENTIFIABLE INFORMATION], ,[MAY CONTAIN PERSONALLY IDENTIFIABLE INFORMATION], ,[MAY CONTAIN PERSONALLY IDENTIFIABLE INFORMATION], ,Waxahachie, ,TX ,[MAY CONTAIN PERSONALLY IDENTIFIABLE INFORMATION], ,Highway / Freeway,Dry,Work Zone,60, ,Daylight, , ,Y, , , , , ,,SUV,No Injuries Reported,Yes,Lane / Road Departure,Unknown,Yes, , , , , , , , ,Y, , ,Proceeding Straight,No,No,Yes,56, ,Y, , , , , , , , , , , , ,Y, ,Y,Y, , ,Yes,Waxahachie Police Department, ,No,[MAY CONTAIN PERSONALLY IDENTIFIABLE INFORMATION], ,[MAY CONTAIN PERSONALLY IDENTIFIABLE INFORMATION], ,[MAY CONTAIN PERSONALLY IDENTIFIABLE INFORMATION], ,Yes, ,"A police report was issued after the 1-Day SGO incident report was submitted. It determined the driver of the
crossover SUV to be at fault and noted that the crossover SUV's driver advised officers that he fell asleep while driving and
caused the accident. The content of this incident report is otherwise unchanged from the initial incident report submitted on
February 7, 2023.
On February 7, 2023, Kodiak Robotics, Inc. (""Kodiak"") filed an Incident Report (the ""Report"") under the Standing General Order 2021-01 (the ""Order""). PACCAR, Inc. (Paccar) manufactured the Kodiak-operated motor vehicle involved in the incident summarized in the Incident Report. Because Paccar is also a Reporting Entity under the Order, Paccar is submitting a duplicate of the redacted public copy of the Report. Paccar has selected ""Unknown"" in the ""ADS version"" field solely to avoid a second submission of nonpublic Kodiak CBI. Paccar is in possession of Kodiak's response to this field and incorporates Kodiak's response into this submission by reference. Paccar's submission is based on facts supplied to Paccar by Kodiak. Paccar has not investigated the alleged incident and currently believes, based on a reasonable inquiry, that it has no independent knowledge of the facts in the Report.",
30610-4995,1,"Zoox, Inc.",Monthly,3,2023,MAR-2023,5TDDCRFH0GS, ,N/A,Toyota,Highlander, ,2016, ,15ece5ddb6032f8,76298, ,In-Vehicle (Commercial / Test),96.23.02.11, , ,, , ,, , ,, , ,,, , ,,,Yes,ADS,Zoox, , , , ,Y,Y, , ,,FEB-2023, ,FEB-2023,18:06, ,f3593eb7f389b3f,[MAY CONTAIN PERSONALLY IDENTIFIABLE INFORMATION], ,[MAY CONTAIN PERSONALLY IDENTIFIABLE INFORMATION], ,[MAY CONTAIN PERSONALLY IDENTIFIABLE INFORMATION], ,San Francisco, ,CA ,[MAY CONTAIN PERSONALLY IDENTIFIABLE INFORMATION], ,Street,Dry,No Unusual Conditions,25, ,Dark - Lighted,Y, , , , , , , ,,Passenger Car,Minor,Yes,Proceeding Straight,No,No, , , , , ,Y, , , , , ,Stopped,No,No,Yes,0, , , , ,Y, , , , , , , , , ,Y, ,Y, , , ,No,, ,No,, ,, ,, ,Yes, ,A Zoox vehicle in autonomous mode was slowing to a stop with brake lights illuminated behind traffic on [XXX] near [XXX] when a vehicle behind made contact at approximately 10mph. There were no injuries and police were not called.,
30610-4994,1,"Zoox, Inc.",Monthly,3,2023,MAR-2023,5TDDCRFH0GS, ,N/A,Toyota,Highlander, ,2016, ,15ece5ddb6032f8,76168, ,In-Vehicle (Commercial / Test),96.23.02.08, , ,, , ,, , ,, , ,,, , ,,,Yes,ADS,Zoox, , ,Y, ,Y, , , ,,FEB-2023, ,FEB-2023,13:27, ,c2fb3fca34e403b,[MAY CONTAIN PERSONALLY IDENTIFIABLE INFORMATION], ,[MAY CONTAIN PERSONALLY IDENTIFIABLE INFORMATION], ,[MAY CONTAIN PERSONALLY IDENTIFIABLE INFORMATION], ,San Francisco, ,CA ,[MAY CONTAIN PERSONALLY IDENTIFIABLE INFORMATION], ,Street,Dry,No Unusual Conditions,25, ,Daylight,Y, , , , , , , ,,Passenger Car,Minor,Yes,Proceeding Straight,No,No, , , , , ,Y, , , , , ,Stopped,No,No,Yes,0, , , , ,Y, , , , , , , , , ,Y, ,Y, , , ,No,, ,No,, ,, ,, ,Yes, ,A Zoox vehicle in autonomy was stopped with brake lights illuminated in traffic southbound on [XXX] towards [XXX]. When traffic ahead began to move the Zoox vehicle was appropriately following the car ahead at low speed when it was rear ended by Vehicle #2 at low speed. The other party did not stop to exchange information and left the scene. There were no injuries and police were not called.,
30610-4993,1,"Zoox, Inc.",Monthly,3,2023,MAR-2023,5TDDCRFH8GS, ,N/A,Toyota,Highlander, ,2016, ,726e5fac588ffe8,89239, ,In-Vehicle (Commercial / Test),18.23.02.07, , ,, , ,, , ,, , ,,, , ,,,Yes,ADS,Zoox, , , , ,Y,Y, , ,,FEB-2023, ,FEB-2023,14:28, ,756c45604ba8bbd,[MAY CONTAIN PERSONALLY IDENTIFIABLE INFORMATION], ,[MAY CONTAIN PERSONALLY IDENTIFIABLE INFORMATION], ,[MAY CONTAIN PERSONALLY IDENTIFIABLE INFORMATION], ,San Francisco, ,CA ,[MAY CONTAIN PERSONALLY IDENTIFIABLE INFORMATION], ,Intersection,Dry,No Unusual Conditions,25, ,Daylight,Y, , , , , , , ,,Passenger Car,Minor,Yes,"Other, see Narrative",No,No,Y, , , , , , , , , , ,Making Right Turn,No,No,Yes,7, , , , , , ,Y, , , , , , , ,Y, ,Y, , , ,No,, ,No,, ,, ,, ,Yes, ,A Zoox vehicle in autonomous mode was making a right turn to travel southwest onto [XXX] from [XXX] from lane 1 when Vehicle 2 crossed from lane 3 into the Zoox vehicle's lane and made contact with the Zoox vehicle's front sensors before making the right turn. Vehicle 2 did not stop before leaving the scene. No information was exchanged. There were no injuries and the police were not called.,
30610-4815,1,"Zoox, Inc.",Monthly,2,2023,MAR-2023,5TDDCRFH9GS, ,N/A,Toyota,Highlander, ,2016, ,0def0400dbda986,73157, ,In-Vehicle (Commercial / Test),110.23.1.1, , ,, , ,, , ,, , ,,, , ,,,Yes,ADS,Zoox, , , , ,Y,Y, , ,,JAN-2023, ,JAN-2023,18:40, ,e3735a4436407e9,[MAY CONTAIN PERSONALLY IDENTIFIABLE INFORMATION], ,[MAY CONTAIN PERSONALLY IDENTIFIABLE INFORMATION], ,[MAY CONTAIN PERSONALLY IDENTIFIABLE INFORMATION], ,San Francisco, ,CA ,[MAY CONTAIN PERSONALLY IDENTIFIABLE INFORMATION], ,Street,Dry,No Unusual Conditions,25, ,Dark - Lighted,Y, , , , , , , ,,Passenger Car,No Injuries Reported,Yes,Parked,No,Unknown, , , , , , , ,Y,Y, , ,Proceeding Straight,No,No,Yes,3, , , ,Y, , , , , , , , , , ,Y, ,Y, , , ,No,, ,No,, ,, ,, ,Yes, ,"A Zoox vehicle in autonomous mode was proceeding straight in its lane on [XXX] in San Francisco, CA when an occupant of a parallel parked car (Vehicle 2) abruptly opened its rear passenger side door into the side of the Zoox vehicle, causing minor damage to both vehicles. The Zoox operator disengaged as a result of the contact. There were no injuries and the police were not called. This a resubmission of the same report and information submitted February 14, 2023.",
30412-5036,1,Cruise LLC,Monthly,2,2023,MAR-2023,5G21A6P07P4, ,N/A,Cruise,AV, ,2023, ,a48d7d37bb1de6c,1129, ,Remote (Commercial / Test),"[REDACTED, MAY CONTAIN CONFIDENTIAL BUSINESS INFORMATION]", ,Y,, , ,, , ,, , ,,, , ,,,Yes,ADS,Cruise LLC, , ,Y, ,Y, , , ,,FEB-2023, ,FEB-2023,00:29, ,e67b7f9cd19c53f,[MAY CONTAIN PERSONALLY IDENTIFIABLE INFORMATION], ,[MAY CONTAIN PERSONALLY IDENTIFIABLE INFORMATION], ,[MAY CONTAIN PERSONALLY IDENTIFIABLE INFORMATION], ,San Francisco, ,CA ,[MAY CONTAIN PERSONALLY IDENTIFIABLE INFORMATION], ,Street,Dry,No Unusual Conditions,25, ,Dark - Lighted,Y, , , , , , , ,,Van,No Injuries Reported,Yes,Proceeding Straight,No,No, , , , , , , , ,Y, , ,Merging,No,No,No Passengers in Vehicle,24, , ,Y, , , , , , , , , ,Y, ,Y, ,Y,Y, , ,No,, ,Yes,, ,, ,, ,"[REDACTED, MAY CONTAIN CONFIDENTIAL BUSINESS INFORMATION]",Y,"A Cruise autonomous vehicle (""Cruise AV""), operating in driverless autonomous mode, was traveling northbound on [XXX] in the right lane between [XXX] and [XXX]. At the same time, a utility van was traveling in the left lane and slightly behind the Cruise AV. The Cruise AV began to merge into the left lane when the Cruise AV's side panel made contact with the utility van's front right fender. In response, the Cruise AV merged back into the right lane, initiated hazard lights, and pulled over. There was damage to the driver side panel and passenger side panel of the Cruise AV. The parties exchanged information and there were no injuries.[REDACTED, MAY CONTAIN CONFIDENTIAL BUSINESS INFORMATION]",Y
30412-5035,1,Cruise LLC,Monthly,2,2023,MAR-2023,5G21A6P00N4, ,N/A,Cruise,AV, ,2022, ,1321c26de5aba76,4362, ,Remote (Commercial / Test),"[REDACTED, MAY CONTAIN CONFIDENTIAL BUSINESS INFORMATION]", ,Y,, , ,, , ,, , ,,, , ,,,Yes,ADS,Cruise LLC, , ,Y, ,Y, , , ,,FEB-2023, ,FEB-2023,02:05, ,1554418482f70b1,[MAY CONTAIN PERSONALLY IDENTIFIABLE INFORMATION], ,[MAY CONTAIN PERSONALLY IDENTIFIABLE INFORMATION], ,[MAY CONTAIN PERSONALLY IDENTIFIABLE INFORMATION], ,San Francisco, ,CA ,[MAY CONTAIN PERSONALLY IDENTIFIABLE INFORMATION], ,Street,Dry,No Unusual Conditions,25, ,Dark - Lighted,Y, , , , , , , ,,Heavy Truck,No Injuries Reported,Yes,Backing,No,No,Y, , , , , , , , , , ,Stopped,No,No,No Passengers in Vehicle,0, , , , , , , , ,Y, , , ,Y, ,Y, ,Y,Y, , ,Yes,San Francisco Police Department, ,Yes,[MAY CONTAIN PERSONALLY IDENTIFIABLE INFORMATION], ,,Y,,Y,"[REDACTED, MAY CONTAIN CONFIDENTIAL BUSINESS INFORMATION]",Y,"A Cruise autonomous vehicle (""Cruise AV""), operating in driverless autonomous mode, was traveling southbound on [XXX] in the rightmost lane between [XXX] and [XXX]. The Cruise AV approached a double-parked garbage truck in the rightmost lane. As the Cruise AV began to maneuver around and to the left of the garbage truck, the garbage truck began to reverse. The Cruise AV stopped in response, after which the truck made contact with the Cruise AV's front and rear passenger side door and front passenger window, damaging the front and rear passenger side door and front passenger window. The driver of the garbage truck did not provide their contact information but their supervisor provided their contact information and there were no reported injuries. [REDACTED, MAY CONTAIN CONFIDENTIAL BUSINESS INFORMATION]",Y
30391-5009,1,Kodiak Robotics,Monthly,2,2023,MAR-2023,1XKYD49XXPJ, ,N/A,Kenworth Motor Truck Co,T680, ,2023, ,2309d0a572da37c,40405, ,In-Vehicle (Commercial / Test),"[REDACTED, MAY CONTAIN CONFIDENTIAL BUSINESS INFORMATION]", ,Y,, , ,, , ,, , ,,, , ,,,Yes,ADS,"Kodiak Robotics, Inc.", , , , , ,Y, , ,,FEB-2023, ,FEB-2023,10:15, ,d1097c7706589a9,[MAY CONTAIN PERSONALLY IDENTIFIABLE INFORMATION], ,[MAY CONTAIN PERSONALLY IDENTIFIABLE INFORMATION], ,[MAY CONTAIN PERSONALLY IDENTIFIABLE INFORMATION], ,Waxahachie, ,TX ,[MAY CONTAIN PERSONALLY IDENTIFIABLE INFORMATION], ,Highway / Freeway,Dry,Work Zone,60, ,Daylight, , ,Y, , , , , ,,SUV,No Injuries Reported,Yes,Lane / Road Departure,Unknown,Yes, , , , , , , , ,Y, , ,Proceeding Straight,No,No,Yes,56, ,Y, , , , , , , , , , , , ,Y, ,Y,Y, , ,Yes,Waxahachie Police Department, ,No,[MAY CONTAIN PERSONALLY IDENTIFIABLE INFORMATION], ,[MAY CONTAIN PERSONALLY IDENTIFIABLE INFORMATION], ,[MAY CONTAIN PERSONALLY IDENTIFIABLE INFORMATION], ,Yes, ,"Monthly Report Update: The content of this report is unchanged from the 10-Day report submitted on February 15, 2023 [REDACTED, MAY CONTAIN CONFIDENTIAL BUSINESS INFORMATION].
10-Day Report Update: A police report was issued after the 1-Day SGO incident report was submitted. It determined the driver of the crossover SUV to be at fault and noted that the crossover SUVs driver advised officers that he fell asleep while driving and caused the accident. The content of this incident report is otherwise unchanged from the initial incident report submitted on February 7, 2023 [REDACTED, MAY CONTAIN CONFIDENTIAL BUSINESS INFORMATION].
On Feb [XXX], 2023, at 10:15am CST a Kodiak Robotics autonomous Kenworth Class 8 semi-truck (Kodiak AV) traveling northbound on [REDACTED, MAY CONTAIN CONFIDENTIAL BUSINESS INFORMATION] in [REDACTED, MAY CONTAIN CONFIDENTIAL BUSINESS INFORMATION], Texas was rear-ended by a crossover SUV. The Kodiak AV was traveling in the right lane of a three-lane portion of [REDACTED, MAY CONTAIN CONFIDENTIAL BUSINESS INFORMATION]. While driving down the highway, a crossover SUV traveling in the left lane abruptly swerved out of its lane, across the center lane, and into the right lane where it collided with the rear left corner of the trailer attached to the Kodiak AV. At the time of the incident, the Kodiak AV was being driven manually by the safety driver who had disengaged the system from autonomous mode approximately 21.5 seconds prior to impact. 
No injuries were reported at the scene. The trailers impact guard sustained minor damage but the Kodiak AV was able to drive away from the scene. The crossover SUV sustained damage to its hood and was towed away from the scene. 
Kodiak is reporting this crash under Request No. 1 of the Standing General Order 2021-01 because the crossover SUV required towing. Kodiak may supplement or correct its reporting with additional information as it may become available.",Y
30410-5003,1,Motional,Monthly,2,2023,MAR-2023,KMHKM4AE4M1, ,n/a,Hyundai,Ioniq 5, ,2021, ,3ef3620dd07f0df,6330, ,In-Vehicle (Commercial / Test),"[REDACTED, MAY CONTAIN CONFIDENTIAL BUSINESS INFORMATION]", ,Y,, , ,, , ,, , ,,, , ,,,Yes,ADAS,Motional, , , , ,Y, , , ,,FEB-2023, ,FEB-2023,14:18, ,37bce9ebe5f477f,[MAY CONTAIN PERSONALLY IDENTIFIABLE INFORMATION], ,[MAY CONTAIN PERSONALLY IDENTIFIABLE INFORMATION], ,[MAY CONTAIN PERSONALLY IDENTIFIABLE INFORMATION], ,Las Vegas, ,NV ,[MAY CONTAIN PERSONALLY IDENTIFIABLE INFORMATION], ,Street,Dry,No Unusual Conditions,15, ,Daylight,Y, , , , , , , ,,Passenger Car,No Injuries Reported,Yes,Proceeding Straight,No,No, , , , , ,Y, , , , , ,Changing Lanes,No,No,Yes,10, , , , ,Y, , , , , , , , , , , ,Y, , , ,No,, ,No,, ,, ,, ,Yes, ,"On February [XXX], 2023, at 2:18 PM PT, a Motional Hyundai Ioniq 5 was operating in autonomous mode with a safety operator at the wheel and an engineer in the passenger seat.  The Motional AV was exiting [REDACTED, MAY CONTAIN CONFIDENTIAL BUSINESS INFORMATION] from the right lane of a multi-lane drop-off location, and was preparing to enter a travel lane to the left. At the same time, a taxi was accelerating in that travel lane (from behind the Motional AV), and the AV, in yielding to allow the taxi to pass, stopped and did not enter the lane. Another vehicle was following the AV and failed to stop in time and contacted the AVs rear bumper. Neither vehicle had significant damage, there were no injuries, no airbags deployed, and law enforcement was not involved.",Y
540-5000,1,"General Motors, LLC",1-Day,,,MAR-2023,5G21A6P00P4, ,N/A,Cruise,AV, ,2023, ,c81bcb055117b58,3904, ,In-Vehicle (Commercial / Test),,Y, ,, , ,, , ,, , ,,, , ,,,Yes,ADS,Cruise LLC, , ,Y, ,Y,Y, , ,,MAR-2023, ,MAR-2023,13:01, ,3858314d6e8eea8,[MAY CONTAIN PERSONALLY IDENTIFIABLE INFORMATION], ,[MAY CONTAIN PERSONALLY IDENTIFIABLE INFORMATION], ,[MAY CONTAIN PERSONALLY IDENTIFIABLE INFORMATION], ,Tempe, ,AZ ,[MAY CONTAIN PERSONALLY IDENTIFIABLE INFORMATION], ,Intersection,Dry,No Unusual Conditions,35, ,Daylight,Y, , , , , , , ,,Passenger Car,Minor,Yes,Proceeding Straight,Yes,No, , ,Y, , ,Y, , ,Y, , ,Proceeding Straight,No,Yes,Yes,6, , ,Y, , , , , , , , , ,Y, ,Y, ,Y,Y, , ,Yes,Tempe Police Department, ,Yes,[MAY CONTAIN PERSONALLY IDENTIFIABLE INFORMATION], ,,Y,,Y,"Unknown, see Narrative", ,"On March 12, 2023 GM Cruise Holdings LLC (""Cruise"") filed an Incident Report (the ""Report"") under the Standing General Order 2021-01 dated June 29, 2021 (the ""Order""). General Motors LLC (GM) manufactured the Cruise-operated motor vehicle involved in the incident summarized in the Incident Report. Because GM is also a Reporting Entity under the Order, GM is submitting a duplicate of the redacted public copy of the Report. GM has selected ""Unknown"" in the ""ADS version"" and ""ODD time"" fields solely to avoid a second submission of nonpublic Cruise CBI GM is in possession of Cruise's responses to these fields, and incorporates Cruise's responses into this submission by reference. GM's submission is based on facts supplied to GM by Cruise. GM has not investigated the alleged incident and currently believes, based on a reasonable inquiry, that it has no independent knowledge of the facts in the Report. (Reference file: 30412-4996-1).",
30412-4996,1,Cruise LLC,1-Day,,,MAR-2023,5G21A6P00P4, ,N/A,Cruise,AV, ,2023, ,c81bcb055117b58,3904, ,In-Vehicle and Remote (Commercial / Test),"[REDACTED, MAY CONTAIN CONFIDENTIAL BUSINESS INFORMATION]", ,Y,, , ,, , ,, , ,,, , ,,,Yes,ADS,Cruise LLC, , ,Y, ,Y,Y, , ,,MAR-2023, ,MAR-2023,13:01, ,3858314d6e8eea8,[MAY CONTAIN PERSONALLY IDENTIFIABLE INFORMATION], ,[MAY CONTAIN PERSONALLY IDENTIFIABLE INFORMATION], ,[MAY CONTAIN PERSONALLY IDENTIFIABLE INFORMATION], ,Tempe, ,AZ ,[MAY CONTAIN PERSONALLY IDENTIFIABLE INFORMATION], ,Intersection,Dry,No Unusual Conditions,35, ,Daylight,Y, , , , , , , ,,Passenger Car,Minor,Yes,Proceeding Straight,Yes,No, , ,Y, , ,Y, , ,Y, , ,Proceeding Straight,No,Yes,Yes,6, , ,Y, , , , , , , , , ,Y, ,Y, ,Y,Y, , ,Yes,Tempe Police Department, ,Yes,[MAY CONTAIN PERSONALLY IDENTIFIABLE INFORMATION], ,,Y,,Y,"[REDACTED, MAY CONTAIN CONFIDENTIAL BUSINESS INFORMATION]",Y,"A Cruise autonomous vehicle (""Cruise AV""), operating in supervised autonomous mode, was at a complete stop in response to a red light on northbound [XXX] at the intersection with [XXX]. The Cruise AV began to proceed after the light turned green. After the Cruise AV entered the intersection on its green light, a blue Nissan Versa traveling eastbound on [XXX] failed to stop at the red light in its direction of travel and proceeded into the intersection with [XXX]. Shortly thereafter, the Nissan Versa made contact with the Cruise AV's rear driver side door panel, rear driver side wheel well, and rear driver side wheel, damaging the Cruise AV's rear driver side door panel, rear driver side wheel well, and rear driver side wheel. The parties exchanged information and one of the Cruise AV operators reported minor injuries. The Cruise AV was towed from the incident. [REDACTED, MAY CONTAIN CONFIDENTIAL BUSINESS INFORMATION]",Y