Report ID,Report Version,Reporting Entity,Report Type,Report Month,Report Year,Report Submission Date,VIN,VIN - Unknown,Serial Number,Make,Model,Model - Unknown,Model Year,Model Year - Unknown,Same Vehicle ID,Mileage,Mileage - Unknown,Driver / Operator Type,ADAS/ADS System Version,ADAS/ADS System Version - Unk,ADAS/ADS System Version CBI,ADAS/ADS Hardware Version,ADAS/ADS Hardware Version - Unk,ADAS/ADS Hardware Version CBI,ADAS/ADS Software Version,ADAS/ADS Software Version - Unk,ADAS/ADS Software Version CBI,Other Reporting Entities?,Other Reporting Entities? - Unk,Other Reporting Entities? - NA,Federal Regulatory Exemption?,Other Federal Reg. Exemption,Federal Reg. Exemption - Unk,Federal Reg. Exemption - No,State or Local Permit?,State or Local Permit,ADS Equipped?,Automation System Engaged?,Operating Entity,Operating Entity - Unknown,Source - Complaint/Claim,Source - Telematics,Source - Law Enforcement,Source - Field Report,Source - Testing,Source - Media,Source - Other,Source - Other Text,Incident Date,Incident Date - Unknown,Notice Received Date,Incident Time (24:00),Incident Time - Unknown,Same Incident ID,Latitude,Latitude - Unknown,Longitude,Longitude - Unknown,Address,Address - Unknown,City,City - Unknown,State,Zip Code,Zip Code - Unknown,Roadway Type,Roadway Surface,Roadway Description,Posted Speed Limit (MPH),Posted Speed Limit - Unknown,Lighting,Weather - Clear,Weather - Snow,Weather - Cloudy,Weather - Fog/Smoke,Weather - Rain,Weather - Severe Wind,Weather - Unknown,Weather - Other,Weather - Other Text,Crash With,Highest Injury Severity Alleged,Property Damage?,CP Pre-Crash Movement,CP Any Air Bags Deployed?,CP Was Vehicle Towed?,CP Contact Area - Rear Left,CP Contact Area - Left,CP Contact Area - Front Left,CP Contact Area - Rear,CP Contact Area - Top,CP Contact Area - Front,CP Contact Area - Rear Right,CP Contact Area - Right,CP Contact Area - Front Right,CP Contact Area - Bottom,CP Contact Area - Unknown,SV Pre-Crash Movement,SV Any Air Bags Deployed?,SV Was Vehicle Towed?,SV Were All Passengers Belted?,SV Precrash Speed (MPH),SV Pre-crash Speed - Unknown,SV Contact Area - Rear Left,SV Contact Area - Left,SV Contact Area - Front Left,SV Contact Area - Rear,SV Contact Area - Top,SV Contact Area - Front,SV Contact Area - Rear Right,SV Contact Area - Right,SV Contact Area - Front Right,SV Contact Area - Bottom,SV Contact Area - Unknown,Data Availability - EDR,Data Availability - Police Rpt,Data Availability - Telematics,Data Availability - Complaints,Data Availability - Video,Data Availability - Other,Data Availability - No Data,Data Availability - Unknown,Law Enforcement Investigating?,Investigating Agency,Investigating Agency - Unknown,Rep Ent Or Mfr Investigating?,Investigating Officer Name,Inv. Officer Name - Unknown,Investigating Officer Phone,Inv. Officer Phone - Unknown,Investigating Officer Email,Inv. Officer Email - Unknown,Within ODD?,Within ODD? - CBI,Narrative,Narrative - CBI?
30270-4881,1,Waymo LLC,Monthly,1,2023,FEB-2023,SADHW2S15M1, ,N/A,Jaguar,I-Pace, ,2021, ,c01ea2068860b0f,22991, ,None,5th Generation ADS, , ,, , ,, , ,, , ,,, , ,,,Yes,ADS,Waymo LLC, , ,Y, , , , , ,,JAN-2023, ,JAN-2023,17:08, ,5bb5073dab94bae,[MAY CONTAIN PERSONALLY IDENTIFIABLE INFORMATION], ,[MAY CONTAIN PERSONALLY IDENTIFIABLE INFORMATION], ,[MAY CONTAIN PERSONALLY IDENTIFIABLE INFORMATION], ,San Francisco, ,CA ,[MAY CONTAIN PERSONALLY IDENTIFIABLE INFORMATION], ,Intersection,Dry,No Unusual Conditions,35, ,Daylight,Y, , , , , , , ,,Passenger Car,No Injuries Reported,Yes,Proceeding Straight,No,Unknown, , ,Y, , ,Y, , ,Y, , ,Proceeding Straight,No,No,Yes,34, ,Y, , , , , , , , , , , , ,Y, ,Y,Y, , ,No,, ,Yes,, ,, ,, ,Yes, ,"On January [XXX], 2023 at 5:08 PM PST a Waymo Autonomous Vehicle (Waymo AV) operating in San Francisco, California was in a collision involving a passenger vehicle on [XXX] at [XXX].
The Waymo AV was traveling north on [XXX] when, upon entering the intersection at [XXX], a passenger vehicle which had previously been stopped at a red light, proceeded through the red light. The passenger vehicle approached from the left and made contact with the left rear bumper of the Waymo AV. The other vehicle immediately left the scene of the collision. At the time of the impact, the Waymo AVs Level 4 ADS was engaged in autonomous mode, and a test driver was present (in the drivers seating position). Both vehicles sustained damage.
Waymo is reporting this crash under Request No. 2 of Standing General Order 2021-01. Waymo may supplement or correct its reporting with additional information as it may become available.",
30270-4880,1,Waymo LLC,Monthly,1,2023,FEB-2023,SADHW2S1XM1, ,N/A,Jaguar,I-Pace, ,2021, ,f5166bf634e8c45,26717, ,None,5th Generation ADS, , ,, , ,, , ,, , ,,, , ,,,Yes,ADS,Waymo LLC, , ,Y, , , , , ,,JAN-2023, ,JAN-2023,17:36, ,c945bf9a7866541,[MAY CONTAIN PERSONALLY IDENTIFIABLE INFORMATION], ,[MAY CONTAIN PERSONALLY IDENTIFIABLE INFORMATION], ,[MAY CONTAIN PERSONALLY IDENTIFIABLE INFORMATION], ,Phoenix, ,AZ ,[MAY CONTAIN PERSONALLY IDENTIFIABLE INFORMATION], ,Parking Lot,Dry,No Unusual Conditions,5, ,Dark - Lighted,Y, , , , , , , ,,First Responder Vehicle,No Injuries Reported,Yes,Backing,No,No, , , , , , , ,Y, , , ,Stopped,No,No,No Passengers in Vehicle,0, ,Y, , , , , , , , , , , , ,Y, ,Y,Y, , ,No,, ,No,, ,, ,, ,Yes, ,"On January [XXX], 2023 at 5:36 PM PST a Waymo Autonomous Vehicle (Waymo AV) operating in Phoenix, Arizona was in a collision involving a tow truck in a parking lot near [XXX] and [XXX].
While the Waymo AV stopped in a parking lot in autonomous mode, a tow truck approached from behind the Waymo and attempted to complete a multi-point turn. While performing a multi-point turn, the tow truck reversed into the rear left sensor of the Waymo AV. At the time of the impact, the Waymo AVs Level 4 ADS was engaged in autonomous mode. The Waymo sustained damage.
Waymo is reporting this crash under Request No. 2 of Standing General Order 2021-01. Waymo may supplement or correct its reporting with additional information as it may become available.",
30391-4811,2,Kodiak Robotics,10-Day Update,,,FEB-2023,1XKYD49XXPJ, ,N/A,Kenworth Motor Truck Co,T680, ,2023, ,2309d0a572da37c,40405, ,In-Vehicle (Commercial / Test),"[REDACTED, MAY CONTAIN CONFIDENTIAL BUSINESS INFORMATION]", ,Y,, , ,, , ,, , ,,, , ,,,Yes,ADS,"Kodiak Robotics, Inc.", , , , , ,Y, , ,,FEB-2023, ,FEB-2023,10:15, ,d1097c7706589a9,[MAY CONTAIN PERSONALLY IDENTIFIABLE INFORMATION], ,[MAY CONTAIN PERSONALLY IDENTIFIABLE INFORMATION], ,[MAY CONTAIN PERSONALLY IDENTIFIABLE INFORMATION], ,Waxahachie, ,TX ,[MAY CONTAIN PERSONALLY IDENTIFIABLE INFORMATION], ,Highway / Freeway,Dry,Work Zone,60, ,Daylight, , ,Y, , , , , ,,SUV,No Injuries Reported,Yes,Lane / Road Departure,Unknown,Yes, , , , , , , , ,Y, , ,Proceeding Straight,No,No,Yes,56, ,Y, , , , , , , , , , , , ,Y, ,Y,Y, , ,Yes,Waxahachie Police Department, ,No,[MAY CONTAIN PERSONALLY IDENTIFIABLE INFORMATION], ,[MAY CONTAIN PERSONALLY IDENTIFIABLE INFORMATION], ,[MAY CONTAIN PERSONALLY IDENTIFIABLE INFORMATION], ,Yes, ,"10-Day Report Update: A police report was issued after the 1-Day SGO incident report was submitted. It determined the driver of the crossover SUV to be at fault and noted that the crossover SUVs driver advised officers that he fell asleep while driving and caused the accident. The content of this incident report is otherwise unchanged from the initial incident report submitted on February 7, 2023 [REDACTED, MAY CONTAIN CONFIDENTIAL BUSINESS INFORMATION].
On Feb [XXX], 2023, at 10:15am CST a Kodiak Robotics autonomous Kenworth Class 8 semi-truck (""Kodiak AV"") traveling northbound on [REDACTED, MAY CONTAIN CONFIDENTIAL BUSINESS INFORMATION] in [REDACTED, MAY CONTAIN CONFIDENTIAL BUSINESS INFORMATION], Texas was rear-ended by a crossover SUV. The Kodiak AV was traveling in the far-right lane of a three-lane portion of [REDACTED, MAY CONTAIN CONFIDENTIAL BUSINESS INFORMATION]. Shortly before making contact, a crossover SUV traveling in the far-left lane abruptly swerved out of its lane, across the center lane, and into the right lane where it collided with the rear left corner of the trailer attached to the Kodiak AV. At the time of the incident, the Kodiak AV was being driven manually by the safety driver who had disengaged the system from autonomous mode approximately 21.5 seconds prior to impact. 
No injuries were reported at the scene. The trailer's impact guard sustained minor damage but was able to drive away from the scene. The crossover SUV sustained damage to its hood and was towed away from the scene. 
Kodiak is reporting this crash under Request No. 1 of the Standing General Order 2021-01 because the crossover SUV required towing. Kodiak may supplement or correct its reporting with additional information as it may become available.",Y
30610-4814,1,"Zoox, Inc.",Monthly,1,2023,FEB-2023,5TDDCRFH1G8, ,N/A,Toyota,Highlander, ,2016, ,7e7d2e10d098731,112547, ,In-Vehicle (Commercial / Test),90.23.01.22, , ,, , ,, , ,, , ,,, , ,,,Yes,ADS,Zoox, , , , ,Y,Y, , ,,JAN-2023, ,JAN-2023,15:00, ,fa6f0b9dcf1eda3,[MAY CONTAIN PERSONALLY IDENTIFIABLE INFORMATION], ,[MAY CONTAIN PERSONALLY IDENTIFIABLE INFORMATION], ,[MAY CONTAIN PERSONALLY IDENTIFIABLE INFORMATION], ,Las Vegas, ,NV ,[MAY CONTAIN PERSONALLY IDENTIFIABLE INFORMATION], ,Street,Dry,No Unusual Conditions,30, ,Daylight,Y, , , , , , , ,,Passenger Car,No Injuries Reported,Yes,Changing Lanes,No,Unknown, , ,Y, , , , , , , , ,Proceeding Straight,No,No,Yes,24, , , , , , , , ,Y, , , , , ,Y, ,Y, , , ,No,, ,No,, ,, ,, ,Yes, ,A Zoox vehicle was proceeding northbound on [XXX] towards [XXX]. when a passenger vehicle (vehicle #2) in the right adjacent lane swerved into the Zoox's vehicle's lane and made contact with the right passenger side door. The other vehicle also made contact with the vehicle in front of them after contacting the Zoox vehicle. There were no injuries and police were not called.,
30410-4799,1,Motional,Monthly,1,2023,FEB-2023,KMHKM4AE7M1, ,N/A,Hyundai,Ioniq 5, ,2021, ,ed2dae19cdf8cb4,3474, ,In-Vehicle (Commercial / Test),"[REDACTED, MAY CONTAIN CONFIDENTIAL BUSINESS INFORMATION]", ,Y,, , ,, , ,, , ,,, , ,,,Yes,ADS,Motional, , , , ,Y, , , ,,JAN-2023, ,JAN-2023,13:17, ,1016e5c64e50462,[MAY CONTAIN PERSONALLY IDENTIFIABLE INFORMATION], ,[MAY CONTAIN PERSONALLY IDENTIFIABLE INFORMATION], ,[MAY CONTAIN PERSONALLY IDENTIFIABLE INFORMATION], ,Las Vegas, ,NV ,[MAY CONTAIN PERSONALLY IDENTIFIABLE INFORMATION], ,Street,Dry,No Unusual Conditions,35, ,Daylight,Y, , , , , , , ,,Passenger Car,No Injuries Reported,Yes,Passing,No,No, , , , , , ,Y, , , , ,Proceeding Straight,Not Applicable,No,Yes,18, , , ,Y, , , , , , , , , ,Y, , ,Y, , , ,Yes,Las Vegas Metropolitan Police, ,Yes,[MAY CONTAIN PERSONALLY IDENTIFIABLE INFORMATION], ,,Y,,Y,Yes, ,"On Friday, January [XXX], at 1:17 PM PT, a Motional Hyundai Ioniq 5 was operating in autonomous mode with a safety driver at the wheel. The Motional vehicle was [REDACTED, MAY CONTAIN CONFIDENTIAL BUSINESS INFORMATION] in the right lane on [REDACTED, MAY CONTAIN CONFIDENTIAL BUSINESS INFORMATION], preparing to turn right onto [REDACTED, MAY CONTAIN CONFIDENTIAL BUSINESS INFORMATION].  [REDACTED, MAY CONTAIN CONFIDENTIAL BUSINESS INFORMATION] widened to add a right-turn lane, and a bus in front of the Motional vehicle entered that lane.  After the Motional vehicle signaled and began to move toward that lane (but before it left its lane), it detected that the bus was stopping and began to recenter itself in its lane.  At the same time, another vehicle aggressively moved into the Motional vehicles lane from the left without signaling and made contact with the Motional vehicles front driver-side bumper. The safety operator disengaged autonomous mode less than one second before the collision.",Y
540-4832,1,"General Motors, LLC",1-Day,,,FEB-2023,5G21A6P03P4, ,N/A,Cruise,AV, ,2023, ,3b9b2aa115ee9b6,2126, ,Remote (Commercial / Test),,Y, ,, , ,, , ,, , ,,, , ,,,Yes,ADS,Cruise LLC, , ,Y, ,Y, , , ,,FEB-2023, ,FEB-2023,00:39, ,1348f20bffe6753,[MAY CONTAIN PERSONALLY IDENTIFIABLE INFORMATION], ,[MAY CONTAIN PERSONALLY IDENTIFIABLE INFORMATION], ,[MAY CONTAIN PERSONALLY IDENTIFIABLE INFORMATION], ,San Francisco, ,CA ,[MAY CONTAIN PERSONALLY IDENTIFIABLE INFORMATION], ,Intersection,Dry,No Unusual Conditions,25, ,Dark - Lighted,Y, , , , , , , ,,Van,No Injuries Reported,Yes,Changing Lanes,No,No, , , , , , , ,Y,Y, , ,Proceeding Straight,No,Yes,No Passengers in Vehicle,7, , ,Y,Y, , , , , , , , ,Y, ,Y, ,Y,Y, , ,Yes,San Fransisco Police Department, ,Yes,[MAY CONTAIN PERSONALLY IDENTIFIABLE INFORMATION], ,,Y,,Y,"Unknown, see Narrative", ,"On February 10, 2023,  GM Cruise Holdings LLC (""Cruise"") filed an Incident Report (the ""Report"") under the Standing General Order 2021-01 dated June 29, 2021 (the ""Order""). General Motors LLC (GM) manufactured the Cruise-operated motor vehicle involved in the incident summarized in the Incident Report. Because GM is also a Reporting Entity under the Order, GM is submitting a duplicate of the redacted public copy of the Report. GM has selected ""Unknown"" in the ""ADS version"" and ""ODD time"" fields solely to avoid a second submission of nonpublic Cruise CBI GM is in possession of Cruise's responses to these fields, and incorporates Cruise's responses into this submission by reference. GM's submission is based on facts supplied to GM by Cruise. GM has not investigated the alleged incident and currently believes, based on a reasonable inquiry, that it has no independent knowledge of the facts in the Report. (Reference file: 30412-4829-1)",
30412-4829,1,Cruise LLC,1-Day,,,FEB-2023,5G21A6P03P4, ,N/A,Cruise,AV, ,2023, ,3b9b2aa115ee9b6,2126, ,Remote (Commercial / Test),"[REDACTED, MAY CONTAIN CONFIDENTIAL BUSINESS INFORMATION]", ,Y,, , ,, , ,, , ,,, , ,,,Yes,ADS,Cruise LLC, , ,Y, ,Y, , , ,,FEB-2023, ,FEB-2023,00:39, ,1348f20bffe6753,[MAY CONTAIN PERSONALLY IDENTIFIABLE INFORMATION], ,[MAY CONTAIN PERSONALLY IDENTIFIABLE INFORMATION], ,[MAY CONTAIN PERSONALLY IDENTIFIABLE INFORMATION], ,San Francisco, ,CA ,[MAY CONTAIN PERSONALLY IDENTIFIABLE INFORMATION], ,Intersection,Dry,No Unusual Conditions,25, ,Dark - Lighted,Y, , , , , , , ,,Van,No Injuries Reported,Yes,Changing Lanes,No,No, , , , , , , ,Y,Y, , ,Proceeding Straight,No,Yes,No Passengers in Vehicle,7, , ,Y,Y, , , , , , , , ,Y, ,Y, ,Y,Y, , ,Yes,San Francisco Police Department, ,Yes,[MAY CONTAIN PERSONALLY IDENTIFIABLE INFORMATION], ,,Y,,Y,"[REDACTED, MAY CONTAIN CONFIDENTIAL BUSINESS INFORMATION]",Y,"A Cruise autonomous vehicle (""Cruise AV""), operating in driverless autonomous mode, was traveling on southbound [XXX] towards the intersection with [XXX]. At the same time, a GMC Van was traveling in front of the Cruise AV and began to merge into the left turn lane as it entered the intersection. The Cruise AV continued to proceed straight through the intersection and began to pass the GMC Van. As the Cruise AV was beginning to pass the GMC Van in the intersection, the GMC Van initiated a prohibited right turn onto the wrong direction of [XXX] and, shortly thereafter, made contact with the Cruise AV, damaging the front left bumper, front left fender, and front left tire of the Cruise AV. The parties exchanged information. There were no injuries and the Cruise AV was towed from the incident. [REDACTED, MAY CONTAIN CONFIDENTIAL BUSINESS INFORMATION]",Y
30391-4811,1,Kodiak Robotics,1-Day,,,FEB-2023,1XKYD49XXPJ, ,N/A,Kenworth Motor Truck Co,T680, ,2023, ,2309d0a572da37c,40405, ,In-Vehicle (Commercial / Test),"[REDACTED, MAY CONTAIN CONFIDENTIAL BUSINESS INFORMATION]", ,Y,, , ,, , ,, , ,,, , ,,,Yes,ADS,"Kodiak Robotics, Inc.", , , , , ,Y, , ,,FEB-2023, ,FEB-2023,10:15, ,d1097c7706589a9,[MAY CONTAIN PERSONALLY IDENTIFIABLE INFORMATION], ,[MAY CONTAIN PERSONALLY IDENTIFIABLE INFORMATION], ,[MAY CONTAIN PERSONALLY IDENTIFIABLE INFORMATION], ,Waxahachie, ,TX ,[MAY CONTAIN PERSONALLY IDENTIFIABLE INFORMATION], ,Highway / Freeway,Dry,Work Zone,60, ,Daylight, , ,Y, , , , , ,,SUV,No Injuries Reported,Yes,Lane / Road Departure,Unknown,Yes, , , , , , , , ,Y, , ,Proceeding Straight,No,No,Yes,56, ,Y, , , , , , , , , , , , ,Y, ,Y,Y, , ,Yes,Waxahachie Police Department, ,No,[MAY CONTAIN PERSONALLY IDENTIFIABLE INFORMATION], ,[MAY CONTAIN PERSONALLY IDENTIFIABLE INFORMATION], ,[MAY CONTAIN PERSONALLY IDENTIFIABLE INFORMATION], ,Yes, ,"On Feb [XXX], 2023, at 10:15am CST a Kodiak Robotics autonomous Kenworth Class 8 semi-truck (Kodiak AV) traveling northbound on [REDACTED, MAY CONTAIN CONFIDENTIAL BUSINESS INFORMATION] in [REDACTED, MAY CONTAIN CONFIDENTIAL BUSINESS INFORMATION], Texas was rear-ended by a crossover SUV. The Kodiak AV was traveling in the far-right lane of a three-lane portion of [REDACTED, MAY CONTAIN CONFIDENTIAL BUSINESS INFORMATION]. Shortly before making contact, a crossover SUV traveling in the far-left lane abruptly swerved out of its lane, across the center lane, and into the right lane where it collided with the rear left corner of the trailer attached to the Kodiak AV. At the time of the incident, the Kodiak AV was being driven manually by the safety driver who had disengaged the system from autonomous mode approximately 21.5 seconds prior to impact. 
No injuries were reported at the scene. The trailers impact guard sustained minor damage but was able to drive away from the scene. The crossover SUV sustained damage to its hood and was towed away from the scene. 
Kodiak is reporting this crash under Request No. 1 of the Standing General Order 2021-01 because the crossover SUV required towing. Kodiak may supplement or correct its reporting with additional information as it may become available.",Y
30610-4810,1,"Zoox, Inc.",1-Day,,,FEB-2023,5TDDCRFHXGS, ,N/A,Toyota,Highlander, ,2016, ,5e28e7f4219df90,89119, ,In-Vehicle (Commercial / Test),66.23.02.05, , ,, , ,, , ,, , ,,, , ,,,Yes,ADS,Zoox, , ,Y, ,Y, , , ,,FEB-2023, ,FEB-2023,13:50, ,28aee38d1d3ed89,[MAY CONTAIN PERSONALLY IDENTIFIABLE INFORMATION], ,[MAY CONTAIN PERSONALLY IDENTIFIABLE INFORMATION], ,[MAY CONTAIN PERSONALLY IDENTIFIABLE INFORMATION], ,Paradise, ,NV ,[MAY CONTAIN PERSONALLY IDENTIFIABLE INFORMATION], ,Intersection,Dry,No Unusual Conditions,45, ,Daylight,Y, , , , , , , ,,Non-Motorist: Cyclist,Minor,Yes,"Other, see Narrative",,, , , , , , , , , , , ,Merging,No,No,Yes,0, ,Y, , , , , , , , , , , , ,Y, ,Y,Y, , ,No,, ,No,, ,, ,, ,Yes, ,"A Zoox vehicle in autonomy was stopped in a merge lane yielding and waiting for cross traffic when a bicyclist approached the side of the vehicle on a parallel path and made a gesture to the driver. When the Zoox vehicle began to move and had reached approximately 5mph, the cyclist changed trajectory towards the Zoox vehicle, which braked, and the cyclist made low speed contact with the rear of the Zoox vehicle. The cyclist reported no injury at the scene, but later followed up with an email stating he was sore. Police were not called, contact information was exchanged, and the cyclist rode away.",
30270-4768,2,Waymo LLC,10-Day Update,,,JAN-2023,SADHW2S10M1, ,N/A,Jaguar,I-Pace, ,2021, ,6f605e952015487,29338, ,None,5th Generation ADS, , ,, , ,, , ,, , ,,, , ,,,Yes,ADS,Waymo LLC, , ,Y, , , , , ,,JAN-2023, ,JAN-2023,13:38, ,d9f1dce22a59e61,[MAY CONTAIN PERSONALLY IDENTIFIABLE INFORMATION], ,[MAY CONTAIN PERSONALLY IDENTIFIABLE INFORMATION], ,[MAY CONTAIN PERSONALLY IDENTIFIABLE INFORMATION], ,Phoenix, ,AZ ,[MAY CONTAIN PERSONALLY IDENTIFIABLE INFORMATION], ,Intersection,Dry,No Unusual Conditions,35, ,Daylight,Y, , , , , , , ,,Motorcycle,No Injuries Reported,Yes,"Other, see Narrative",Not Applicable,Unknown, , , , , , , , , , ,Y,Proceeding Straight,No,No,Yes,8, , , , , , , , , ,Y, , , , ,Y, ,Y,Y, , ,No,, ,Yes,, ,, ,, ,Yes, ,"Other than updating the Law Enforcement Investigating? field, the content of this report is unchanged from the initial report submitted on January 25, 2023 [REDACTED, MAY CONTAIN CONFIDENTIAL BUSINESS INFORMATION]. 
On January [XXX], 2023 at 1:38 PM PST a Waymo Autonomous Vehicle (Waymo AV) operating in Phoenix, Arizona was in a collision with a minibike whose rider was no longer on it on [XXX] at [XXX].
The Waymo AV was traveling in the leftmost lane on eastbound [XXX], with a group of smaller motorcycles, more commonly known as minibikes, traveling in the right adjacent lane next to and ahead of the Waymo AV. A minibike rider in the group lost control and fell off the minibike a short distance ahead of the Waymo AV in the adjacent lane and the minibike, without a rider, tumbled into the Waymo AV's lane. The Waymo AV applied maximum brake force but made contact with the riderless minibike just before coming to a stop. At the time of the impact, the Waymo AVs Level 4 ADS was engaged in autonomous mode. The Waymo AV sustained damage. The minibike was damaged but it is not possible to determine whether all or some of that damage occurred when the minibike fell to the road before the collision. Because we checked on the minibike riders well-being shortly after the crash, Waymo is aware that the individual sustained minor injuries when they fell from the minibike but the subsequent collision with the riderless minibike did not cause those injuries.
Although we do not believe this event falls under Request No. 1 of Standing General Order 2021-01, we consulted NHTSA and submitted this report at the agencys request on the day of the consultation. Waymo may supplement or correct its reporting with additional information as it may become available.",
30270-4768,1,Waymo LLC,1-Day,,,JAN-2023,SADHW2S10M1, ,N/A,Jaguar,I-Pace, ,2021, ,6f605e952015487,29338, ,None,5th Generation ADS, , ,, , ,, , ,, , ,,, , ,,,Yes,ADS,Waymo LLC, , ,Y, , , , , ,,JAN-2023, ,JAN-2023,13:38, ,d9f1dce22a59e61,[MAY CONTAIN PERSONALLY IDENTIFIABLE INFORMATION], ,[MAY CONTAIN PERSONALLY IDENTIFIABLE INFORMATION], ,[MAY CONTAIN PERSONALLY IDENTIFIABLE INFORMATION], ,Phoenix, ,AZ ,[MAY CONTAIN PERSONALLY IDENTIFIABLE INFORMATION], ,Intersection,Dry,No Unusual Conditions,35, ,Daylight,Y, , , , , , , ,,Motorcycle,No Injuries Reported,Yes,"Other, see Narrative",Not Applicable,Unknown, , , , , , , , , , ,Y,Proceeding Straight,No,No,Yes,8, , , , , , , , , ,Y, , , , ,Y, ,Y,Y, , ,Unknown,,Y,Yes,,Y,,Y,,Y,Yes, ,"On January [XXX], 2023 at 1:38 PM PST a Waymo Autonomous Vehicle (Waymo AV) operating in Phoenix, Arizona was in a collision with a minibike whose rider was no longer on it on [XXX] at [XXX].
The Waymo AV was traveling in the leftmost lane on eastbound [XXX], with a group of smaller motorcycles, more commonly known as minibikes, traveling in the right adjacent lane next to and ahead of the Waymo AV. A minibike rider in the group lost control and fell off the minibike a short distance ahead of the Waymo AV in the adjacent lane and the minibike, without a rider, tumbled into the Waymo AV's lane. The Waymo AV applied maximum brake force but made contact with the riderless minibike just before coming to a stop. At the time of the impact, the Waymo AVs Level 4 ADS was engaged in autonomous mode. The Waymo AV sustained damage. The minibike was damaged but it is not possible to determine whether all or some of that damage occurred when the minibike fell to the road before the collision. Because we checked on the minibike riders well-being shortly after the crash, Waymo is aware that the individual sustained minor injuries when they fell from the minibike but the subsequent collision with the riderless minibike did not cause those injuries.
Although we do not believe this event falls under Request No. 1 of Standing General Order 2021-01, we consulted NHTSA and submitted this report at the agencys request on the day of the consultation. Waymo may supplement or correct its reporting with additional information as it may become available.",
28349-4648,2,"Lucid USA, Inc.",10-Day Update,,,JAN-2023,50EA1GBA8NA, ,N/A,Lucid,Air, ,2022, ,e04e259ef9c6ab4,1589, ,Consumer,Level 2, , ,, , ,, , ,, , ,,, , ,,,Yes,ADAS,, , ,Y, , , , ,Y,Lucid Service Center tow-in.,JAN-2023, ,JAN-2023,06:53, ,f31d8764389d7db,[MAY CONTAIN PERSONALLY IDENTIFIABLE INFORMATION], ,[MAY CONTAIN PERSONALLY IDENTIFIABLE INFORMATION], ,[MAY CONTAIN PERSONALLY IDENTIFIABLE INFORMATION], ,Los Alamitos, ,CA ,[MAY CONTAIN PERSONALLY IDENTIFIABLE INFORMATION], ,Highway / Freeway,Dry,No Unusual Conditions,70, ,Dawn / Dusk,Y, , , , , , , ,,Passenger Car,Unknown,Yes,Unknown,Unknown,Unknown, , , , , , , , , , ,Y,Unknown,No,Yes,Yes,60, , , ,Y, , ,Y, , ,Y, , , , ,Y, , , , , ,Unknown,,Y,Yes,,Y,,Y,,Y,"[REDACTED, MAY CONTAIN CONFIDENTIAL BUSINESS INFORMATION]",Y,"Lucid has received telematics and notification from a Lucid Service Center that a 2022 Lucid Air was traveling southbound on [XXX] in Los Alamitos, California on 1/[XXX]/2023 with Level 2 ADAS engaged when it struck another vehicle which from the front camera shows a collision with a semi-truck bumper, just before sunrise at 6:53 am PST.  The Lucid Air was towed from the scene, and no air curtains were deployed. The Lucid Air was traveling at approximately 60 mph pre-crash, and the driver was belted.  The severity of the Lucid Air is minor to moderate as the front end of the vehicle was impacted upon collision.  The severity of the other vehicle damage is unknown and there is no known police report.  Telematics indicate that that ADAS turned off approximately 3 seconds prior to the incident when the customer accelerated and turned the steering wheel overriding the ADAS System.",
30531-4720,2,Transdev Alternative Services,Update,12,2022,JAN-2023,SADHW2S1XM1, ,N/A,Jaguar,I-Pace, ,2021, ,ecc86902e84d762,20087, ,In-Vehicle (Commercial / Test),5th Generation, , ,, , ,, , ,, , ,,, , ,,,Yes,ADS,Waymo LLC, , ,Y, , , , , ,,DEC-2022, ,DEC-2022,12:35, ,9d43f7feeb9350e,[MAY CONTAIN PERSONALLY IDENTIFIABLE INFORMATION], ,[MAY CONTAIN PERSONALLY IDENTIFIABLE INFORMATION], ,[MAY CONTAIN PERSONALLY IDENTIFIABLE INFORMATION], ,San Francisco, ,CA ,[MAY CONTAIN PERSONALLY IDENTIFIABLE INFORMATION], ,Intersection,Dry,No Unusual Conditions,30, ,Daylight,Y, , , , , , , ,,Passenger Car,No Injuries Reported,Yes,Proceeding Straight,No,No, , , , , ,Y, , , , , ,Stopped,No,No,Yes,0, , , , ,Y, , , , , , , , , ,Y, ,Y,Y, , ,No,, ,Yes,, ,, ,, ,Yes, ,"Update: Latitude should read: [XXX] and longitude should read: [XXX]. Previous updates did not save correct numbers.
On December [XXX], 2022 at 12:35 PM PST a Waymo Autonomous Vehicle (""Waymo AV'') operating in San Francisco, California was in a collision involving a passenger vehicle on [XXX] at [XXX].The Waymo AV was stopped facing south on [XXX] for a red light in the right lane of the three-lane street while in autonomous mode. A passenger vehicle approached from behind and made contact with the rear of the Waymo AV. At the time of the impact, the Waymo AV's Level 4 ADS was engaged in autonomous mode, and a test driver was present (in the driver's seating position). The Waymo sustained damage. Transdev Alternative Services is reporting this crash under Request No. 2 of Standing General Order 2021-01. Transdev may supplement or correct its reporting with additional information as it may become available.This report is a duplicate of Waymo LLC WaymoLLC- 20221213-0 (rev.20230117152233).",