Report ID,Report Version,Reporting Entity,Report Type,Report Month,Report Year,Report Submission Date,VIN,VIN - Unknown,Serial Number,Make,Model,Model - Unknown,Model Year,Model Year - Unknown,Same Vehicle ID,Mileage,Mileage - Unknown,Driver / Operator Type,ADAS/ADS System Version,ADAS/ADS System Version - Unk,ADAS/ADS System Version CBI,ADAS/ADS Hardware Version,ADAS/ADS Hardware Version - Unk,ADAS/ADS Hardware Version CBI,ADAS/ADS Software Version,ADAS/ADS Software Version - Unk,ADAS/ADS Software Version CBI,Other Reporting Entities?,Other Reporting Entities? - Unk,Other Reporting Entities? - NA,Federal Regulatory Exemption?,Other Federal Reg. Exemption,Federal Reg. Exemption - Unk,Federal Reg. Exemption - No,State or Local Permit?,State or Local Permit,ADS Equipped?,Automation System Engaged?,Operating Entity,Operating Entity - Unknown,Source - Complaint/Claim,Source - Telematics,Source - Law Enforcement,Source - Field Report,Source - Testing,Source - Media,Source - Other,Source - Other Text,Incident Date,Incident Date - Unknown,Notice Received Date,Incident Time (24:00),Incident Time - Unknown,Same Incident ID,Latitude,Latitude - Unknown,Longitude,Longitude - Unknown,Address,Address - Unknown,City,City - Unknown,State,Zip Code,Zip Code - Unknown,Roadway Type,Roadway Surface,Roadway Description,Posted Speed Limit (MPH),Posted Speed Limit - Unknown,Lighting,Weather - Clear,Weather - Snow,Weather - Cloudy,Weather - Fog/Smoke,Weather - Rain,Weather - Severe Wind,Weather - Unknown,Weather - Other,Weather - Other Text,Crash With,Highest Injury Severity Alleged,Property Damage?,CP Pre-Crash Movement,CP Any Air Bags Deployed?,CP Was Vehicle Towed?,CP Contact Area - Rear Left,CP Contact Area - Left,CP Contact Area - Front Left,CP Contact Area - Rear,CP Contact Area - Top,CP Contact Area - Front,CP Contact Area - Rear Right,CP Contact Area - Right,CP Contact Area - Front Right,CP Contact Area - Bottom,CP Contact Area - Unknown,SV Pre-Crash Movement,SV Any Air Bags Deployed?,SV Was Vehicle Towed?,SV Were All Passengers Belted?,SV Precrash Speed (MPH),SV Pre-crash Speed - Unknown,SV Contact Area - Rear Left,SV Contact Area - Left,SV Contact Area - Front Left,SV Contact Area - Rear,SV Contact Area - Top,SV Contact Area - Front,SV Contact Area - Rear Right,SV Contact Area - Right,SV Contact Area - Front Right,SV Contact Area - Bottom,SV Contact Area - Unknown,Data Availability - EDR,Data Availability - Police Rpt,Data Availability - Telematics,Data Availability - Complaints,Data Availability - Video,Data Availability - Other,Data Availability - No Data,Data Availability - Unknown,Law Enforcement Investigating?,Investigating Agency,Investigating Agency - Unknown,Rep Ent Or Mfr Investigating?,Investigating Officer Name,Inv. Officer Name - Unknown,Investigating Officer Phone,Inv. Officer Phone - Unknown,Investigating Officer Email,Inv. Officer Email - Unknown,Within ODD?,Within ODD? - CBI,Narrative,Narrative - CBI?
30270-4505,2,Waymo LLC,10-Day Update,,,DEC-2022,SADHW2S10M1, ,N/A,Jaguar,I-Pace, ,2021, ,3992c1b3baeaf38,45898, ,In-Vehicle (Commercial / Test),5th Generation ADS, , ,, , ,, , ,, , ,,, , ,,,Yes,ADS,Waymo LLC, , ,Y, , , , , ,,DEC-2022, ,DEC-2022,13:50, ,384e51a74ec101e,[MAY CONTAIN PERSONALLY IDENTIFIABLE INFORMATION], ,[MAY CONTAIN PERSONALLY IDENTIFIABLE INFORMATION], ,[MAY CONTAIN PERSONALLY IDENTIFIABLE INFORMATION], ,San Francisco, ,CA ,[MAY CONTAIN PERSONALLY IDENTIFIABLE INFORMATION], ,Street,Dry,No Unusual Conditions,30, ,Daylight,Y, , , , , , , ,,Passenger Car,No Injuries Reported,Yes,Proceeding Straight,No,No, , ,Y, , ,Y, , ,Y, , ,Stopped,No,Yes,Yes,0, ,Y, , ,Y, , ,Y, , , , , , ,Y, ,Y,Y, , ,No,, ,Yes,, ,, ,, ,Yes, ,"Other than updating the Were All Passengers Belted? field, which was initially submitted incorrectly, the content of this report is unchanged from the initial report submitted on December 18, 2022 [REDACTED, MAY CONTAIN CONFIDENTIAL BUSINESS INFORMATION]. 
On December [XXX], 2022 at 1:50 PM PST, a Waymo Autonomous Vehicle (Waymo AV) operating in San Francisco, CA was in a collision involving a passenger car on [XXX] near the intersection with [XXX].
The Waymo AV was traveling southbound on [XXX] in autonomous mode when it slowed and stopped for a parallel parking vehicle ahead. A passenger car following the Waymo AV did not stop in time and made contact with the rear of the Waymo AV at a speed of about 7 MPH. At the time of impact, the Waymo AV's Level 4 ADS was engaged in autonomous mode with a test driver present (in the driver's seating position). Both vehicles sustained damage. 
Waymo is reporting this crash under Request No. 1 of Standing General Order 2021-01 because a vehicle involved was towed away. Waymo may supplement or correct its reporting with additional information as it may become available. This report was submitted from the Pacific time zone on the required date.",
540-4541,1,"General Motors, LLC",1-Day,,,DEC-2022,5G21A6P07P4, ,N/A,Cruise,AV, ,2023, ,1ac4f435ad3b2dc,18, ,In-Vehicle and Remote (Commercial / Test),,Y, ,, , ,, , ,, , ,,, , ,,,Yes,ADS,Cruise LLC, ,Y,Y, , ,Y, , ,,DEC-2022, ,DEC-2022,08:50, ,99108ea3e1b8746,[MAY CONTAIN PERSONALLY IDENTIFIABLE INFORMATION], ,[MAY CONTAIN PERSONALLY IDENTIFIABLE INFORMATION], ,[MAY CONTAIN PERSONALLY IDENTIFIABLE INFORMATION], ,San Francisco, ,CA ,[MAY CONTAIN PERSONALLY IDENTIFIABLE INFORMATION], ,Street,Dry,No Unusual Conditions,25, ,Daylight,Y, , , , , , , ,,Passenger Car,Unknown,Yes,Crossing into Opposing Lane,Unknown,Yes, , , , , ,Y, ,Y,Y, , ,Proceeding Straight,No,Yes,Yes,2, , , , , , ,Y, ,Y,Y, , ,Y, ,Y, ,Y,Y, , ,Yes,San Francisco Police Department, ,Yes,,Y,,Y,,Y,"Unknown, see Narrative", ,"On December [XXX], 2022 GM Cruise Holdings LLC (""Cruise"") filed an Incident Report (the ""Report"") under the Standing General Order 2021-01 dated June 29, 2021 (the ""Order""). General Motors LLC (GM) manufactured the Cruise-operated motor vehicle involved in the incident summarized in the Incident Report. Because GM is also a Reporting Entity under the Order, GM is submitting a duplicate of the redacted public copy of the Report. GM has selected ""Unknown"" in the ""ADS version"" and ""ODD time"" fields solely to avoid a second submission of nonpublic Cruise CBI GM is in possession of Cruise's responses to these fields, and incorporates Cruise's responses into this submission by reference. GM's submission is based on facts supplied to GM by Cruise. GM has not investigated the alleged incident and currently believes, based on a reasonable inquiry, that it has no independent knowledge of the facts in the Report. (Reference file: 30412-4540-1)",
30412-4540,1,Cruise LLC,1-Day,,,DEC-2022,5G21A6P07P4, ,N/A,Cruise,AV, ,2023, ,1ac4f435ad3b2dc,18, ,In-Vehicle and Remote (Commercial / Test),"[REDACTED, MAY CONTAIN CONFIDENTIAL BUSINESS INFORMATION]", ,Y,, , ,, , ,, , ,,, , ,,,Yes,ADS,Cruise LLC, ,Y,Y, , ,Y, , ,,DEC-2022, ,DEC-2022,08:50, ,99108ea3e1b8746,[MAY CONTAIN PERSONALLY IDENTIFIABLE INFORMATION], ,[MAY CONTAIN PERSONALLY IDENTIFIABLE INFORMATION], ,[MAY CONTAIN PERSONALLY IDENTIFIABLE INFORMATION], ,San Francisco, ,CA ,[MAY CONTAIN PERSONALLY IDENTIFIABLE INFORMATION], ,Street,Dry,No Unusual Conditions,25, ,Daylight,Y, , , , , , , ,,Passenger Car,Unknown,Yes,Crossing into Opposing Lane,Unknown,Yes, , , , , ,Y, ,Y,Y, , ,Proceeding Straight,No,Yes,Yes,2, , , , , , ,Y, ,Y,Y, , ,Y, ,Y, ,Y,Y, , ,Yes,San Francisco Police Department, ,Yes,,Y,,Y,,Y,"[REDACTED, MAY CONTAIN CONFIDENTIAL BUSINESS INFORMATION]",Y,"A Cruise autonomous vehicle (""Cruise AV""), operating in supervised autonomous mode, was traveling westbound on [XXX] between [XXX] and [XXX]. At the same time, a black BMW traveling eastbound on [XXX] swerved into oncoming traffic and in front of the Cruise AV. The AV operator disengaged from autonomous into manual mode and braked to avoid the oncoming BMW, but shortly thereafter, contact was made with the Cruise AV's front right quarter panel, damaging the front passenger side of the Cruise AV. The BMW then struck a parked vehicle that was beside the Cruise AV. The driver of the BMW fled the scene on foot. There were no reported injuries. [REDACTED, MAY CONTAIN CONFIDENTIAL BUSINESS INFORMATION]",Y
540-4524,1,"General Motors, LLC",1-Day,,,DEC-2022,5G21A6P05P4, ,N/A,Cruise,AV, ,2023, ,7f0cd20edfcc133,1239, ,Remote (Commercial / Test),,Y, ,, , ,, , ,, , ,,, , ,,,Yes,ADS,Cruise LLC, , ,Y, ,Y, , , ,,DEC-2022, ,DEC-2022,23:23, ,3b559d83bff3844,[MAY CONTAIN PERSONALLY IDENTIFIABLE INFORMATION], ,[MAY CONTAIN PERSONALLY IDENTIFIABLE INFORMATION], ,[MAY CONTAIN PERSONALLY IDENTIFIABLE INFORMATION], ,San Francisco, ,CA ,[MAY CONTAIN PERSONALLY IDENTIFIABLE INFORMATION], ,Street,Dry,No Unusual Conditions,25, ,Dark - Lighted,Y, , , , , , , ,,Passenger Car,No Injuries Reported,Yes,Proceeding Straight,Unknown,Unknown, , , , , , , ,Y,Y, , ,Stopped,No,Yes,No Passengers in Vehicle,0, , ,Y,Y, , , , , , , , ,Y, ,Y, ,Y,Y, , ,Yes,,Y,Yes,,Y,,Y,,Y,"Unknown, see Narrative", ,"On December [XXX], 2022, GM Cruise Holdings LLC (""Cruise"") filed an Incident Report (the ""Report"") under the Standing General Order 2021-01 dated June 29, 2021 (the ""Order""). General Motors LLC (GM) manufactured the Cruise-operated motor vehicle involved in the incident summarized in the Incident Report. Because GM is also a Reporting Entity under the Order, GM is submitting a duplicate of the redacted public copy of the Report. GM has selected ""Unknown"" in the ""ADS version"" and ""ODD time"" fields solely to avoid a second submission of nonpublic Cruise CBI GM is in possession of Cruise's responses to these fields, and incorporates Cruise's responses into this submission by reference. GM's submission is based on facts supplied to GM by Cruise. GM has not investigated the alleged incident and currently believes, based on a reasonable inquiry, that it has no independent knowledge of the facts in the Report. (Reference file: 30412-4511-1)",
30412-4511,1,Cruise LLC,1-Day,,,DEC-2022,5G21A6P05P4, ,N/A,Cruise,AV, ,2023, ,7f0cd20edfcc133,1239, ,Remote (Commercial / Test),"[REDACTED, MAY CONTAIN CONFIDENTIAL BUSINESS INFORMATION]", ,Y,, , ,, , ,, , ,,, , ,,,Yes,ADS,Cruise LLC, , ,Y, ,Y, , , ,,DEC-2022, ,DEC-2022,23:23, ,3b559d83bff3844,[MAY CONTAIN PERSONALLY IDENTIFIABLE INFORMATION], ,[MAY CONTAIN PERSONALLY IDENTIFIABLE INFORMATION], ,[MAY CONTAIN PERSONALLY IDENTIFIABLE INFORMATION], ,San Francisco, ,CA ,[MAY CONTAIN PERSONALLY IDENTIFIABLE INFORMATION], ,Street,Dry,No Unusual Conditions,25, ,Dark - Lighted,Y, , , , , , , ,,Passenger Car,No Injuries Reported,Yes,Proceeding Straight,Unknown,Unknown, , , , , , , ,Y,Y, , ,Stopped,No,Yes,No Passengers in Vehicle,0, , ,Y,Y, , , , , , , , ,Y, ,Y, ,Y,Y, , ,Yes,,Y,Yes,,Y,,Y,,Y,"[REDACTED, MAY CONTAIN CONFIDENTIAL BUSINESS INFORMATION]",Y,"A Cruise autonomous vehicle (""Cruise AV""), operating in driverless autonomous mode, was traveling southbound in the right lane on [XXX] between [XXX] and [XXX]. The Cruise AV approached an eighteen-wheeler that was stopped in the right lane of southbound [XXX]. The Cruise AV began to navigate around the eighteen-wheeler and stopped briefly as it was completing its passing maneuver. Shortly thereafter, a Dodge Charger approached the stopped Cruise AV in the left lane and attempted to pass the Cruise AV on the lefthand side. Contact was made with the Cruise AV, damaging the front left wheel, front left fender, front left bumper, and front driver side mirror of the Cruise AV. The driver of the  Dodge Charger left the scene without exchanging information. There were no injuries and the Cruise AV was towed from the incident. [REDACTED, MAY CONTAIN CONFIDENTIAL BUSINESS INFORMATION]",Y
1306-4390,2,Toyota Motor Engineering & Manufacturing,10-Day Update,,,DEC-2022,5TDYRKEC0MS, ,N/A,Toyota,Sienna, ,2021, ,bfc192427eab6ea,5708, ,In-Vehicle (Commercial / Test),4, , ,, , ,, , ,, , ,,, , ,,,Yes,ADS,May Mobility, , , , ,Y, , , ,,DEC-2022, ,DEC-2022,09:02, ,efaea9d26730376,[MAY CONTAIN PERSONALLY IDENTIFIABLE INFORMATION], ,[MAY CONTAIN PERSONALLY IDENTIFIABLE INFORMATION], ,[MAY CONTAIN PERSONALLY IDENTIFIABLE INFORMATION], ,Sun City, ,AZ ,[MAY CONTAIN PERSONALLY IDENTIFIABLE INFORMATION], ,Street,Dry,No Unusual Conditions,30, ,Daylight,Y, , , , , , , ,,Motorcycle,No Injuries Reported,No,Proceeding Straight,Not Applicable,No, , ,Y, , , , , , , , ,Stopped,No,No,Yes,0, , , , ,Y, , ,Y, , , , , , , , , ,Y, , ,No,, ,No,, ,, ,, ,Yes, ,"This report is being submitted because May Mobility notified Toyota on Dec. 9, 2022 of 1-Day Report submission 30413-4378-1,related to an incident that occurred on Dec. [XXX], 2022. Toyota has no additional information on this incident beyond what was submitted in the aforementioned 1-Day Report. Please refer to the report from May Mobility for details.
This report is a 10-Day update. The original report ID is 1306-4390-1.",
1306-4389,2,Toyota Motor Engineering & Manufacturing,10-Day Update,,,DEC-2022,2T2JGMDA0LC, ,N/A,Lexus,RX450H, ,2020, ,cb6e38b363be262,25702, ,In-Vehicle (Commercial / Test),4, , ,, , ,, , ,, , ,,, , ,,,Yes,"Unknown, see Narrative",May Mobility, , , , ,Y, , , ,,NOV-2022, ,DEC-2022,15:43, ,03ad388e6676c05,[MAY CONTAIN PERSONALLY IDENTIFIABLE INFORMATION], ,[MAY CONTAIN PERSONALLY IDENTIFIABLE INFORMATION], ,[MAY CONTAIN PERSONALLY IDENTIFIABLE INFORMATION], ,Ann Arbor, ,MI ,[MAY CONTAIN PERSONALLY IDENTIFIABLE INFORMATION], ,Intersection,Dry,No Unusual Conditions,25, ,Daylight,Y, , , , , , , ,,Non-Motorist: Cyclist,No Injuries Reported,No,NM Moving on Sidewalk,,, , , , , , , , , , , ,Entering Traffic,No,No,Yes,4, , , ,Y, , ,Y, , , , , , ,Y, , , , , , ,No,, ,No,, ,, ,, ,"No, see Narrative", ,"This report is being submitted because May Mobility notified Toyota on Dec. 9, 2022 of 1-Day Report submission 30413-4170-1,related
to an incident that occurred on Nov. [XXX], 2022. Toyota has no additional information on this incident beyond what was submitted in the
aforementioned 1-Day Report. Please refer to the report from May Mobility for details.
This report is a 10 Day update. The original report ID is 1306-4389-1.",
30531-4506,1,Transdev Alternative Services,1-Day,,,DEC-2022,SADHW2S10M1, ,N/A,Jaguar,I-Pace, ,2021, ,3992c1b3baeaf38,45898, ,In-Vehicle (Commercial / Test),5th Generation ADS, , ,, , ,, , ,, , ,,, , ,,,Yes,ADS,Waymo LLC, , ,Y, , , , , ,,DEC-2022, ,DEC-2022,13:50, ,384e51a74ec101e,[MAY CONTAIN PERSONALLY IDENTIFIABLE INFORMATION], ,[MAY CONTAIN PERSONALLY IDENTIFIABLE INFORMATION], ,[MAY CONTAIN PERSONALLY IDENTIFIABLE INFORMATION], ,San Francisco, ,CA ,[MAY CONTAIN PERSONALLY IDENTIFIABLE INFORMATION], ,Street,Dry,No Unusual Conditions,30, ,Daylight,Y, , , , , , , ,,Passenger Car,No Injuries Reported,Yes,Proceeding Straight,No,No, , ,Y, , ,Y, , ,Y, , ,Stopped,No,Yes,No Passengers in Vehicle,0, ,Y, , ,Y, , ,Y, , , , , , ,Y, ,Y,Y, , ,No,, ,Yes,, ,, ,, ,Yes, ,"On December [XXX], 2022 at 1:50 PM PST, a Waymo Autonomous Vehicle (""Waymo AV"") operating in San Francisco, CA was in a collision involving a passenger car on [XXX] near the intersection with [XXX].
The Waymo AV was traveling southbound on [XXX] in autonomous mode when it slowed and stopped for a parallel parking vehicle ahead.  A passenger car following the Waymo AV did not stop in time and made contact with the rear of the Waymo AV at a speed of about 7 MPH.  At the time of impact, the Waymo AV's Level 4 ADS was engaged in autonomous mode with a test driver present (in the driver's seating position).  Both vehicles sustained damage.
Transdev Alternative Services is reporting this crash under Request No. 1 of Standing General Order 2021-01 because a vehicle involved was towed away.  Transdev may supplement or correct its reporting with additional information as it may become available.  This report is a duplicate of WaymoLLC-20221217-0 (rev.20221217234005).",
30270-4505,1,Waymo LLC,1-Day,,,DEC-2022,SADHW2S10M1, ,N/A,Jaguar,I-Pace, ,2021, ,3992c1b3baeaf38,45898, ,In-Vehicle (Commercial / Test),5th Generation ADS, , ,, , ,, , ,, , ,,, , ,,,Yes,ADS,Waymo LLC, , ,Y, , , , , ,,DEC-2022, ,DEC-2022,13:50, ,384e51a74ec101e,[MAY CONTAIN PERSONALLY IDENTIFIABLE INFORMATION], ,[MAY CONTAIN PERSONALLY IDENTIFIABLE INFORMATION], ,[MAY CONTAIN PERSONALLY IDENTIFIABLE INFORMATION], ,San Francisco, ,CA ,[MAY CONTAIN PERSONALLY IDENTIFIABLE INFORMATION], ,Street,Dry,No Unusual Conditions,30, ,Daylight,Y, , , , , , , ,,Passenger Car,No Injuries Reported,Yes,Proceeding Straight,No,No, , ,Y, , ,Y, , ,Y, , ,Stopped,No,Yes,No Passengers in Vehicle,0, ,Y, , ,Y, , ,Y, , , , , , ,Y, ,Y,Y, , ,No,, ,Yes,, ,, ,, ,Yes, ,"On December [XXX], 2022 at 1:50 PM PST, a Waymo Autonomous Vehicle (Waymo AV) operating in San Francisco, CA was in a collision involving a passenger car on [XXX] near the intersection with [XXX].
The Waymo AV was traveling southbound on [XXX] in autonomous mode when it slowed and stopped for a parallel parking vehicle ahead. A passenger car following the Waymo AV did not stop in time and made contact with the rear of the Waymo AV at a speed of about 7 MPH. At the time of impact, the Waymo AV's Level 4 ADS was engaged in autonomous mode with a test driver present (in the driver's seating position). Both vehicles sustained damage. 
Waymo is reporting this crash under Request No. 1 of Standing General Order 2021-01 because a vehicle involved was towed away. Waymo may supplement or correct its reporting with additional information as it may become available. This report was submitted from the Pacific time zone on the required date.",
30531-4492,2,Transdev Alternative Services,Update,11,2022,DEC-2022,SADHW2S16M1, ,N/A,Jaguar,I-Pace, ,2021, ,5ea534fc5d6467f,21957, ,In-Vehicle (Commercial / Test),5th Generation ADS, , ,, , ,, , ,, , ,,, , ,,,Yes,ADS,Waymo LLC, , ,Y, , , , , ,,NOV-2022, ,NOV-2022,16:30, ,439627d9d2569d4,[MAY CONTAIN PERSONALLY IDENTIFIABLE INFORMATION], ,[MAY CONTAIN PERSONALLY IDENTIFIABLE INFORMATION], ,[MAY CONTAIN PERSONALLY IDENTIFIABLE INFORMATION], ,San Francisco, ,CA ,[MAY CONTAIN PERSONALLY IDENTIFIABLE INFORMATION], ,Street,Dry,No Unusual Conditions,25, ,Daylight, , ,Y, , , , , ,,SUV,No Injuries Reported,Yes,Parked,No,No,Y, , , , , , , , , , ,Backing,No,No,Yes,2, , , , , , , , , ,Y, , , , ,Y, ,Y,Y, , ,No,, ,Yes,, ,, ,, ,Yes, ,"Corrected the latitude and longitude. Nothing else was updated.
On November [XXX], 2022 at 4:30 PM PST a Waymo Autonomous Vehicle (Waymo AV) operating in San Francisco, California was in a collision involving a parked SUV near [XXX].
While reversing in manual on a narrow road, the front right radar of the Waymo AV made contact with the taillight of a parked SUV. At the time of the impact, the Waymo AVs Level 4 ADS was not engaged and a test driver was operating the Waymo AV in manual mode. Both vehicles sustained damage.
Transdev Alternative Services is reporting this crash under Request No. 2 of Standing General Order 2021-01. Transdev may supplement or correct its reporting with additional information as it may become available. This report is a duplicate of WaymoLLC-20221103-0 (rev.20221215142403).",
30531-4494,1,Transdev Alternative Services,Monthly,11,2022,DEC-2022,SADHW2S19M1, ,N/A,Jaguar,I-Pace, ,2021, ,3ec8539482cc8b0,35308, ,In-Vehicle (Commercial / Test),5th Generation ADS, , ,, , ,, , ,, , ,,, , ,,,Yes,ADS,Waymo LLC, , ,Y, , , , , ,,NOV-2022, ,NOV-2022,9:34, ,5628c7d47cd45e9,[MAY CONTAIN PERSONALLY IDENTIFIABLE INFORMATION], ,[MAY CONTAIN PERSONALLY IDENTIFIABLE INFORMATION], ,[MAY CONTAIN PERSONALLY IDENTIFIABLE INFORMATION], ,San Francisco, ,CA ,[MAY CONTAIN PERSONALLY IDENTIFIABLE INFORMATION], ,Intersection,Wet,No Unusual Conditions,25, ,Daylight, , , , ,Y, , , ,,Passenger Car,No Injuries Reported,Yes,Crossing into Opposing Lane,Unknown,No, , , , , , , , ,Y, , ,Stopped,No,No,Yes,0, ,Y, , , , , , , , , , , , ,Y, ,Y,Y, , ,No,, ,Yes,, ,, ,, ,Yes, ,"On November [XXX], 2022 at 9:34 AM PST a Waymo Autonomous Vehicle (Waymo AV) operating in San Francisco, California was in a collision involving a passenger car on [XXX] at [XXX].
The Waymo AV was stopped in traffic on northbound [XXX] in autonomous mode. A passenger car that had been stopped behind the Waymo AV passed on the left side, crossing the double yellow line and making contact with the Waymo AVs rear left sensor housing. The passenger car immediately left the scene.
At the time of the impact, the Waymo AVs Level 4 ADS was engaged in autonomous mode, and a test driver was present (in the drivers seating position). The Waymo AV sustained damage.
Transdev Alternative Services is reporting this crash under Request No. 2 of Standing General Order 2021-01. Transdev may supplement or correct its reporting with additional information as it may become available. This is a duplicate of report WaymoLLC-20221108-0 (rev.20221215145119).",
30531-4492,1,Transdev Alternative Services,Monthly,11,2022,DEC-2022,SADHW2S16M1, ,N/A,Jaguar,I-Pace, ,2021, ,5ea534fc5d6467f,21957, ,In-Vehicle (Commercial / Test),5th Generation ADS, , ,, , ,, , ,, , ,,, , ,,,Yes,ADS,Waymo LLC, , ,Y, , , , , ,,NOV-2022, ,NOV-2022,16:30, ,439627d9d2569d4,[MAY CONTAIN PERSONALLY IDENTIFIABLE INFORMATION], ,[MAY CONTAIN PERSONALLY IDENTIFIABLE INFORMATION], ,[MAY CONTAIN PERSONALLY IDENTIFIABLE INFORMATION], ,San Francisco, ,CA ,[MAY CONTAIN PERSONALLY IDENTIFIABLE INFORMATION], ,Street,Dry,No Unusual Conditions,25, ,Daylight, , ,Y, , , , , ,,SUV,No Injuries Reported,Yes,Parked,No,No,Y, , , , , , , , , , ,Backing,No,No,Yes,2, , , , , , , , , ,Y, , , , ,Y, ,Y,Y, , ,No,, ,Yes,, ,, ,, ,Yes, ,"On November [XXX], 2022 at 4:30 PM PST a Waymo Autonomous Vehicle (Waymo AV) operating in San Francisco, California was in a collision involving a parked SUV near [XXX].
While reversing in manual on a narrow road, the front right radar of the Waymo AV made contact with the taillight of a parked SUV. At the time of the impact, the Waymo AVs Level 4 ADS was not engaged and a test driver was operating the Waymo AV in manual mode. Both vehicles sustained damage.
Transdev Alternative Services is reporting this crash under Request No. 2 of Standing General Order 2021-01. Transdev may supplement or correct its reporting with additional information as it may become available. This report is a duplicate of WaymoLLC-20221103-0 (rev.20221215142403).",
30270-4485,1,Waymo LLC,Monthly,11,2022,DEC-2022,SADHW2S19M1, ,N/A,Jaguar,I-Pace, ,2021, ,3ec8539482cc8b0,35308, ,In-Vehicle (Commercial / Test),5th Generation ADS, , ,, , ,, , ,, , ,,, , ,,,Yes,ADS,Waymo LLC, , ,Y, , , , , ,,NOV-2022, ,NOV-2022,09:34, ,5628c7d47cd45e9,[MAY CONTAIN PERSONALLY IDENTIFIABLE INFORMATION], ,[MAY CONTAIN PERSONALLY IDENTIFIABLE INFORMATION], ,[MAY CONTAIN PERSONALLY IDENTIFIABLE INFORMATION], ,San Francisco, ,CA ,[MAY CONTAIN PERSONALLY IDENTIFIABLE INFORMATION], ,Intersection,Wet,No Unusual Conditions,25, ,Daylight, , , , ,Y, , , ,,Passenger Car,No Injuries Reported,Yes,Crossing into Opposing Lane,Unknown,No, , , , , , , , ,Y, , ,Stopped,No,No,Yes,0, ,Y, , , , , , , , , , , , ,Y, ,Y,Y, , ,No,, ,Yes,, ,, ,, ,Yes, ,"On November [XXX], 2022 at 9:34 AM PST a Waymo Autonomous Vehicle (Waymo AV) operating in San Francisco, California was in a collision involving a passenger car on [XXX] at [XXX].
The Waymo AV was stopped in traffic on northbound [XXX] in autonomous mode. A passenger car that had been stopped behind the Waymo AV passed on the left side, crossing the double yellow line and making contact with the Waymo AVs rear left sensor housing. The passenger car immediately left the scene.
At the time of the impact, the Waymo AVs Level 4 ADS was engaged in autonomous mode, and a test driver was present (in the drivers seating position). The Waymo AV sustained damage.
Waymo is reporting this crash under Request No. 2 of Standing General Order 2021-01. Waymo may supplement or correct its reporting with additional information as it may become available.",
30270-4484,1,Waymo LLC,Monthly,11,2022,DEC-2022,SADHW2S10M1, ,N/A,Jaguar,I-Pace, ,2021, ,751464043310771,33978, ,None,5th Generation ADS, , ,, , ,, , ,, , ,,, , ,,,Yes,ADS,Waymo LLC, , ,Y, , , , , ,,NOV-2022, ,NOV-2022,08:48, ,420fb566c542133,[MAY CONTAIN PERSONALLY IDENTIFIABLE INFORMATION], ,[MAY CONTAIN PERSONALLY IDENTIFIABLE INFORMATION], ,[MAY CONTAIN PERSONALLY IDENTIFIABLE INFORMATION], ,Phoenix, ,AZ ,[MAY CONTAIN PERSONALLY IDENTIFIABLE INFORMATION], ,Street,Dry,No Unusual Conditions,25, ,Daylight,Y, , , , , , , ,,Heavy Truck,No Injuries Reported,Yes,Proceeding Straight,No,No, , ,Y, , , , , , , , ,Stopped,No,No,No Passengers in Vehicle,0, ,Y, , , , , , , , , , , , ,Y, ,Y,Y, , ,Yes,AZ Department of Safety: Mountain View Precinct, ,Yes,[MAY CONTAIN PERSONALLY IDENTIFIABLE INFORMATION], ,,Y,,Y,Yes, ,"On November [XXX], 2022 at 8:48 AM PST a Waymo Autonomous Vehicle (Waymo AV) operating in Phoenix, Arizona was in a collision involving a garbage truck on the 500 block of [XXX].
The Waymo AV was traveling eastbound on [XXX] when it encountered a stopped garbage truck traveling westbound. The Waymo AV pulled to the right side of the street and stopped, unable to proceed past the garbage truck and an SUV parked parallel to the curb. The garbage truck then attempted to pass between the Waymo AV and a parked passenger vehicle to the right of the garbage truck, and the garbage truck made contact with the left rear corner of the Waymo AV. At the time of the impact, the Waymo AVs Level 4 ADS was engaged in autonomous mode and the Waymo AV was stationary. The Waymo AV sustained damage.
Waymo is reporting this crash under Request No. 2 of Standing General Order 2021-01. Waymo may supplement or correct its reporting with additional information as it may become available.",
30270-4482,1,Waymo LLC,Monthly,11,2022,DEC-2022,SADHW2S16M1, ,N/A,Jaguar,I-Pace, ,2021, ,5ea534fc5d6467f,21957, ,In-Vehicle and Remote (Commercial / Test),5th Generation ADS, , ,, , ,, , ,, , ,,, , ,,,Yes,ADS,Waymo LLC, , ,Y, , , , , ,,NOV-2022, ,NOV-2022,16:30, ,439627d9d2569d4,[MAY CONTAIN PERSONALLY IDENTIFIABLE INFORMATION], ,[MAY CONTAIN PERSONALLY IDENTIFIABLE INFORMATION], ,[MAY CONTAIN PERSONALLY IDENTIFIABLE INFORMATION], ,San Francisco, ,CA ,[MAY CONTAIN PERSONALLY IDENTIFIABLE INFORMATION], ,Street,Dry,No Unusual Conditions,25, ,Daylight, , ,Y, , , , , ,,SUV,No Injuries Reported,Yes,Parked,No,No,Y, , , , , , , , , , ,Backing,No,No,Yes,2, , , , , , , , , ,Y, , , , ,Y, ,Y,Y, , ,No,, ,Yes,, ,, ,, ,Yes, ,"On November [XXX], 2022 at 4:30 PM PST a Waymo Autonomous Vehicle (Waymo AV) operating in San Francisco, California was in a collision involving a parked SUV near [XXX].
While reversing in manual on a narrow road, the front right radar of the Waymo AV made contact with the taillight of a parked SUV. At the time of the impact, the Waymo AVs Level 4 ADS was not engaged and a test driver was operating the Waymo AV in manual mode. Both vehicles sustained damage.
Waymo is reporting this crash under Request No. 2 of Standing General Order 2021-01. Waymo may supplement or correct its reporting with additional information as it may become available.",