Report ID,Report Version,Reporting Entity,Report Type,Report Month,Report Year,Report Submission Date,VIN,VIN - Unknown,Serial Number,Make,Model,Model - Unknown,Model Year,Model Year - Unknown,Same Vehicle ID,Mileage,Mileage - Unknown,Driver / Operator Type,ADAS/ADS System Version,ADAS/ADS System Version - Unk,ADAS/ADS System Version CBI,ADAS/ADS Hardware Version,ADAS/ADS Hardware Version - Unk,ADAS/ADS Hardware Version CBI,ADAS/ADS Software Version,ADAS/ADS Software Version - Unk,ADAS/ADS Software Version CBI,Other Reporting Entities?,Other Reporting Entities? - Unk,Other Reporting Entities? - NA,Federal Regulatory Exemption?,Other Federal Reg. Exemption,Federal Reg. Exemption - Unk,Federal Reg. Exemption - No,State or Local Permit?,State or Local Permit,ADS Equipped?,Automation System Engaged?,Operating Entity,Operating Entity - Unknown,Source - Complaint/Claim,Source - Telematics,Source - Law Enforcement,Source - Field Report,Source - Testing,Source - Media,Source - Other,Source - Other Text,Incident Date,Incident Date - Unknown,Notice Received Date,Incident Time (24:00),Incident Time - Unknown,Same Incident ID,Latitude,Latitude - Unknown,Longitude,Longitude - Unknown,Address,Address - Unknown,City,City - Unknown,State,Zip Code,Zip Code - Unknown,Roadway Type,Roadway Surface,Roadway Description,Posted Speed Limit (MPH),Posted Speed Limit - Unknown,Lighting,Weather - Clear,Weather - Snow,Weather - Cloudy,Weather - Fog/Smoke,Weather - Rain,Weather - Severe Wind,Weather - Unknown,Weather - Other,Weather - Other Text,Crash With,Highest Injury Severity Alleged,Property Damage?,CP Pre-Crash Movement,CP Any Air Bags Deployed?,CP Was Vehicle Towed?,CP Contact Area - Rear Left,CP Contact Area - Left,CP Contact Area - Front Left,CP Contact Area - Rear,CP Contact Area - Top,CP Contact Area - Front,CP Contact Area - Rear Right,CP Contact Area - Right,CP Contact Area - Front Right,CP Contact Area - Bottom,CP Contact Area - Unknown,SV Pre-Crash Movement,SV Any Air Bags Deployed?,SV Was Vehicle Towed?,SV Were All Passengers Belted?,SV Precrash Speed (MPH),SV Pre-crash Speed - Unknown,SV Contact Area - Rear Left,SV Contact Area - Left,SV Contact Area - Front Left,SV Contact Area - Rear,SV Contact Area - Top,SV Contact Area - Front,SV Contact Area - Rear Right,SV Contact Area - Right,SV Contact Area - Front Right,SV Contact Area - Bottom,SV Contact Area - Unknown,Data Availability - EDR,Data Availability - Police Rpt,Data Availability - Telematics,Data Availability - Complaints,Data Availability - Video,Data Availability - Other,Data Availability - No Data,Data Availability - Unknown,Law Enforcement Investigating?,Investigating Agency,Investigating Agency - Unknown,Rep Ent Or Mfr Investigating?,Investigating Officer Name,Inv. Officer Name - Unknown,Investigating Officer Phone,Inv. Officer Phone - Unknown,Investigating Officer Email,Inv. Officer Email - Unknown,Within ODD?,Within ODD? - CBI,Narrative,Narrative - CBI?
30270-3435,1,Waymo LLC,Monthly,6,2022,JUL-2022,SADHW2S12M1, ,N/A,Jaguar,I-Pace, ,2021, ,400295965fa177c,18090, ,In-Vehicle (Commercial / Test),5th Generation ADS, , ,, , ,, , ,, , ,,, , ,,,Yes,ADS,Waymo LLC, , ,Y, , , , , ,,JUN-2022, ,JUN-2022,07:26, ,9c542b98eb35e88,[MAY CONTAIN PERSONALLY IDENTIFIABLE INFORMATION], ,[MAY CONTAIN PERSONALLY IDENTIFIABLE INFORMATION], ,[MAY CONTAIN PERSONALLY IDENTIFIABLE INFORMATION], ,San Francisco, ,CA ,[MAY CONTAIN PERSONALLY IDENTIFIABLE INFORMATION], ,Intersection,Dry,No Unusual Conditions,25, ,Daylight,Y, , , , , , , ,,Pickup Truck,No Injuries Reported,Yes,Proceeding Straight,No,No, , ,Y, , ,Y, , ,Y, , ,Stopped,No,No,Yes,0, ,Y, , ,Y, , ,Y, , , , , , ,Y, ,Y,Y, , ,No,, ,Yes,, ,, ,, ,Yes, ,"On June [XXX], 2022 at 7:26 AM PST a Waymo Autonomous Vehicle (Waymo AV) operating in San Francisco, California was in a collision involving a pickup on [XXX] at [XXX].
While the Waymo AV was stopped at a red light on eastbound [XXX], a pickup that had previously been stopped behind the Waymo AV rolled forward and made contact with the rear of the Waymo AV. At the time of the impact, the Waymo AVs Level 4 ADS was engaged in autonomous mode, and a test driver was present (in the drivers seating position). The Waymo AV sustained minor damage.
Waymo is reporting this crash under Request No. 2 of Standing General Order 2021-01. Waymo may supplement or correct its reporting with additional information as it may become available. This report was submitted from the Eastern time zone on the required date.",
30610-3215,1,"Zoox, Inc.",Monthly,7,2022,JUL-2022,5TDDCRFH4GS, ,N/A,Toyota,Highlander, ,2016, ,31b1818df0c9fce,91466, ,In-Vehicle (Commercial / Test),98.22.06.11, , ,, , ,, , ,, , ,,, , ,,,Yes,ADS,Zoox, , , , , ,Y, , ,,JUN-2022, ,JUN-2022,10:45, ,b26a8024c824bb2,[MAY CONTAIN PERSONALLY IDENTIFIABLE INFORMATION], ,[MAY CONTAIN PERSONALLY IDENTIFIABLE INFORMATION], ,[MAY CONTAIN PERSONALLY IDENTIFIABLE INFORMATION], ,San Mateo, ,CA ,[MAY CONTAIN PERSONALLY IDENTIFIABLE INFORMATION], ,Street,Dry,No Unusual Conditions,25, ,Daylight,Y, , , , , , , ,,SUV,Unknown,Yes,Passing,Unknown,Unknown, , , , , , , , , , ,Y,Parking Maneuver,No,No,Yes,6, , , ,Y, , , , , , , , ,Y, ,Y, ,Y, , , ,No,, ,No,, ,, ,, ,Yes, ,"A Zoox vehicle was in autonomy exiting a parking space on [XXX] between [XXX]. and [XXX]. in San Mateo, CA, with a second vehicle stopped in the lane with its right turn indicator on, when a third vehicle overtook the second vehicle and cut in abruptly from the left, making contact with the front left side and sensors of the Zoox vehicle as it was exiting the space. The Zoox operator disengaged to manual mode just before the contact.",
30270-3324,2,Waymo LLC,10-Day Update,,,JUL-2022,SADHW2S11M1, ,N/A,Jaguar,I-Pace, ,2021, ,cc4cb8a51705cf4,28219, ,In-Vehicle (Commercial / Test),5th Generation ADS, , ,, , ,, , ,, , ,,, , ,,,Yes,ADS,Waymo LLC, , ,Y, , , , , ,,JUL-2022, ,JUL-2022,00:57, ,8e4843d23827b9b,[MAY CONTAIN PERSONALLY IDENTIFIABLE INFORMATION], ,[MAY CONTAIN PERSONALLY IDENTIFIABLE INFORMATION], ,[MAY CONTAIN PERSONALLY IDENTIFIABLE INFORMATION], ,Tempe, ,AZ ,[MAY CONTAIN PERSONALLY IDENTIFIABLE INFORMATION], ,Street,Dry,No Unusual Conditions,45, ,Dark - Lighted,Y, , , , , , , ,,"Other, see Narrative",Unknown,Yes,"Other, see Narrative",Not Applicable,Not Applicable, , , , , , , , , , ,Y,Stopped,No,Yes,Yes,0, , , , , ,Y, , , , , , , , ,Y, ,Y,Y, , ,Yes,Tempe Police Department, ,Yes,[MAY CONTAIN PERSONALLY IDENTIFIABLE INFORMATION], ,,Y,[MAY CONTAIN PERSONALLY IDENTIFIABLE INFORMATION], ,Yes, ,"The content of this report is unchanged from the initial report submitted on July [XXX] 2022 [REDACTED, MAY CONTAIN CONFIDENTIAL BUSINESS INFORMATION]. 
On July [XXX], 2022 at 12:57 AM PST a Waymo Autonomous Vehicle (""Waymo AV"") was traveling eastbound on [XXX] in autonomous mode when a pedestrian entered the roadway from the center median. The test driver then disengaged autonomous mode and braked to a stop as the pedestrian began to run toward the Waymo AV. The pedestrian stood in front of the vehicle, then jumped onto the hood of the Waymo AV and used their body to break the Waymo AV's windshield. The pedestrian was apprehended soon after by nearby police. The Waymo AV test driver was not physically injured but was taken to a nearby hospital out of an abundance of caution. The Waymo AV sustained major damage to its windshield.
Waymo is reporting this event to ensure official notification to the agency of a notable event. Waymo may supplement or correct its reporting with additional information as it may become available.",
30270-3323,2,Waymo LLC,10-Day Update,,,JUL-2022,SADHW2S15M1, ,N/A,Jaguar,I-Pace, ,2021, ,e801f0c281cadd6,23192, ,In-Vehicle (Commercial / Test),5th Generation ADS, , ,, , ,, , ,, , ,,, , ,,,Yes,ADS,Waymo LLC, , ,Y, , , , , ,,JUL-2022, ,JUL-2022,15:26, ,0899b0a38f084ba,[MAY CONTAIN PERSONALLY IDENTIFIABLE INFORMATION], ,[MAY CONTAIN PERSONALLY IDENTIFIABLE INFORMATION], ,[MAY CONTAIN PERSONALLY IDENTIFIABLE INFORMATION], ,San Francisco, ,CA ,[MAY CONTAIN PERSONALLY IDENTIFIABLE INFORMATION], ,Intersection,Dry,No Unusual Conditions,25, ,Daylight,Y, , , , , , , ,,Passenger Car,No Injuries Reported,Yes,Proceeding Straight,No,No, , ,Y, , ,Y, , ,Y, , ,Proceeding Straight,No,Yes,Yes,3, , , , ,Y, , ,Y, , , , , , ,Y, ,Y,Y, , ,No,, ,Yes,, ,, ,, ,Yes, ,"The content of this report is unchanged from the initial report submitted on July [XXX], 2022 [REDACTED, MAY CONTAIN CONFIDENTIAL BUSINESS INFORMATION]. 
On July [XXX], 2022 at 3:26 PM PST a Waymo Autonomous Vehicle (Waymo AV) operating in San Francisco, CA was in a collision involving a passenger vehicle on [XXX] at [XXX]. 
The Waymo AV was traveling westbound on [XXX] when it detected a siren from a nearby emergency vehicle. As the Waymo AV slowed, a passenger vehicle made contact with the rear of the Waymo AV. At the time of the impact, the Waymo AVs Level 4 ADS was engaged in autonomous mode, and a test driver was present (in the drivers seating position). Both vehicles sustained damage.
Waymo is reporting this crash under Request No. 1 of Standing General Order 2021-01 because a vehicle involved was towed away. Waymo may supplement or correct its reporting with additional information as it may become available. This report was submitted from the Eastern time zone on the required date.",
30590-3431,1,Apple Inc.,Monthly,6,2022,JUL-2022,2T2BGMCAXGC, ,N/A,Lexus,RX 450h, ,2016, ,f2b11b05513e165,39990, ,In-Vehicle (Commercial / Test),"[REDACTED, MAY CONTAIN CONFIDENTIAL BUSINESS INFORMATION]", ,Y,, , ,, , ,, , ,,, , ,,,Yes,ADS,Apple Inc., , , , , ,Y, , ,,JUN-2022, ,JUN-2022,15:15, ,3c16270cbee19db,[MAY CONTAIN PERSONALLY IDENTIFIABLE INFORMATION], ,[MAY CONTAIN PERSONALLY IDENTIFIABLE INFORMATION], ,[MAY CONTAIN PERSONALLY IDENTIFIABLE INFORMATION], ,Mountain View, ,CA ,[MAY CONTAIN PERSONALLY IDENTIFIABLE INFORMATION], ,Intersection,Dry,No Unusual Conditions,25, ,Daylight,Y, , , , , , , ,,Passenger Car,No Injuries Reported,Yes,Making Right Turn,No,No, , , , , ,Y, , , , , ,Making Right Turn,No,No,Yes,0, , , , ,Y, , , , , , , , , ,Y, ,Y,Y, , ,No,, ,Yes,, ,, ,, ,Yes, ,"Subject vehicle was on a testing mission in Mountain View, CA.  The vehicle was traveling North-bound on [XXX] operated by the vehicle's Level 4 Automated Driving System and supervised by a safety driver in the driver's designated seating position, and with a safety operator in the front passenger seating position.  Subject vehicle approached a red light to make a right turn East-bound onto [XXX].  The safety operator suggested that the safety driver disengage the ADS and make the turn in manual mode because the vehicle was hesitant in approaching the intersection. The safety driver disengaged the ADS, and, approximately 250ms later, subject vehicle was lightly struck from behind by a white Mazda3.  Having seen debris on the roadway, the driver and operator believed they had run over a rock and did not realize they were hit by the vehicle. After concluding the mission, the driver and operator found damage to a sensor during an inspection.  A subsequent review of video led to discovery of the crash.  No injuries were reported, and law enforcement was not called to the scene.  
In addition to telematics and video, we also have photographs of the vehicle's damaged sensor.",
30290-3347,1,Argo AI,Monthly,6,2022,JUL-2022,1FMCU0DZ2LU, ,N/A,Ford,Escape, ,2020, ,6e5207a28036baf,1949, ,In-Vehicle (Commercial / Test),"[REDACTED, MAY CONTAIN CONFIDENTIAL BUSINESS INFORMATION]", ,Y,, , ,, , ,, , ,,, , ,,,Yes,ADS,Argo AI, , , , ,Y,Y, , ,,JUN-2022, ,JUN-2022,13:30, ,80fa8ac15954395,[MAY CONTAIN PERSONALLY IDENTIFIABLE INFORMATION], ,[MAY CONTAIN PERSONALLY IDENTIFIABLE INFORMATION], ,[MAY CONTAIN PERSONALLY IDENTIFIABLE INFORMATION], ,Pittsburgh, ,PA ,[MAY CONTAIN PERSONALLY IDENTIFIABLE INFORMATION], ,Intersection,Dry,No Unusual Conditions,25, ,Daylight,Y, , , , , , , ,,SUV,No Injuries Reported,Yes,Backing,No,No, , , ,Y, , , , , , , ,Stopped,No,No,Yes,0, , , , , , ,Y, , , , , , , , , ,Y,Y, , ,No,, ,Yes,, ,, ,, ,"[REDACTED, MAY CONTAIN CONFIDENTIAL BUSINESS INFORMATION]",Y,"An Argo AI Autonomous Vehicle (""Argo AV"") was impacted in the front while traveling east on [REDACTED, MAY CONTAIN CONFIDENTIAL BUSINESS INFORMATION]. The Argo AV came to a complete stop at the red traffic light. While the traffic light remained red, the vehicle directly in front of the Argo AV, stopped for the same traffic light, rolled backwards (no reverse lights were illuminated), failed to stop, and contacted the Argo's front bumper, then fled the scene when the traffic light turned green. The safety driver disengaged the ADS and honked the horn multiple times prior to the impact. [REDACTED, MAY CONTAIN CONFIDENTIAL BUSINESS INFORMATION] 
""Other"" data availability: test vehicle data.",Y
30290-3346,1,Argo AI,Monthly,6,2022,JUL-2022,1FMCU0DZ9LU, ,N/A,Ford,Escape, ,2020, ,d9867f090c65889,2034, ,In-Vehicle (Commercial / Test),"[REDACTED, MAY CONTAIN CONFIDENTIAL BUSINESS INFORMATION]", ,Y,, , ,, , ,, , ,,, , ,,,Yes,ADS,Argo AI, , , , ,Y,Y, , ,,JUN-2022, ,JUN-2022,14:48, ,e4608ed0f7e2519,[MAY CONTAIN PERSONALLY IDENTIFIABLE INFORMATION], ,[MAY CONTAIN PERSONALLY IDENTIFIABLE INFORMATION], ,[MAY CONTAIN PERSONALLY IDENTIFIABLE INFORMATION], ,Miami, ,FL ,[MAY CONTAIN PERSONALLY IDENTIFIABLE INFORMATION], ,Street,Wet,No Unusual Conditions,30, ,Daylight, , , , ,Y, , , ,,Passenger Car,No Injuries Reported,Yes,Making Right Turn,No,No, , , , , ,Y, , , , , ,Making Right Turn,No,No,Yes,1, , , , ,Y, , , , , , , , , , , ,Y,Y, , ,Yes,Miami Police Department, ,Yes,,Y,,Y,,Y,"[REDACTED, MAY CONTAIN CONFIDENTIAL BUSINESS INFORMATION]",Y,"An Argo AI Autonomous Vehicle (""Argo AV"") was impacted in the rear while traveling north on [REDACTED, MAY CONTAIN CONFIDENTIAL BUSINESS INFORMATION]. The Argo AV came to a complete stop at the red traffic light. While the traffic light remained red (turns on red are permitted at this intersection), the Argo AV pulled forward to view cross traffic. The vehicle directly behind the Argo AV failed to fully stop and contacted the Argo AV's rear bumper. [REDACTED, MAY CONTAIN CONFIDENTIAL BUSINESS INFORMATION] 
""Other"" data availability: test vehicle data.",Y
30610-3320,1,"Zoox, Inc.",Monthly,7,2022,JUL-2022,5TDDCRFH1GS, ,N/A,Toyota,Highlander, ,2016, ,01adc56fe1fe783,91060, ,In-Vehicle (Commercial / Test),105.2022.06.28, , ,, , ,, , ,, , ,,, , ,,,Yes,ADS,Zoox Inc., , ,Y, ,Y,Y, , ,,JUN-2022, ,JUN-2022,14:36, ,898ecff58636c86,[MAY CONTAIN PERSONALLY IDENTIFIABLE INFORMATION], ,[MAY CONTAIN PERSONALLY IDENTIFIABLE INFORMATION], ,[MAY CONTAIN PERSONALLY IDENTIFIABLE INFORMATION], ,San Francisco, ,CA ,[MAY CONTAIN PERSONALLY IDENTIFIABLE INFORMATION], ,Street,Dry,No Unusual Conditions,25, ,Daylight,Y, , , , , , , ,,Passenger Car,No Injuries Reported,Yes,Stopped,No,No, , , , , , , ,Y, , , ,Proceeding Straight,No,No,Yes,25, , ,Y, , , , , , , , , , , ,Y, ,Y, , , ,No,, ,No,, ,, ,, ,Yes, ,"A Zoox vehicle in manual mode was proceeding straight and in its lane on [XXX] in San Francisco, when an occupant of a parallel parked car abruptly opened a rear door into the side of the Zoox vehicle, causing minor damage to both vehicles. The Zoox vehicle had disengaged for unrelated traffic within 30 seconds of the contact. There were no injuries and the police were not called.",
30531-3342,1,Transdev Alternative Services,1-Day,,,JUL-2022,SADHW2S1XM1, ,N/A,Jaguar,I-Pace, ,2021, ,61c27e449091005,11919, ,In-Vehicle (Commercial / Test),5th Generation ADS, , ,, , ,, , ,, , ,,, , ,,,Yes,ADS,Waymo LLC, , ,Y, , , , , ,,JUL-2022, ,JUL-2022,9:04, ,b9b7ee2401f7557,[MAY CONTAIN PERSONALLY IDENTIFIABLE INFORMATION], ,[MAY CONTAIN PERSONALLY IDENTIFIABLE INFORMATION], ,[MAY CONTAIN PERSONALLY IDENTIFIABLE INFORMATION], ,Phoenix, ,AZ ,[MAY CONTAIN PERSONALLY IDENTIFIABLE INFORMATION], ,Intersection,Dry,No Unusual Conditions,35, ,Daylight,Y, , , , , , , ,,Passenger Car,Minor,Yes,Proceeding Straight,Unknown,Unknown, , ,Y, , ,Y, , ,Y, , ,Making Left Turn,No,Yes,Yes,13, ,Y, , ,Y, , ,Y, , , , , , ,Y, ,Y,Y, , ,Yes,Phoenix Police Department, ,Yes,[MAY CONTAIN PERSONALLY IDENTIFIABLE INFORMATION], ,[MAY CONTAIN PERSONALLY IDENTIFIABLE INFORMATION], ,,Y,Yes, ,"On July [XXX], 2022 at 9:04 AM PST a Waymo Autonomous Vehicle (Waymo AV) operating in Phoenix, Arizona was in a collision involving a passenger vehicle on [XXX] and [XXX].
The Waymo AV was traveling southbound on [XXX] in autonomous mode and turning left onto eastbound [XXX]. As the Waymo AV initiated the left turn, a passenger vehicle that had been following the Waymo AV made contact with the rear of the Waymo AV. At the time of the impact, the Waymo AVs Level 4 ADS was engaged in autonomous mode, and a test driver was present (in the drivers seating position). Both vehicles sustained damage.
Transdev Alternative Services is reporting this crash under Request No. 1 of Standing General Order 2021-01 because a vehicle involved was towed away and the Waymo AV test driver reported minor injuries. Transdev may supplement or correct its reporting with additional information as it may become available. This report is a duplicate of WaymoLLC-[XXX].",
540-3283,2,"General Motors, LLC",10-Day Update,,,JUL-2022,5G21A6P04L4, ,N/A,Cruise,AV, ,2020, ,7c5cce40a8c4c2d,26404, ,In-Vehicle and Remote (Commercial / Test),,Y, ,, , ,, , ,, , ,,, , ,,,Yes,ADS,Cruise LLC, , ,Y, ,Y,Y, , ,,JUN-2022, ,JUN-2022,10:49, ,1a8f11b1e58e6e7,[MAY CONTAIN PERSONALLY IDENTIFIABLE INFORMATION], ,[MAY CONTAIN PERSONALLY IDENTIFIABLE INFORMATION], ,[MAY CONTAIN PERSONALLY IDENTIFIABLE INFORMATION], ,San Francisco, ,CA ,[MAY CONTAIN PERSONALLY IDENTIFIABLE INFORMATION], ,Street,Dry,No Unusual Conditions,25, ,Daylight,Y, , , , , , , ,,Non-Motorist: Cyclist,Minor,Yes,Proceeding Straight,,, , , , , , , , , , , ,Proceeding Straight,No,No,Yes,19, ,Y, , , , , , , , , , ,Y, ,Y,Y,Y,Y, , ,No,, ,Yes,, ,, ,, ,"Unknown, see Narrative", ,"On July [XXX], 2022, GM Cruise Holdings LLC (""Cruise"") filed an update to an Incident Report (the ""Report"") under the Standing General Order 2021-01 dated June 29, 2021 (the ""Order""). General Motors LLC (GM) manufactured the Cruise-operated motor vehicle involved in the incident summarized in the Incident Report. Because GM is also a Reporting Entity under the Order, GM is submitting a duplicate of the redacted public copy of the Report. GM has selected ""Unknown"" in the ""ADS version"" and ""ODD time"" fields solely to avoid a second submission of nonpublic Cruise CBI GM is in possession of Cruise's responses to these fields, and incorporates Cruise's responses into this submission by reference. GM's submission is based on facts supplied to GM by Cruise. GM has not investigated the alleged incident and currently believes, based on a reasonable inquiry, that it has no independent knowledge of the facts in the Report. (Reference file: 30412-3281-2)",
30270-3338,1,Waymo LLC,1-Day,,,JUL-2022,SADHW2S1XM1, ,N/A,Jaguar,I-Pace, ,2021, ,61c27e449091005,11919, ,In-Vehicle (Commercial / Test),5th Generation ADS, , ,, , ,, , ,, , ,,, , ,,,Yes,ADS,Waymo LLC, , ,Y, , , , , ,,JUL-2022, ,JUL-2022,09:04, ,b9b7ee2401f7557,[MAY CONTAIN PERSONALLY IDENTIFIABLE INFORMATION], ,[MAY CONTAIN PERSONALLY IDENTIFIABLE INFORMATION], ,[MAY CONTAIN PERSONALLY IDENTIFIABLE INFORMATION], ,Phoenix, ,AZ ,[MAY CONTAIN PERSONALLY IDENTIFIABLE INFORMATION], ,Intersection,Dry,No Unusual Conditions,35, ,Daylight,Y, , , , , , , ,,Passenger Car,Minor,Yes,Proceeding Straight,Unknown,Unknown, , ,Y, , ,Y, , ,Y, , ,Making Left Turn,No,Yes,Yes,13, ,Y, , ,Y, , ,Y, , , , , , ,Y, ,Y,Y, , ,Yes,Phoenix Police Department, ,Yes,[MAY CONTAIN PERSONALLY IDENTIFIABLE INFORMATION], ,[MAY CONTAIN PERSONALLY IDENTIFIABLE INFORMATION], ,,Y,Yes, ,"On July [XXX], 2022 at 9:04 AM PST a Waymo Autonomous Vehicle (Waymo AV) operating in Phoenix, Arizona was in a collision involving a passenger vehicle on [XXX] and [XXX].
The Waymo AV was traveling southbound on [XXX] in autonomous mode and turning left onto eastbound [XXX]. As the Waymo AV initiated the left turn, a passenger vehicle that had been following the Waymo AV made contact with the rear of the Waymo AV. At the time of the impact, the Waymo AVs Level 4 ADS was engaged in autonomous mode, and a test driver was present (in the drivers seating position). Both vehicles sustained damage.
Waymo is reporting this crash under Request No. 1 of Standing General Order 2021-01 because a vehicle involved was towed away and the Waymo AV test driver reported minor injuries. Waymo may supplement or correct its reporting with additional information as it may become available. This report was submitted from the Pacific time zone on the required date.",
30412-3281,2,Cruise LLC,10-Day Update,,,JUL-2022,5G21A6P04L4, ,N/A,Cruise,AV, ,2020, ,7c5cce40a8c4c2d,26404, ,In-Vehicle and Remote (Commercial / Test),"[REDACTED, MAY CONTAIN CONFIDENTIAL BUSINESS INFORMATION]", ,Y,, , ,, , ,, , ,,, , ,,,Yes,ADS,Cruise LLC, , ,Y, ,Y,Y, , ,,JUN-2022, ,JUN-2022,10:49, ,1a8f11b1e58e6e7,[MAY CONTAIN PERSONALLY IDENTIFIABLE INFORMATION], ,[MAY CONTAIN PERSONALLY IDENTIFIABLE INFORMATION], ,[MAY CONTAIN PERSONALLY IDENTIFIABLE INFORMATION], ,San Francisco, ,CA ,[MAY CONTAIN PERSONALLY IDENTIFIABLE INFORMATION], ,Street,Dry,No Unusual Conditions,25, ,Daylight,Y, , , , , , , ,,Non-Motorist: Cyclist,Minor,Yes,Proceeding Straight,,, , , , , , , , , , , ,Proceeding Straight,No,No,Yes,19, ,Y, , , , , , , , , , ,Y, ,Y,Y,Y,Y, , ,No,, ,Yes,, ,, ,, ,"[REDACTED, MAY CONTAIN CONFIDENTIAL BUSINESS INFORMATION]",Y,"There are no updates related to this incident since the original submission on June [XXX], 2022. Cruise autonomous vehicle (""Cruise AV""), operating in supervised autonomous mode, was traveling eastbound on [XXX] between [XXX] and [XXX]. Following the intersection of [XXX] mid-block, while engaged in autonomous mode, a vehicle in an angled parking space on the right backed out into the same lane as the oncoming Cruise AV. The AV operator disengaged from autonomous into manual mode, and pulled to the left to avoid the vehicle backing up. At this time, contact by a cyclist was made at the rear driver side bumper of the Cruise AV. There were no reported injuries or damages at the scene by either party and police were not called. The following day on [XXX], the cyclist claimed damages and injuries related to the event. [REDACTED, MAY CONTAIN CONFIDENTIAL BUSINESS INFORMATION]",Y
30270-3324,1,Waymo LLC,1-Day,,,JUL-2022,SADHW2S11M1, ,N/A,Jaguar,I-Pace, ,2021, ,cc4cb8a51705cf4,28219, ,In-Vehicle (Commercial / Test),5th Generation ADS, , ,, , ,, , ,, , ,,, , ,,,Yes,ADS,Waymo LLC, , ,Y, , , , , ,,JUL-2022, ,JUL-2022,00:57, ,8e4843d23827b9b,[MAY CONTAIN PERSONALLY IDENTIFIABLE INFORMATION], ,[MAY CONTAIN PERSONALLY IDENTIFIABLE INFORMATION], ,[MAY CONTAIN PERSONALLY IDENTIFIABLE INFORMATION], ,Tempe, ,AZ ,[MAY CONTAIN PERSONALLY IDENTIFIABLE INFORMATION], ,Street,Dry,No Unusual Conditions,45, ,Dark - Lighted,Y, , , , , , , ,,"Other, see Narrative",Unknown,Yes,"Other, see Narrative",Not Applicable,Not Applicable, , , , , , , , , , ,Y,Stopped,No,Yes,Yes,0, , , , , ,Y, , , , , , , , ,Y, ,Y,Y, , ,Yes,Tempe Police Department, ,Yes,[MAY CONTAIN PERSONALLY IDENTIFIABLE INFORMATION], ,,Y,[MAY CONTAIN PERSONALLY IDENTIFIABLE INFORMATION], ,Yes, ," On July [XXX], 2022 at 12:57 AM PST a Waymo Autonomous Vehicle (Waymo AV) was traveling eastbound on [XXX] in autonomous mode when a pedestrian entered the roadway from the center median. The test driver then disengaged autonomous mode and braked to a stop as the pedestrian began to run toward the Waymo AV. The pedestrian stood in front of the vehicle, then jumped onto the hood of the Waymo AV and used their body to break the Waymo AVs windshield. The pedestrian was apprehended soon after by nearby police. The Waymo AV test driver was not physically injured but was taken to a nearby hospital out of an abundance of caution. The Waymo AV sustained major damage to its windshield.
Waymo is reporting this event to ensure official notification to the agency of a notable event. Waymo may supplement or correct its reporting with additional information as it may become available.",
30270-3323,1,Waymo LLC,1-Day,,,JUL-2022,SADHW2S15M1, ,N/A,Jaguar,I-Pace, ,2021, ,e801f0c281cadd6,23192, ,In-Vehicle (Commercial / Test),5th Generation ADS, , ,, , ,, , ,, , ,,, , ,,,Yes,ADS,Waymo LLC, , ,Y, , , , , ,,JUL-2022, ,JUL-2022,15:26, ,0899b0a38f084ba,[MAY CONTAIN PERSONALLY IDENTIFIABLE INFORMATION], ,[MAY CONTAIN PERSONALLY IDENTIFIABLE INFORMATION], ,[MAY CONTAIN PERSONALLY IDENTIFIABLE INFORMATION], ,San Francisco, ,CA ,[MAY CONTAIN PERSONALLY IDENTIFIABLE INFORMATION], ,Intersection,Dry,No Unusual Conditions,25, ,Daylight,Y, , , , , , , ,,Passenger Car,No Injuries Reported,Yes,Proceeding Straight,No,No, , ,Y, , ,Y, , ,Y, , ,Proceeding Straight,No,Yes,Yes,3, , , , ,Y, , ,Y, , , , , , ,Y, ,Y,Y, , ,No,, ,Yes,, ,, ,, ,Yes, ," On July [XXX], 2022 at 3:26 PM PST a Waymo Autonomous Vehicle (Waymo AV) operating in San Francisco, CA was in a collision involving a passenger vehicle on [XXX]at [XXX]. 
The Waymo AV was traveling westbound on [XXX] 
 when it detected a siren from a nearby emergency vehicle. As the Waymo AV slowed, a passenger vehicle made contact with the rear of the Waymo AV. At the time of the impact, the Waymo AVs Level 4 ADS was engaged in autonomous mode, and a test driver was present (in the drivers seating position). Both vehicles sustained damage.
Waymo is reporting this crash under Request No. 1 of Standing General Order 2021-01 because a vehicle involved was towed away. Waymo may supplement or correct its reporting with additional information as it may become available. This report was submitted from the Eastern time zone on the required date.",