Report ID,Report Version,Reporting Entity,Report Type,Report Month,Report Year,Report Submission Date,VIN,VIN - Unknown,Serial Number,Make,Model,Model - Unknown,Model Year,Model Year - Unknown,Same Vehicle ID,Mileage,Mileage - Unknown,Driver / Operator Type,ADAS/ADS System Version,ADAS/ADS System Version - Unk,ADAS/ADS System Version CBI,ADAS/ADS Hardware Version,ADAS/ADS Hardware Version - Unk,ADAS/ADS Hardware Version CBI,ADAS/ADS Software Version,ADAS/ADS Software Version - Unk,ADAS/ADS Software Version CBI,Other Reporting Entities?,Other Reporting Entities? - Unk,Other Reporting Entities? - NA,Federal Regulatory Exemption?,Other Federal Reg. Exemption,Federal Reg. Exemption - Unk,Federal Reg. Exemption - No,State or Local Permit?,State or Local Permit,ADS Equipped?,Automation System Engaged?,Operating Entity,Operating Entity - Unknown,Source - Complaint/Claim,Source - Telematics,Source - Law Enforcement,Source - Field Report,Source - Testing,Source - Media,Source - Other,Source - Other Text,Incident Date,Incident Date - Unknown,Notice Received Date,Incident Time (24:00),Incident Time - Unknown,Same Incident ID,Latitude,Latitude - Unknown,Longitude,Longitude - Unknown,Address,Address - Unknown,City,City - Unknown,State,Zip Code,Zip Code - Unknown,Roadway Type,Roadway Surface,Roadway Description,Posted Speed Limit (MPH),Posted Speed Limit - Unknown,Lighting,Weather - Clear,Weather - Snow,Weather - Cloudy,Weather - Fog/Smoke,Weather - Rain,Weather - Severe Wind,Weather - Unknown,Weather - Other,Weather - Other Text,Crash With,Highest Injury Severity Alleged,Property Damage?,CP Pre-Crash Movement,CP Any Air Bags Deployed?,CP Was Vehicle Towed?,CP Contact Area - Rear Left,CP Contact Area - Left,CP Contact Area - Front Left,CP Contact Area - Rear,CP Contact Area - Top,CP Contact Area - Front,CP Contact Area - Rear Right,CP Contact Area - Right,CP Contact Area - Front Right,CP Contact Area - Bottom,CP Contact Area - Unknown,SV Pre-Crash Movement,SV Any Air Bags Deployed?,SV Was Vehicle Towed?,SV Were All Passengers Belted?,SV Precrash Speed (MPH),SV Pre-crash Speed - Unknown,SV Contact Area - Rear Left,SV Contact Area - Left,SV Contact Area - Front Left,SV Contact Area - Rear,SV Contact Area - Top,SV Contact Area - Front,SV Contact Area - Rear Right,SV Contact Area - Right,SV Contact Area - Front Right,SV Contact Area - Bottom,SV Contact Area - Unknown,Data Availability - EDR,Data Availability - Police Rpt,Data Availability - Telematics,Data Availability - Complaints,Data Availability - Video,Data Availability - Other,Data Availability - No Data,Data Availability - Unknown,Law Enforcement Investigating?,Investigating Agency,Investigating Agency - Unknown,Rep Ent Or Mfr Investigating?,Investigating Officer Name,Inv. Officer Name - Unknown,Investigating Officer Phone,Inv. Officer Phone - Unknown,Investigating Officer Email,Inv. Officer Email - Unknown,Within ODD?,Within ODD? - CBI,Narrative,Narrative - CBI?
30531-3256,2,Transdev Alternative Services,10-Day Update,,,JUL-2022,SADHW2S16M1, ,N/A,Jaguar,I-Pace, ,2021, ,ef101729afc1d68,26479, ,In-Vehicle (Commercial / Test),5th Generation ADS, , ,, , ,, , ,, , ,,, , ,,,Yes,ADS,Waymo LLC, , ,Y, , , , , ,,JUN-2022, ,JUN-2022,12:50, ,729291cbc185f73,[MAY CONTAIN PERSONALLY IDENTIFIABLE INFORMATION], ,[MAY CONTAIN PERSONALLY IDENTIFIABLE INFORMATION], ,[MAY CONTAIN PERSONALLY IDENTIFIABLE INFORMATION], ,San Francisco, ,CA ,[MAY CONTAIN PERSONALLY IDENTIFIABLE INFORMATION], ,Parking Lot,Dry,No Unusual Conditions,25, ,Daylight,Y, , , , , , , ,,"Other, see Narrative",No Injuries Reported,Yes,"Other, see Narrative",Not Applicable,Not Applicable, , , , , , , , , , ,Y,Proceeding Straight,No,Yes,Yes,9, , , , , , , , , , ,Y, , , ,Y, ,Y,Y, , ,No,, ,Yes,, ,, ,, ,Yes, ,"A Waymo Autonomous Vehicle (""Waymo AV"") operating in San Francisco, CA made contact with a parking lot driveway.
The Waymo AV approached a parking lot. As the Waymo AV turned left and into the parking lot, the Waymo AV's undercarriage made contact with the driveway pavement (the AV did no contact any vehicle or road user). At the time of the contact, the Waymo AV's Level 4 ADS was engaged in autonomous mode, and a test driver was present (in the driver's seating position). The Waymo AV sustained minor undercarriage damage.
Transdev Alternative Services is reporting this crash under Request No. 1 of Standing General Order 2021-01 because a vehicle involved was towed away.  Transdev may supplement or correct its reporting with additional information as it may become available.  This report is a duplicate of WaymoLLC-[XXX].",
30270-3255,2,Waymo LLC,10-Day Update,,,JUL-2022,SADHW2S16M1, ,N/A,Jaguar,I-Pace, ,2021, ,ef101729afc1d68,26479, ,In-Vehicle (Commercial / Test),5th Generation ADS, , ,, , ,, , ,, , ,,, , ,,,Yes,ADS,Waymo LLC, , ,Y, , , , , ,,JUN-2022, ,JUN-2022,12:50, ,729291cbc185f73,[MAY CONTAIN PERSONALLY IDENTIFIABLE INFORMATION], ,[MAY CONTAIN PERSONALLY IDENTIFIABLE INFORMATION], ,[MAY CONTAIN PERSONALLY IDENTIFIABLE INFORMATION], ,San Francisco, ,CA ,[MAY CONTAIN PERSONALLY IDENTIFIABLE INFORMATION], ,Parking Lot,Dry,No Unusual Conditions,25, ,Daylight,Y, , , , , , , ,,"Other, see Narrative",No Injuries Reported,Yes,"Other, see Narrative",Not Applicable,Not Applicable, , , , , , , , , , ,Y,Proceeding Straight,No,Yes,Yes,9, , , , , , , , , , ,Y, , , ,Y, ,Y,Y, , ,No,, ,Yes,, ,, ,, ,Yes, ," A Waymo Autonomous Vehicle (""Waymo AV"") operating in San Francisco, CA made contact with a parking lot driveway.
The Waymo AV approached a parking lot on [XXX] A Waymo Autonomous Vehicle (""Waymo AV"") operating in San Francisco, CA made contact with a parking lot driveway.
The Waymo AV approached a parking lot on [XXX] between [XXX] and [XXX]. As the Waymo AV turned left and into the parking lot, the Waymo AV's undercarriage made contact with the driveway pavement (the AV did not contact any vehicle or road user). At the time of the contact, the Waymo AV's Level 4 ADS was engaged in autonomous mode, and a test driver was present (in the driver's seating position). The Waymo AV sustained minor undercarriage damage.
Waymo is reporting this crash under Request No. 1 of Standing General Order 2021-01 because a vehicle involved was towed away. Waymo may supplement or correct its reporting with additional information as it may become available. This report was submitted from the Pacific time zone on the required date.",
502-18,2,Ford Motor Company,10-Day Update,,,JUL-2022,3FA6P0MU3KR, ,N/A,Ford,Fusion, ,2019, ,2ad07e63259f51d,10722, ,In-Vehicle (Commercial / Test),"[REDACTED, MAY CONTAIN CONFIDENTIAL BUSINESS INFORMATION]", ,Y,, , ,, , ,, , ,,, , ,,,Yes,ADS,Argo AI, , , , ,Y,Y, , ,,JUL-2021, ,JUL-2021,09:26, ,f700288ccb3ad35,[MAY CONTAIN PERSONALLY IDENTIFIABLE INFORMATION], ,[MAY CONTAIN PERSONALLY IDENTIFIABLE INFORMATION], ,[MAY CONTAIN PERSONALLY IDENTIFIABLE INFORMATION], ,Washington DC, ,DC ,[MAY CONTAIN PERSONALLY IDENTIFIABLE INFORMATION], ,Street,Dry,No Unusual Conditions,25, ,Daylight,Y, , , , , , , ,,Pickup Truck,Minor,Yes,Proceeding Straight,No,No, , , , , ,Y, , , , , ,Stopped,No,Yes,Yes,0, , , , ,Y, , , , , , , , ,Y, , ,Y,Y, , ,Yes,Washington DC Metropolitan Police Department, ,Yes,[MAY CONTAIN PERSONALLY IDENTIFIABLE INFORMATION], ,[MAY CONTAIN PERSONALLY IDENTIFIABLE INFORMATION], ,[MAY CONTAIN PERSONALLY IDENTIFIABLE INFORMATION], ,"[REDACTED, MAY CONTAIN CONFIDENTIAL BUSINESS INFORMATION]",Y,"[REDACTED, MAY CONTAIN CONFIDENTIAL BUSINESS INFORMATION]",Y
540-3283,1,"General Motors, LLC",1-Day,,,JUL-2022,5G21A6P04L4, ,N/A,Cruise,AV, ,2020, ,7c5cce40a8c4c2d,26404, ,In-Vehicle and Remote (Commercial / Test),,Y, ,, , ,, , ,, , ,,, , ,,,Yes,ADS,Cruise LLC, , ,Y, ,Y,Y, , ,,JUN-2022, ,JUN-2022,10:49, ,1a8f11b1e58e6e7,[MAY CONTAIN PERSONALLY IDENTIFIABLE INFORMATION], ,[MAY CONTAIN PERSONALLY IDENTIFIABLE INFORMATION], ,[MAY CONTAIN PERSONALLY IDENTIFIABLE INFORMATION], ,San Francisco, ,CA ,[MAY CONTAIN PERSONALLY IDENTIFIABLE INFORMATION], ,Street,Dry,No Unusual Conditions,25, ,Daylight,Y, , , , , , , ,,Non-Motorist: Cyclist,Minor,Yes,Proceeding Straight,,, , , , , , , , , , , ,Proceeding Straight,No,No,Yes,19, ,Y, , , , , , , , , , ,Y, ,Y,Y,Y,Y, , ,No,, ,Yes,, ,, ,, ,"Unknown, see Narrative", ,"On June [XXX], 2022, GM Cruise Holdings LLC (""Cruise"") filed an Incident Report (the ""Report"") under the Standing General Order 2021-01 dated June 29, 2021 (the ""Order""). General Motors LLC (GM) manufactured the Cruise-operated motor vehicle involved in the incident summarized in the Incident Report. Because GM is also a Reporting Entity under the Order, GM is submitting a duplicate of the redacted public copy of the Report. GM has selected ""Unknown"" in the ""ADS version"" and ""ODD time"" fields solely to avoid a second submission of nonpublic Cruise CBI GM is in possession of Cruise's responses to these fields, and incorporates Cruise's responses into this submission by reference. GM's submission is based on facts supplied to GM by Cruise. GM has not investigated the alleged incident and currently believes, based on a reasonable inquiry, that it has no independent knowledge of the facts in the Report. (Reference file: 30412-3281-1)",
30412-3281,1,Cruise LLC,1-Day,,,JUN-2022,5G21A6P04L4, ,N/A,Cruise,AV, ,2020, ,7c5cce40a8c4c2d,26404, ,In-Vehicle and Remote (Commercial / Test),"[REDACTED, MAY CONTAIN CONFIDENTIAL BUSINESS INFORMATION]", ,Y,, , ,, , ,, , ,,, , ,,,Yes,ADS,Cruise LLC, , ,Y, ,Y,Y, , ,,JUN-2022, ,JUN-2022,10:49, ,1a8f11b1e58e6e7,[MAY CONTAIN PERSONALLY IDENTIFIABLE INFORMATION], ,[MAY CONTAIN PERSONALLY IDENTIFIABLE INFORMATION], ,[MAY CONTAIN PERSONALLY IDENTIFIABLE INFORMATION], ,San Francisco, ,CA ,[MAY CONTAIN PERSONALLY IDENTIFIABLE INFORMATION], ,Street,Dry,No Unusual Conditions,25, ,Daylight,Y, , , , , , , ,,Non-Motorist: Cyclist,Minor,Yes,Proceeding Straight,,, , , , , , , , , , , ,Proceeding Straight,No,No,Yes,19, ,Y, , , , , , , , , , ,Y, ,Y,Y,Y,Y, , ,No,, ,Yes,, ,, ,, ,"[REDACTED, MAY CONTAIN CONFIDENTIAL BUSINESS INFORMATION]",Y," A Cruise autonomous vehicle (""Cruise AV""), operating in supervised autonomous mode, was traveling eastbound on [XXX] between [XXX] between [XXX] and [XXX]. Following the intersection of [XXX] mid-block, while engaged in autonomous mode, a vehicle in an angled parking space on the right backed out into the same lane as the oncoming Cruise AV. The AV operator disengaged from autonomous into manual mode, and pulled to the left to avoid the vehicle backing up. At this time, contact by a cyclist was made at the rear driver side bumper of the Cruise AV. There were no reported injuries or damages at the scene by either party and police were not called. The following day on [XXX], the cyclist claimed damages and injuries related to the event. [REDACTED, MAY CONTAIN CONFIDENTIAL BUSINESS INFORMATION]",Y
30531-3256,1,Transdev Alternative Services,1-Day,,,JUN-2022,SADHW2S16M1, ,N/A,Jaguar,I-Pace, ,2021, ,ef101729afc1d68,,Y,In-Vehicle (Commercial / Test),5th Generation ADS, , ,, , ,, , ,, , ,,, , ,,,Yes,ADS,Waymo LLC, , ,Y, , , , , ,,JUN-2022, ,JUN-2022,,Y,729291cbc185f73,,Y,,Y,[MAY CONTAIN PERSONALLY IDENTIFIABLE INFORMATION], ,San Francisco, ,CA ,[MAY CONTAIN PERSONALLY IDENTIFIABLE INFORMATION], ,Parking Lot,Dry,No Unusual Conditions,,Y,Daylight,Y, , , , , , , ,,"Other, see Narrative",No Injuries Reported,Yes,"Other, see Narrative",Not Applicable,Not Applicable, , , , , , , , , , ,Y,Proceeding Straight,No,Yes,Yes,,Y, , , , , , , , , ,Y, , , ,Y, ,Y,Y, , ,No,, ,Yes,, ,, ,, ,Yes, ,"A Waymo Autonomous Vehicle (""Waymo AV"") operating in San Francisco, CA made contact with a parking lot driveway.
The Waymo AV approached a parking lot. As the Waymo AV turned left and into the parking lot, the Waymo AV's undercarriage made contact with the driveway pavement (the AV did no contact any vehicle or road user). At the time of the contact, the Waymo AV's Level 4 ADS was engaged in autonomous mode, and a test driver was present (in the driver's seating position). The Waymo AV sustained minor undercarriage damage.
Transdev Alternative Services is reporting this crash under Request No. 1 of Standing General Order 2021-01 because a vehicle involved was towed away.  Transdev may supplement or correct its reporting with additional information as it may become available.  This report is a duplicate of WaymoLLC-[XXX]).",
30270-3255,1,Waymo LLC,1-Day,,,JUN-2022,SADHW2S16M1, ,N/A,Jaguar,I-Pace, ,2021, ,ef101729afc1d68,,Y,In-Vehicle (Commercial / Test),5th Generation ADS, , ,, , ,, , ,, , ,,, , ,,,Yes,ADS,Waymo LLC, , ,Y, , , , , ,,JUN-2022, ,JUN-2022,,Y,729291cbc185f73,,Y,,Y,[MAY CONTAIN PERSONALLY IDENTIFIABLE INFORMATION], ,San Francisco, ,CA ,[MAY CONTAIN PERSONALLY IDENTIFIABLE INFORMATION], ,Parking Lot,Dry,No Unusual Conditions,,Y,Daylight,Y, , , , , , , ,,"Other, see Narrative",No Injuries Reported,Yes,"Other, see Narrative",Not Applicable,Not Applicable, , , , , , , , , , ,Y,Proceeding Straight,No,Yes,Yes,,Y, , , , , , , , , ,Y, , , ,Y, ,Y,Y, , ,No,, ,Yes,, ,, ,, ,Yes, ,"A Waymo Autonomous Vehicle (Waymo AV) operating in San Francisco, CA made contact with a parking lot driveway.
The Waymo AV approached a parking lot. As the Waymo AV turned left and into the parking lot, the Waymo AVs undercarriage made contact with the driveway pavement (the AV did not contact any vehicle or road user). At the time of the contact, the Waymo AVs Level 4 ADS was engaged in autonomous mode, and a test driver was present (in the drivers seating position). The Waymo AV sustained minor undercarriage damage.
Waymo is reporting this crash under Request No. 1 of Standing General Order 2021-01 because a vehicle involved was towed away. Waymo may supplement or correct its reporting with additional information as it may become available. This report was submitted from the Pacific time zone on the required date.",
502-3140,2,Ford Motor Company,10-Day Update,,,JUN-2022,1FMCU0DZ1LU, ,N/A,Ford,Escape, ,2020, ,5135f43efb33b58,1635, ,In-Vehicle (Commercial / Test),"[REDACTED, MAY CONTAIN CONFIDENTIAL BUSINESS INFORMATION]", ,Y,, , ,, , ,, , ,,, , ,,,Yes,ADS,Argo AI, , , , ,Y,Y, , ,,JUN-2022, ,JUN-2022,16:35, ,38c8a93b3f13949,[MAY CONTAIN PERSONALLY IDENTIFIABLE INFORMATION], ,[MAY CONTAIN PERSONALLY IDENTIFIABLE INFORMATION], ,[MAY CONTAIN PERSONALLY IDENTIFIABLE INFORMATION], ,Austin, ,TX ,[MAY CONTAIN PERSONALLY IDENTIFIABLE INFORMATION], ,Street,Dry,No Unusual Conditions,30, ,Daylight,Y, , , , , , , ,,Non-Motorist: Cyclist,No Injuries Reported,Yes,Proceeding Straight,,, , , , , , , , , , , ,Stopped,No,No,Yes,0, ,Y, , , , , , , , , , , , , , ,Y,Y, , ,No,, ,Yes,, ,, ,, ,"[REDACTED, MAY CONTAIN CONFIDENTIAL BUSINESS INFORMATION]",Y,"2022-06-[XXX] - Submission of 10-Day Update reported by Argo AI to Ford (Report # 30290-3135-2): Argo AI has not received notice of any material new or materially different information about this incident.
[REDACTED, MAY CONTAIN CONFIDENTIAL BUSINESS INFORMATION]",Y
30290-3135,2,Argo AI,10-Day Update,,,JUN-2022,1FMCU0DZ1LU, ,N/A,Ford,Escape, ,2020, ,5135f43efb33b58,1635, ,In-Vehicle (Commercial / Test),"[REDACTED, MAY CONTAIN CONFIDENTIAL BUSINESS INFORMATION]", ,Y,, , ,, , ,, , ,,, , ,,,Yes,ADS,Argo AI, , , , ,Y,Y, , ,,JUN-2022, ,JUN-2022,16:35, ,38c8a93b3f13949,[MAY CONTAIN PERSONALLY IDENTIFIABLE INFORMATION], ,[MAY CONTAIN PERSONALLY IDENTIFIABLE INFORMATION], ,[MAY CONTAIN PERSONALLY IDENTIFIABLE INFORMATION], ,Austin, ,TX ,[MAY CONTAIN PERSONALLY IDENTIFIABLE INFORMATION], ,Street,Dry,No Unusual Conditions,30, ,Daylight,Y, , , , , , , ,,Non-Motorist: Cyclist,No Injuries Reported,Yes,Proceeding Straight,,, , , , , , , , , , , ,Stopped,No,No,Yes,0, ,Y, , , , , , , , , , , , , , ,Y,Y, , ,No,, ,Yes,, ,, ,, ,"[REDACTED, MAY CONTAIN CONFIDENTIAL BUSINESS INFORMATION]",Y,2022-06-[XXX] - Submission of 10 Day Update for Report 30290-3135-1: Argo AI has not received notice of any material new or materially different information about this incident.,
30531-3227,1,Transdev Alternative Services,Monthly,5,2021,JUN-2022,SADHW2S1XM1, ,N/A,Jaguar,I-Pace, ,2021, ,4c109ee6f767a49,14770, ,In-Vehicle and Remote (Commercial / Test),5th Generation ADS, , ,, , ,, , ,, , ,,, , ,,,Yes,ADS,Waymo LLC, , ,Y, , , , , ,,MAY-2022, ,MAY-2022,13:26, ,922887c7b03509c,[MAY CONTAIN PERSONALLY IDENTIFIABLE INFORMATION], ,[MAY CONTAIN PERSONALLY IDENTIFIABLE INFORMATION], ,[MAY CONTAIN PERSONALLY IDENTIFIABLE INFORMATION], ,San Francisco, ,CA ,[MAY CONTAIN PERSONALLY IDENTIFIABLE INFORMATION], ,Intersection,Dry,No Unusual Conditions,25, ,Daylight,Y, , , , , , , ,,Passenger Car,No Injuries Reported,Yes,Proceeding Straight,No,No, , , , , , , , ,Y, , ,Making Left Turn,No,No,Yes,1, , , , ,Y, , , , , , , , , ,Y, ,Y,Y, , ,No,, ,Yes,, ,, ,, ,Yes, ,"On May [XXX], 2022 at 1:26 PM PST a Waymo Autonomous Vehicle (""Waymo AV"") operating in San Francisco, California was in a collision involving a passenger car on [XXX] at [XXX]. The Waymo AV was proceeding south on [XXX] in autonomous mode, and preparing to make a left turn onto [XXX]. As the Waymo AV entered the intersection, it slowed to yield to northbound traffic on [XXX]. A passenger car approached from behind and made contact with the rear of the Waymo AV. At the time of the impact, the Waymo AV's Level 4 ADS was engaged in autonomous mode, and a test driver was present (in the driver's seating position). Both vehicles sustained minor damage. Transdev Alternative Services is reporting this crash under Request No. 2 of Standing General Order 2021-01. Transdev may supplement or correct its reporting with additional information as it may become available. This report is a duplicate to WaymoLLC-2022[XXX]-0 (rev.20220615[XXX])",
30531-3226,1,Transdev Alternative Services,Monthly,5,2022,JUN-2022,SADHW2S16M1, ,N/A,Jaguar,I-Pace, ,2021, ,ff8de7fa92c0d5e,25651, ,In-Vehicle (Commercial / Test),5th Generation ADS, , ,, , ,, , ,, , ,,, , ,,,Yes,ADS,Waymo LLC, , ,Y, , , , , ,,MAY-2022, ,MAY-2022,09:19, ,d3012e172ec954c,[MAY CONTAIN PERSONALLY IDENTIFIABLE INFORMATION], ,[MAY CONTAIN PERSONALLY IDENTIFIABLE INFORMATION], ,[MAY CONTAIN PERSONALLY IDENTIFIABLE INFORMATION], ,San Francisco, ,CA ,[MAY CONTAIN PERSONALLY IDENTIFIABLE INFORMATION], ,Intersection,Dry,No Unusual Conditions,25, ,Daylight,Y, , , , , , , ,,SUV,No Injuries Reported,Yes,Proceeding Straight,No,No, , , , , , , , , , ,Y,Making Right Turn,No,No,Yes,0, ,Y, , , , , , , , , , , , ,Y, ,Y, , , ,No,, ,Yes,, ,, ,, ,Yes, ," On May [XXX], 2022 at 9:19 AM PST a Waymo Autonomous Vehicle (Waymo AV) operating in San Francisco, California was in a collision involving a SUV on [XXX] and [XXX].
The Waymo AV was attempting to make a right turn from [XXX] and [XXX].
 while yielding to a pedestrian in the adjacent crosswalk in autonomous mode. A SUV approaching from behind the Waymo AV passed on the left side, making contact with the Waymo AVs rear left sensor housing. The Waymo AV operator transitioned the system from autonomous to manual mode just before the moment of impact. The SUV immediately left the scene. At the time of the impact, the Waymo AVs Level 4 ADS was not engaged and a test driver was operating the Waymo AV in manual mode. The Waymo AV sustained minor damage.
Transdev Alternative Services is reporting this crash under Request No. 2 of Standing General Order 2021-01. Transdev may supplement or correct its reporting with additional information as it may become available. This report is a duplicate of WaymoLLC-[XXX].",
30531-3225,1,Transdev Alternative Services,Monthly,5,2022,JUN-2022,SADHW2S11M1, ,N/A,Jaguar,I-Pace, ,2021, ,8d1fad62a288528,16393, ,In-Vehicle (Commercial / Test),5th Generation ADS, , ,, , ,, , ,, , ,,, , ,,,Yes,ADS,Waymo LLC, , ,Y, , , , , ,,MAY-2022, ,MAY-2022,13:26, ,d91c576aa55da63,[MAY CONTAIN PERSONALLY IDENTIFIABLE INFORMATION], ,[MAY CONTAIN PERSONALLY IDENTIFIABLE INFORMATION], ,[MAY CONTAIN PERSONALLY IDENTIFIABLE INFORMATION], ,San Francisco, ,CA ,[MAY CONTAIN PERSONALLY IDENTIFIABLE INFORMATION], ,Intersection,Dry,No Unusual Conditions,35, ,Daylight,Y, , , , , , , ,,Pickup Truck,No Injuries Reported,Yes,Proceeding Straight,No,No, , ,Y, , , , , , , , ,Stopped,No,No,Yes,0, , , , , , , ,Y, , , , , , ,Y, ,Y,Y, , ,No,, ,Yes,, ,, ,, ,Yes, ," On May [XXX], 2022 at 1:26 PM PST a Waymo Autonomous Vehicle (Waymo AV) operating in San Francisco, California was in a collision involving a pickup truck at the northbound merge lane on the 100 block of [XXX]. 
While attempting a merge onto northbound [XXX] 
 from southbound [XXX] from southbound [XXX], the Waymo AV came to a stop to yield for approaching traffic on the right. While stopped, a pickup truck approached from behind and made contact with the rear bumper of the Waymo AV. At the time of the impact, the Waymo AVs Level 4 ADS was engaged in autonomous mode, and a test driver was present (in the drivers seating position). The Waymo AV sustained minor damage.
Transdev Alternative Services is reporting this crash under Request No. 2 of Standing General Order 2021-01. Transdev may supplement or correct its reporting with additional information as it may become available. This report is a duplicate to WaymoLLC-[XXX].",
30270-3221,1,Waymo LLC,Monthly,5,2022,JUN-2022,SADHW2S1XM1, ,N/A,Jaguar,I-Pace, ,2021, ,4c109ee6f767a49,14770, ,In-Vehicle (Commercial / Test),5th Generation ADS, , ,, , ,, , ,, , ,,, , ,,,Yes,ADS,Waymo LLC, , ,Y, , , , , ,,MAY-2022, ,MAY-2022,13:26, ,922887c7b03509c,[MAY CONTAIN PERSONALLY IDENTIFIABLE INFORMATION], ,[MAY CONTAIN PERSONALLY IDENTIFIABLE INFORMATION], ,[MAY CONTAIN PERSONALLY IDENTIFIABLE INFORMATION], ,San Francisco, ,CA ,[MAY CONTAIN PERSONALLY IDENTIFIABLE INFORMATION], ,Intersection,Dry,No Unusual Conditions,25, ,Daylight,Y, , , , , , , ,,Passenger Car,No Injuries Reported,Yes,Proceeding Straight,No,No, , , , , , , , ,Y, , ,Making Left Turn,No,No,Yes,1, , , , ,Y, , , , , , , , , ,Y, ,Y,Y, , ,No,, ,Yes,, ,, ,, ,Yes, ," On May [XXX], 2022 at 1:26 PM PST a Waymo Autonomous Vehicle (Waymo AV) operating in San Francisco, California was in a collision involving a passenger car on [XXX] at [XXX].
The Waymo AV was proceeding south on [XXX] at [XXX].
, [XXX] in autonomous mode, and preparing to make a left turn onto [XXX]. As the Waymo AV entered the intersection, it slowed to yield to northbound traffic on [XXX]. A passenger car approached from behind and made contact with the rear of the Waymo AV. At the time of the impact, the Waymo AVs Level 4 ADS was engaged in autonomous mode, and a test driver was present (in the drivers seating position). Both vehicles sustained minor damage.
Waymo is reporting this crash under Request No. 2 of Standing General Order 2021-01. Waymo may supplement or correct its reporting with additional information as it may become available. This report was submitted from the Pacific time zone on the required date.",
30270-3220,1,Waymo LLC,Monthly,5,2022,JUN-2022,SADHW2S16M1, ,N/A,Jaguar,I-Pace, ,2021, ,ff8de7fa92c0d5e,25651, ,In-Vehicle (Commercial / Test),5th Generation ADS, , ,, , ,, , ,, , ,,, , ,,,Yes,ADS,Waymo LLC, , ,Y, , , , , ,,MAY-2022, ,MAY-2022,09:19, ,d3012e172ec954c,[MAY CONTAIN PERSONALLY IDENTIFIABLE INFORMATION], ,[MAY CONTAIN PERSONALLY IDENTIFIABLE INFORMATION], ,[MAY CONTAIN PERSONALLY IDENTIFIABLE INFORMATION], ,San Francisco, ,CA ,[MAY CONTAIN PERSONALLY IDENTIFIABLE INFORMATION], ,Intersection,Dry,No Unusual Conditions,25, ,Daylight,Y, , , , , , , ,,SUV,No Injuries Reported,Yes,Proceeding Straight,No,No, , , , , , , , , , ,Y,Making Right Turn,No,No,Yes,0, ,Y, , , , , , , , , , , , ,Y, ,Y,Y, , ,No,, ,Yes,, ,, ,, ,Yes, ," On May [XXX], 2022 at 9:19 AM PST a Waymo Autonomous Vehicle (Waymo AV) operating in San Francisco, California was in a collision involving a SUV on [XXX] and [XXX].
The Waymo AV was attempting to make a right turn from [XXX] and [XXX] while yielding to a pedestrian in the adjacent crosswalk in autonomous mode. A SUV approaching from behind the Waymo AV passed on the left side, making contact with the Waymo AVs rear left sensor housing. The Waymo AV operator transitioned the system from autonomous to manual mode just before the moment of impact. The SUV immediately left the scene. At the time of the impact, the Waymo AVs Level 4 ADS was not engaged and a test driver was operating the Waymo AV in manual mode. The Waymo AV sustained minor damage.
Waymo is reporting this crash under Request No. 2 of Standing General Order 2021-01. Waymo may supplement or correct its reporting with additional information as it may become available. This report was submitted from the Pacific time zone on the required date.",
30270-3219,1,Waymo LLC,Monthly,5,2022,JUN-2022,SADHW2S11M1, ,N/A,Jaguar,I-Pace, ,2021, ,8d1fad62a288528,16393, ,In-Vehicle (Commercial / Test),5th Generation ADS, , ,, , ,, , ,, , ,,, , ,,,Yes,ADS,Waymo LLC, , ,Y, , , , , ,,MAY-2022, ,MAY-2022,13:26, ,d91c576aa55da63,[MAY CONTAIN PERSONALLY IDENTIFIABLE INFORMATION], ,[MAY CONTAIN PERSONALLY IDENTIFIABLE INFORMATION], ,[MAY CONTAIN PERSONALLY IDENTIFIABLE INFORMATION], ,San Francisco, ,CA ,[MAY CONTAIN PERSONALLY IDENTIFIABLE INFORMATION], ,Intersection,Dry,No Unusual Conditions,35, ,Daylight,Y, , , , , , , ,,Pickup Truck,No Injuries Reported,Yes,Proceeding Straight,No,No, , ,Y, , , , , , , , ,Stopped,No,No,Yes,0, , , , , , , ,Y, , , , , , ,Y, ,Y,Y, , ,No,, ,Yes,, ,, ,, ,Yes, ," On May [XXX], 2022 at 1:26 PM PST a Waymo Autonomous Vehicle (Waymo AV) operating in San Francisco, California was in a collision involving a pickup truck at the northbound merge lane on the 100 block of [XXX]. 
While attempting a merge onto northbound [XXX] 
 from southbound [XXX], the Waymo AV came to a stop to yield for approaching traffic on the right. While stopped, a pickup truck approached from behind and made contact with the rear bumper of the Waymo AV. At the time of the impact, the Waymo AVs Level 4 ADS was engaged in autonomous mode, and a test driver was present (in the drivers seating position). The Waymo AV sustained minor damage.
Waymo is reporting this crash under Request No. 2 of Standing General Order 2021-01. Waymo may supplement or correct its reporting with additional information as it may become available. This report was submitted from the Pacific time zone on the required date.",
10003-3210,1,"Navistar, Inc.",Monthly,6,2022,JUN-2022,3HSDZAPR6MN, ,N/A,International,LT625, ,2021, ,19fed228241ac11,78762, ,In-Vehicle (Commercial / Test),Test Version 04062022, , ,, , ,, , ,, , ,,, , ,,,Yes,"Unknown, see Narrative",TuSimple, , , , , , , ,Y,Self identified,APR-2022, ,APR-2022,15:52, ,59d489f93e681d4,[MAY CONTAIN PERSONALLY IDENTIFIABLE INFORMATION], ,[MAY CONTAIN PERSONALLY IDENTIFIABLE INFORMATION], ,[MAY CONTAIN PERSONALLY IDENTIFIABLE INFORMATION], ,Tucson, ,AZ ,[MAY CONTAIN PERSONALLY IDENTIFIABLE INFORMATION], ,Highway / Freeway,Dry,No Unusual Conditions,65, ,Daylight,Y, , , , , , , ,,Other Fixed Object,No Injuries Reported,Yes,,,, , , , , , , , , , , ,Proceeding Straight,No,No,Yes,65, , , ,Y, , , , , , , , , , , , ,Y,Y, , ,No,, ,No,, ,, ,, ,Yes, ,"All of the data in this report and the following text is an excerpt from TuSimples original submission (30370-2949-1) and constitutes Navistars sole understanding of this event.
TuSimple's position is that this event does not meet the criteria for reporting under the SGO.
Specifically, the L4 ADS was not in operation at any point in the 30 seconds prior to making contact with the concrete barrier.
The event occurred as follows:
As the truck was being operated on the highway, within its mapped ODD, the driver and test engineer attempted to engage the ADS.
However, the ADS was not functional at that moment due to the computer unit not having been initialized, and should not have been
attempted to be activated. In short, this was a failed attempt to engage the system as a result of human error.
The system has now been modified to prevent the ADS from attempting to engage unless the health of the system is fully functional to
prevent human error from repeating this event.
When the erroneous attempt to engage occurred, the uninitialized vehicle control unit rotated the steering to the left, causing the truck to
veer left. The safety driver took control of the steering, and was able to steer accordingly, but not before the left front truck tire and left
front quarter panel came into contact with the concrete barrier to the left of the lanes of travel.",