Report ID,Report Version,Reporting Entity,Report Type,Report Month,Report Year,Report Submission Date,VIN,VIN - Unknown,Serial Number,Make,Model,Model - Unknown,Model Year,Model Year - Unknown,Same Vehicle ID,Mileage,Mileage - Unknown,Driver / Operator Type,ADAS/ADS System Version,ADAS/ADS System Version - Unk,ADAS/ADS System Version CBI,ADAS/ADS Hardware Version,ADAS/ADS Hardware Version - Unk,ADAS/ADS Hardware Version CBI,ADAS/ADS Software Version,ADAS/ADS Software Version - Unk,ADAS/ADS Software Version CBI,Other Reporting Entities?,Other Reporting Entities? - Unk,Other Reporting Entities? - NA,Federal Regulatory Exemption?,Other Federal Reg. Exemption,Federal Reg. Exemption - Unk,Federal Reg. Exemption - No,State or Local Permit?,State or Local Permit,ADS Equipped?,Automation System Engaged?,Operating Entity,Operating Entity - Unknown,Source - Complaint/Claim,Source - Telematics,Source - Law Enforcement,Source - Field Report,Source - Testing,Source - Media,Source - Other,Source - Other Text,Incident Date,Incident Date - Unknown,Notice Received Date,Incident Time (24:00),Incident Time - Unknown,Same Incident ID,Latitude,Latitude - Unknown,Longitude,Longitude - Unknown,Address,Address - Unknown,City,City - Unknown,State,Zip Code,Zip Code - Unknown,Roadway Type,Roadway Surface,Roadway Description,Posted Speed Limit (MPH),Posted Speed Limit - Unknown,Lighting,Weather - Clear,Weather - Snow,Weather - Cloudy,Weather - Fog/Smoke,Weather - Rain,Weather - Severe Wind,Weather - Unknown,Weather - Other,Weather - Other Text,Crash With,Highest Injury Severity Alleged,Property Damage?,CP Pre-Crash Movement,CP Any Air Bags Deployed?,CP Was Vehicle Towed?,CP Contact Area - Rear Left,CP Contact Area - Left,CP Contact Area - Front Left,CP Contact Area - Rear,CP Contact Area - Top,CP Contact Area - Front,CP Contact Area - Rear Right,CP Contact Area - Right,CP Contact Area - Front Right,CP Contact Area - Bottom,CP Contact Area - Unknown,SV Pre-Crash Movement,SV Any Air Bags Deployed?,SV Was Vehicle Towed?,SV Were All Passengers Belted?,SV Precrash Speed (MPH),SV Pre-crash Speed - Unknown,SV Contact Area - Rear Left,SV Contact Area - Left,SV Contact Area - Front Left,SV Contact Area - Rear,SV Contact Area - Top,SV Contact Area - Front,SV Contact Area - Rear Right,SV Contact Area - Right,SV Contact Area - Front Right,SV Contact Area - Bottom,SV Contact Area - Unknown,Data Availability - EDR,Data Availability - Police Rpt,Data Availability - Telematics,Data Availability - Complaints,Data Availability - Video,Data Availability - Other,Data Availability - No Data,Data Availability - Unknown,Law Enforcement Investigating?,Investigating Agency,Investigating Agency - Unknown,Rep Ent Or Mfr Investigating?,Investigating Officer Name,Inv. Officer Name - Unknown,Investigating Officer Phone,Inv. Officer Phone - Unknown,Investigating Officer Email,Inv. Officer Email - Unknown,Within ODD?,Within ODD? - CBI,Narrative,Narrative - CBI?
30531-3064,1,Transdev Alternative Services,1-Day,,,MAY-2022,SADHW2S10M1, ,N/A,Jaguar,I-Pace, ,2021, ,783ba56d2d747d1,16836, ,In-Vehicle (Commercial / Test),,Y, ,, , ,, , ,, , ,,, , ,,,Yes,"Unknown, see Narrative",Waymo LLC, , ,Y, , , , , ,,MAY-2022, ,MAY-2022,01:16, ,237da70b740eca7,[MAY CONTAIN PERSONALLY IDENTIFIABLE INFORMATION], ,[MAY CONTAIN PERSONALLY IDENTIFIABLE INFORMATION], ,[MAY CONTAIN PERSONALLY IDENTIFIABLE INFORMATION], ,San Francisco, ,CA ,[MAY CONTAIN PERSONALLY IDENTIFIABLE INFORMATION], ,Intersection,Dry,No Unusual Conditions,25, ,Dark - Lighted,Y, , , , , , , ,,Motorcycle,No Injuries Reported,Yes,Proceeding Straight,No,No, , ,Y, , ,Y, , ,Y, , ,Stopped,No,No,Yes,0, ,Y, , , , , , , , , , , , ,Y, ,Y,Y, , ,No,, ,Yes,, ,, ,, ,Yes, ,"On May [XXX], 2022 at 1:16AM PST a Waymo Autonomous Vehicle (""Waymo AV"") operating in San Francisco, California was in a collision involving a motorcycle on [XXX] at [XXX].
While the Waymo AV was stopped at a red light on eastbound in the rightmost lane, a motorcycle approached the Waymo AV from behind and the front of the motorcycle made contact with the rear of the Waymo AV.
At the time of impact, the Waymo AV's Level 4 ADS was engaged in autonomous mode, and a test driver was present (in the driver's seating position). Both vehicles sustained minor damage.
Transdev Alternative Services is reporting this crash under Request No. 1 of Standing General Order 2021-01 because a motorcyclist was involved.  Transdev may supplement or correct its reporting with additional information as it may become available.  This report is a duplicate of WaymoLLC-202205[XXX]-0 (rev.202205[XXX]215904).",
30270-3057,1,Waymo LLC,1-Day,,,MAY-2022,SADHW2S15M1, ,N/A,Jaguar,I-Pace, ,2021, ,c690f79b5f85c4b,32794, ,In-Vehicle (Commercial / Test),5th Generation ADS, , ,, , ,, , ,, , ,,, , ,,,Yes,ADS,Waymo LLC, , ,Y, , , , , ,,MAY-2022, ,MAY-2022,02:30, ,387240601466c07,[MAY CONTAIN PERSONALLY IDENTIFIABLE INFORMATION], ,[MAY CONTAIN PERSONALLY IDENTIFIABLE INFORMATION], ,[MAY CONTAIN PERSONALLY IDENTIFIABLE INFORMATION], ,Phoenix, ,AZ ,[MAY CONTAIN PERSONALLY IDENTIFIABLE INFORMATION], ,Intersection,Dry,No Unusual Conditions,35, ,Dark - Lighted,Y, , , , , , , ,,Passenger Car,Unknown,Yes,Proceeding Straight,Yes,Yes, ,Y,Y, , ,Y, , ,Y, , ,Stopped,No,Yes,Yes,0, ,Y,Y, ,Y, , , , , , , , , ,Y, ,Y,Y, , ,Yes,Phoenix Police Department, ,Yes,[MAY CONTAIN PERSONALLY IDENTIFIABLE INFORMATION], ,,Y,,Y,Yes, ,"On May [XXX], 2022 at 2:30 AM PST a Waymo Autonomous Vehicle (""Waymo AV"") operating in Phoenix, Arizona was in a collision involving a passenger vehicle on [XXX] at the [XXX] West onramp. 
While the Waymo AV was stopped at a red light on southbound [XXX] in the rightmost through lane, a passenger vehicle approached the Waymo AV from behind and the right front of the passenger vehicle made contact with the left rear of the Waymo AV. At the time of the impact, the Waymo AV""s Level 4 ADS was engaged in autonomous mode and a test driver was present (in the driver's seating position). Both vehicles sustained major damage. The driver of the other vehicle was transported from the scene to a hospital for medical treatment.
Waymo is reporting this crash under Request No. 1 of Standing General Order 2021-01 because a vehicle involved was towed away, the crash resulted in airbag deployment, and the driver of the other vehicle was transported from the scene to a hospital for medical treatment. Waymo may supplement or correct its reporting with additional information as it may become available. This report was submitted from the Pacific time zone on the required date.",
30270-3056,1,Waymo LLC,1-Day,,,MAY-2022,SADHW2S10M1, ,N/A,Jaguar,I-Pace, ,2021, ,4d3dc5f194fb109,30050, ,In-Vehicle (Commercial / Test),5th Generation ADS, , ,, , ,, , ,, , ,,, , ,,,Yes,ADS,Waymo LLC, , ,Y, , , , , ,,MAY-2022, ,MAY-2022,01:43, ,a4f3fd3c322db7a,[MAY CONTAIN PERSONALLY IDENTIFIABLE INFORMATION], ,[MAY CONTAIN PERSONALLY IDENTIFIABLE INFORMATION], ,[MAY CONTAIN PERSONALLY IDENTIFIABLE INFORMATION], ,Phoenix, ,AZ ,[MAY CONTAIN PERSONALLY IDENTIFIABLE INFORMATION], ,Parking Lot,Dry,No Unusual Conditions,25, ,Dark - Lighted,Y, , , , , , , ,,"Other, see Narrative",No Injuries Reported,Yes,"Other, see Narrative",Not Applicable,Not Applicable, , , , ,Y, , , , , , ,Making Left Turn,No,Yes,Yes,9, , , , , , , , , , ,Y, , , ,Y, ,Y,Y, , ,No,, ,Yes,, ,, ,, ,Yes, ,"On May [XXX], 2022 at 1:43AM PST a Waymo Autonomous Vehicle (""Waymo AV"") operating in Phoenix, Arizona made contact with a parking lot driveway on the 700 block of East [XXX]. 
The Waymo AV was traveling westbound on East [XXX] in autonomous mode when it approached a parking lot on the left side of the street. As the Waymo AV turned left and into the parking lot, the Waymo AV's undercarriage made contact with the driveway pavement (the AV did not contact any vehicle or road user). At the time of the contact, the Waymo AV's Level 4 ADS was engaged in autonomous mode, and a test driver was present (in the driver's seating position). The Waymo AV sustained minor undercarriage damage.
Waymo is reporting this crash under Request No. 1 of Standing General Order 2021-01 because the Waymo AV was towed away. Waymo may supplement or correct its reporting with additional information as it may become available. This report was submitted from the Pacific time zone on the required date.",
30270-3055,1,Waymo LLC,1-Day,,,MAY-2022,SADHW2S10M1, ,N/A,Jaguar,I-PACE, ,2021, ,783ba56d2d747d1,16836, ,In-Vehicle (Commercial / Test),5th Generation ADS, , ,, , ,, , ,, , ,,, , ,,,Yes,ADS,Waymo LLC, , ,Y, , , , , ,,MAY-2022, ,MAY-2022,01:16, ,237da70b740eca7,[MAY CONTAIN PERSONALLY IDENTIFIABLE INFORMATION], ,[MAY CONTAIN PERSONALLY IDENTIFIABLE INFORMATION], ,[MAY CONTAIN PERSONALLY IDENTIFIABLE INFORMATION], ,San Francisco, ,CA ,[MAY CONTAIN PERSONALLY IDENTIFIABLE INFORMATION], ,Intersection,Dry,No Unusual Conditions,25, ,Dark - Lighted,Y, , , , , , , ,,Motorcycle,No Injuries Reported,Yes,Proceeding Straight,No,No, , ,Y, , ,Y, , ,Y, , ,Stopped,No,No,Yes,0, ,Y, , , , , , , , , , , , ,Y, ,Y,Y, , ,No,, ,Yes,, ,, ,, ,Yes, ,"On May [XXX], 2022 at 1:16AM PST a Waymo Autonomous Vehicle ('Waymo AV') operating in San Francisco, California was in a collision involving a motorcycle on [XXX] at [XXX].
While the Waymo AV was stopped at a red light on eastbound [XXX] in the rightmost lane, a motorcycle approached the Waymo AV from behind and the front of the motorcycle made contact with the rear of the Waymo AV.
At the time of the impact, the Waymo AV's Level 4 ADS was engaged in autonomous mode, and a test driver was present (in the driver's seating position). Both vehicles sustained minor damage.
Waymo is reporting this crash under Request No. 1 of Standing General Order 2021-01 because a motorcyclist was involved. Waymo may supplement or correct its reporting with additional information as it may become available. This report was submitted from the Pacific time zone on the required date.",
30531-2902,2,Transdev Alternative Services,10-Day Update,,,MAY-2022,1XPBD49X6ND, ,N/A,Peterbilt,579 Epiq, ,2022, ,c59cc1317356bf4,58117, ,In-Vehicle (Commercial / Test),,Y, ,, , ,, , ,, , ,,, , ,,,Yes,ADS,Waymo LLC, , ,Y, , , , , ,,MAY-2022, ,MAY-2022,15:11, ,469cd8d228115fc,[MAY CONTAIN PERSONALLY IDENTIFIABLE INFORMATION], ,[MAY CONTAIN PERSONALLY IDENTIFIABLE INFORMATION], ,[MAY CONTAIN PERSONALLY IDENTIFIABLE INFORMATION], ,Ennis, ,TX ,[MAY CONTAIN PERSONALLY IDENTIFIABLE INFORMATION], ,Highway / Freeway,Dry,No Unusual Conditions,65, ,Daylight,Y, , , , , , , ,,Heavy Truck,Moderate,Yes,Changing Lanes,No,No, , , , , , ,Y, , , , ,Proceeding Straight,No,Yes,Yes,62, , , ,Y, , , , , , , , , , ,Y, ,Y,Y, , ,Yes,Ennis Police Department, ,Yes,[MAY CONTAIN PERSONALLY IDENTIFIABLE INFORMATION], ,[MAY CONTAIN PERSONALLY IDENTIFIABLE INFORMATION], ,[MAY CONTAIN PERSONALLY IDENTIFIABLE INFORMATION], ,"Unknown, see Narrative", ,"Other than noting that the vehicle that struck the Waymo AV had encountered tire debris in its lane, the content of this report is unchanged from the initial report submitted on May [XXX], 2022 [Report ID # 30531-[XXX]-1]
On May [XXX], 2022 at 3:11 PM PST a Waymo Autonomous Vehicle (Waymo AV) Peterbilt Class 8 semi-truck and trailer, operating in Ennis, Texas was in a collision involving a Class 8 semi-truck and trailer on northbound [XXX] near [XXX]. 
The Waymo AV was traveling in autonomous mode in the rightmost lane on Interstate [XXX] when a Class 8 semi-truck and trailer began to pass it in the adjacent left lane. Before the adjacent Class 8 semi-truck and trailer had fully passed the Waymo AV, it executed a right lane change and its trailer (the right side, rear section) entered the lane in which the Waymo AV was traveling and made contact with the driver side of the Waymo AV cab. The Waymo AV transitioned to manual mode and the test driver took control. The Waymo AV exited the roadway to the right shoulder of the road and came to a stop off of the roadway. At the time of the impact, the Waymo AV's ADS was engaged in autonomous mode, and a test driver was present (in the driver's seating position). The Waymo AV sustained moderate damage and the third-party Class 8 semi-truck and trailer did not stop to exchange information. The Waymo AV test driver was transported for medical care and the Waymo AV software operator, seated in the passenger seat, later sought medical attention. 
Transdev Alternative Services is reporting this crash under Request No. 1 of Standing General Order 2021-01 because an individual involved in the crash was transported from the scene to a hospital for medical treatment and a vehicle involved was towed away. Transdev may supplement or correct its reporting with additional information as it may become available. 
This report is identical to WaymoLLC-202205[XXX]-0 (rev.202205[XXX]603622)",
30270-2895,2,Waymo LLC,10-Day Update,,,MAY-2022,1XPBD49X6ND, ,N/A,Peterbilt,579 Epiq, ,2022, ,c59cc1317356bf4,58117, ,In-Vehicle (Commercial / Test),5th Generation ADS, , ,, , ,, , ,, , ,,, , ,,,Yes,ADS,Waymo LLC, , ,Y, , , , , ,,MAY-2022, ,MAY-2022,15:11, ,469cd8d228115fc,[MAY CONTAIN PERSONALLY IDENTIFIABLE INFORMATION], ,[MAY CONTAIN PERSONALLY IDENTIFIABLE INFORMATION], ,[MAY CONTAIN PERSONALLY IDENTIFIABLE INFORMATION], ,Ennis, ,TX ,[MAY CONTAIN PERSONALLY IDENTIFIABLE INFORMATION], ,Highway / Freeway,Dry,No Unusual Conditions,65, ,Daylight,Y, , , , , , , ,,Heavy Truck,Moderate,Yes,Changing Lanes,No,No, , , , , , ,Y, , , , ,Proceeding Straight,No,Yes,Yes,62, , , ,Y, , , , , , , , , , ,Y, ,Y,Y, , ,Yes,Ennis Police Department, ,Yes,[MAY CONTAIN PERSONALLY IDENTIFIABLE INFORMATION], ,[MAY CONTAIN PERSONALLY IDENTIFIABLE INFORMATION], ,[MAY CONTAIN PERSONALLY IDENTIFIABLE INFORMATION], ,Yes, ,"Other than noting that the vehicle that struck the Waymo AV had encountered tire debris in its lane, the content of this report is unchanged from the initial report submitted on May [XXX], 2022 [Report ID # 30270-[XXX]-1]. 
On May [XXX], 2022 at 3:11 PM PST a Waymo Autonomous Vehicle (Waymo AV) Peterbilt Class 8 semi-truck and trailer, operating in Ennis, Texas was in a collision involving a Class 8 semi-truck and trailer on northbound Interstate [XXX] near [XXX]. 
The Waymo AV was traveling in autonomous mode in the rightmost lane on Interstate [XXX] when a Class 8 semi-truck and trailer began to pass it in the adjacent left lane. Before the adjacent Class 8 semi-truck and trailer had fully passed the Waymo AV, it encountered tire debris in its lane, executed a right lane change, and its trailer (the right side, rear section) entered the lane in which the Waymo AV was traveling and made contact with the driver side of the Waymo AV cab. The Waymo AV transitioned to manual mode and the test driver took control. The Waymo AV exited the roadway to the right shoulder of the road and came to a stop off of the roadway. At the time of the impact, the Waymo AV's ADS was engaged in autonomous mode, and a test driver was present (in the driver's seating position). The Waymo AV sustained moderate damage and the third-party Class 8 semi-truck and trailer did not stop to exchange information. The Waymo AV test driver was transported for medical care and the Waymo AV software operator, seated in the passenger seat, later sought medical attention. 
Waymo is reporting this crash under Request No. 1 of Standing General Order 2021-01 because an individual involved in the crash was transported from the scene to a hospital for medical treatment and a vehicle involved was towed away. Waymo may supplement or correct its reporting with additional information as it may become available. This report was submitted from the Pacific time zone on the required date.",
30270-3011,1,Waymo LLC,Monthly,4,2022,MAY-2022,SADHW2S19M1, ,N/A,Jaguar,I-Pace, ,2021, ,778fffc33261129,27380, ,In-Vehicle (Commercial / Test),5th Generation ADS, , ,, , ,, , ,, , ,,, , ,,,Yes,ADS,Waymo LLC, , ,Y, , , , , ,,APR-2022, ,APR-2022,06:37, ,0154ad8a3896f31,[MAY CONTAIN PERSONALLY IDENTIFIABLE INFORMATION], ,[MAY CONTAIN PERSONALLY IDENTIFIABLE INFORMATION], ,[MAY CONTAIN PERSONALLY IDENTIFIABLE INFORMATION], ,San Francisco, ,CA ,[MAY CONTAIN PERSONALLY IDENTIFIABLE INFORMATION], ,Street,Dry,No Unusual Conditions,25, ,Daylight,Y, , , , , , , ,,Pickup Truck,No Injuries Reported,Yes,Entering Traffic,No,No, , , , , , , , ,Y, , ,Proceeding Straight,No,No,Yes,17, , , ,Y, , , , , , , , , , ,Y, ,Y,Y, , ,No,, ,Yes,, ,, ,, ,Yes, ,"On April [XXX], 2022 at 6:37 AM PST a Waymo Autonomous Vehicle ('Waymo AV') operating in San Francisco, California was in a collision involving a pickup truck on [XXX] at [XXX].
The Waymo AV was proceeding straight in manual in the left lane of [XXX] (a one-way street). After passing through the [XXX] intersection, a parked pickup truck on the left side of [XXX] pulled out of the parked position and made contact with the front left fender of the passing Waymo AV. At the time of the impact, the Waymo AV's Level 4 ADS was not engaged and a test driver was operating the Waymo AV in manual mode. Both vehicles sustained minor damage.
Waymo is reporting this crash under Request No. 2 of Standing General Order 2021-01. Waymo may supplement or correct its reporting with additional information as it may become available. This report was submitted from the Pacific time zone on the required date.",
30270-3010,1,Waymo LLC,Monthly,4,2022,MAY-2022,SADHW2S17M1, ,N/A,Jaguar,I-Pace, ,2021, ,abe8cab2679e248,21755, ,In-Vehicle (Commercial / Test),5th Generation ADS, , ,, , ,, , ,, , ,,, , ,,,Yes,ADS,Waymo LLC, , ,Y, , , , , ,,APR-2022, ,APR-2022,23:30, ,5eaff10802702c1,[MAY CONTAIN PERSONALLY IDENTIFIABLE INFORMATION], ,[MAY CONTAIN PERSONALLY IDENTIFIABLE INFORMATION], ,[MAY CONTAIN PERSONALLY IDENTIFIABLE INFORMATION], ,Phoenix, ,AZ ,[MAY CONTAIN PERSONALLY IDENTIFIABLE INFORMATION], ,Street,Dry,No Unusual Conditions,25, ,Dark - Lighted,Y, , , , , , , ,,Animal,No Injuries Reported,Yes,"Other, see Narrative",,, , , , , , , , , , , ,Proceeding Straight,No,No,Yes,24, , , , , , ,Y, , , , , , , ,Y, ,Y,Y, , ,No,, ,Yes,, ,, ,, ,Yes, ,"On April [XXX], 2022 at 11:30 PM PST a Waymo Autonomous Vehicle ('Waymo AV') operating in Phoenix, Arizona was in a collision involving an animal on [XXX] just past [XXX]. 
The Waymo AV was operating in autonomous mode on northbound [XXX] and had just passed [XXX] when a cat entered the street from the adjacent right curb. The Waymo AV then made contact with the cat. The Waymo AV braked and the Waymo AV test driver took manual control and brought the Waymo AV to a stop. At the time of the impact, the Waymo AV's Level 4 ADS was engaged in autonomous mode, and a test driver was present (in the driver's seating position). The Waymo AV did not sustain any damage and the cat was found to be deceased; the cat did not have any identification tags or other signs of ownership.
Waymo is reporting this crash under Request No. 2 of Standing General Order 2021-01. Waymo may supplement or correct its reporting with additional information as it may become available. This report was submitted from the Pacific time zone on the required date.",
30270-3009,1,Waymo LLC,Monthly,4,2022,MAY-2022,SADHW2S10M1, ,N/A,Jaguar,I-Pace, ,2021, ,2a870b4e4109a7b,19635, ,In-Vehicle (Commercial / Test),5th Generation ADS, , ,, , ,, , ,, , ,,, , ,,,Yes,ADS,Waymo LLC, , ,Y, , , , , ,,APR-2022, ,APR-2022,8:14, ,fd2808a42e30ceb,[MAY CONTAIN PERSONALLY IDENTIFIABLE INFORMATION], ,[MAY CONTAIN PERSONALLY IDENTIFIABLE INFORMATION], ,[MAY CONTAIN PERSONALLY IDENTIFIABLE INFORMATION], ,San Francisco, ,CA ,[MAY CONTAIN PERSONALLY IDENTIFIABLE INFORMATION], ,Intersection,Dry,No Unusual Conditions,25, ,Daylight,Y, , , , , , , ,,Passenger Car,No Injuries Reported,Yes,Proceeding Straight,No,No, , ,Y, , ,Y, , ,Y, , ,Stopped,No,No,Yes,0, ,Y, , ,Y, , ,Y, , , , , , ,Y, ,Y,Y, , ,No,, ,Yes,, ,, ,, ,Yes, ,"On April [XXX], 2022 at 8:14 AM PST a Waymo Autonomous Vehicle ('Waymo AV') operating in San Francisco, California was in a collision involving a passenger vehicle on [XXX] and [XXX]. 
The Waymo AV was stopped at a red light facing northeast on [XXX] in autonomous mode. While the light was still red, a passenger vehicle that had been stopped behind the Waymo AV began to move forward and made contact with the rear of the Waymo AV. At the time of the impact, the Waymo AV's Level 4 ADS was engaged in autonomous mode, and a test driver was present (in the driver's seating position). The Waymo AV sustained minor damage.
Waymo is reporting this crash under Request No. 2 of Standing General Order 2021-01. Waymo may supplement or correct its reporting with additional information as it may become available. This report was submitted from the Pacific time zone on the required date.",
30610-2913,1,"Zoox, Inc.",Monthly,4,2022,MAY-2022,5TDDCRFH7GS, ,N/A,Toyota,Highlander, ,2016, ,b945b25a6ee0e06,80506, ,In-Vehicle (Commercial / Test),95.22.04.22, , ,, , ,, , ,, , ,,, , ,,,Yes,ADS,Zoox, , ,Y, ,Y,Y, , ,,APR-2022, ,APR-2022,05:55, ,96436de08bdb31e,[MAY CONTAIN PERSONALLY IDENTIFIABLE INFORMATION], ,[MAY CONTAIN PERSONALLY IDENTIFIABLE INFORMATION], ,[MAY CONTAIN PERSONALLY IDENTIFIABLE INFORMATION], ,San Francisco, ,CA ,[MAY CONTAIN PERSONALLY IDENTIFIABLE INFORMATION], ,Intersection,Dry,No Unusual Conditions,25, ,Daylight,Y, , , , , , , ,,Passenger Car,No Injuries Reported,Yes,Changing Lanes,Unknown,Unknown, , , , , , , , , , ,Y,Proceeding Straight,No,No,Yes,8, ,Y, , ,Y, , ,Y, , , , ,Y, ,Y, ,Y, , , ,No,, ,No,, ,, ,, ,Yes, ,"A Zoox vehicle in autonomous mode was proceeding straight through the intersection of [XXX]. and [XXX]. when it was rear-ended by a passenger vehicle that was switching lanes and made contact with the Zoox vehicle's rear sensors. The other party left the scene. The police were not called, and there were no injuries.",
502-2973,1,Ford Motor Company,No New or Updated Incident Reports,5,2022,MAY-2022,, ,,,, ,, , ,, ,,, , ,, , ,, , ,, , ,,, , ,,,,,, , , , , , , , ,,, ,,, , ,, ,, ,, ,, ,,, ,,,,, ,, , , , , , , , ,,,,,,,, , , , , , , , , , , ,,,,,, , , , , , , , , , , , , , , , , , ,, ,,, ,,, ,, ,, ,, ,,
30711-2862,1,Pony.ai,Monthly,5,2022,MAY-2022,KM8K23AG5LU, ,N/A,Hyundai,Kona EV, ,2020, ,47e9d5989e5a912,18430, ,In-Vehicle (Commercial / Test),L4, , ,, , ,, , ,, , ,,, , ,,,Yes,ADS,Pony.ai, , , , ,Y, , , ,,APR-2022, ,APR-2022,9:00, ,e02ac2db7471ebc,[MAY CONTAIN PERSONALLY IDENTIFIABLE INFORMATION], ,[MAY CONTAIN PERSONALLY IDENTIFIABLE INFORMATION], ,[MAY CONTAIN PERSONALLY IDENTIFIABLE INFORMATION], ,Miliptas, ,CA ,[MAY CONTAIN PERSONALLY IDENTIFIABLE INFORMATION], ,Parking Lot,Wet,No Unusual Conditions,,Y,Daylight, , ,Y, ,Y, , , ,,Passenger Car,No Injuries Reported,Yes,Backing,No,No, , , ,Y, , , , , , , ,Stopped,No,No,Yes,0, , ,Y, , , , , , , , , , , ,Y, ,Y, , , ,No,, ,Yes,, ,, ,, ,Yes, ,"On April [XXX], 2022, while operating in autonomous mode with a safety operator in the driver's seat, a Pony.ai Autonomous Vehicle was parked in a parking lot when a passenger vehicle reversed into the Pony.ai vehicle. The Pony.ai vehicle sustained minor damage to the driver's side rear door. There were no injuries, the police were not called to the scene, and the Pony.ai vehicle was driven back to Pony.ai's Fremont facility.",
30370-2949,1,TuSimple,Monthly,4,2022,MAY-2022,3HSDZAPR6MN, ,N/A,INTERNATIONAL,LT 625, ,2021, ,19fed228241ac11,78762, ,In-Vehicle (Commercial / Test),Test Version 04062022, , ,, , ,, , ,, , ,,, , ,,,Yes,"Unknown, see Narrative",TuSimple, , , , , , , ,Y,Self identified,APR-2022, ,APR-2022,15:52, ,59d489f93e681d4,[MAY CONTAIN PERSONALLY IDENTIFIABLE INFORMATION], ,[MAY CONTAIN PERSONALLY IDENTIFIABLE INFORMATION], ,[MAY CONTAIN PERSONALLY IDENTIFIABLE INFORMATION], ,Tucson, ,AZ ,[MAY CONTAIN PERSONALLY IDENTIFIABLE INFORMATION], ,Highway / Freeway,Dry,No Unusual Conditions,65, ,Daylight,Y, , , , , , , ,,Other Fixed Object,No Injuries Reported,Yes,,,, , , , , , , , , , , ,Proceeding Straight,No,No,Yes,65, , , ,Y, , , , , , , , , , , , ,Y,Y, , ,No,, ,No,, ,, ,, ,Yes, ,"TuSimple's position is that this event does not meet the criteria for reporting under the SGO.
Specifically, the L4 ADS was not in operation at any point in the 30 seconds prior to making contact with the concrete barrier.  
 
The event occurred as follows:
As the truck was being operated on the highway, within its mapped ODD, the driver and test engineer attempted to engage the ADS.  However, the ADS was not functional at that moment due to the computer unit not having been initialized, and should not have been attempted to be activated.  In short, this was a failed attempt to engage the system as a result of human error.  
 
The system has now been modified to prevent the ADS from attempting to engage unless the health of the system is fully functional to prevent human error from repeating this event.
 
When the erroneous attempt to engage occurred, the uninitialized vehicle control unit rotated the steering to the left, causing the truck to veer left.  The safety driver took control of the steering, and was able to steer accordingly, but not before the left front truck tire and left front quarter panel came into contact with the concrete barrier to the left of the lanes of travel.  
 
The contact resulted in a scuff to the left tire and damage to the radar unit extending from the left quarter panel.",